Tuoi,GioiTinh,Glucose,HbA1C,Cholesterol,HDL,LDL,Triglycerid,Creatinine,Ure,AcidUric,AST,ALT,NguyCoTieuDuong
62,Nữ,11.9,8.025,5.5,1.6,3.45,2.1,80.1,7.7,426.2,61,29.4,TRUE
30,Nam,4.8,8025,5.5,1.6,3.45,2.1,88.5,4.5,426.2,27.3,11,FALSE
24,Nam,7,8.025,5.5,1.6,3.45,2.1,53.2,5.3,,,10.9,TRUE
,Nam,5.4,8.025,5.5,1.6,3.45,2.1,59.5,5.3,426.2,13.8,12.3,FALSE
42,Nam,5.1,8.025,5.5,1.6,3.45,2.1,74.4,5.3,426.2,15.4,18.1,FALSE
47,Nữ,5.9,8.025,5.5,1.6,3.45,2.1,,5.3,426.2,22,20.1,FALSE
66,Female,5.4,,5.5,1.6,3.45,,209.4,6.5,582.3,28.7,41,FALSE
64,Nữ,6.9,8.025,,1.6,3.45,2.1,106.7,5.9,426.2,26.4,22.8,FALSE
17,Nam,5.6,8.025,5.5,1.6,3.45,2.1,56.1,5.3,426.2,31.5,13.5,FALSE
96,Nữ,8.9,8.025,5.5,1.6,3.45,2.1,206.5,18.6,,21.2,23.6,1
57,Female,750,8.025,5.5,1.6,3.45,2.1,116.9,5.3,426.2,18.6,13,TRUE
28,Nam,4.6,8.025,5.5,1.6,3.45,2.1,55.2,2.9,426.2,20,12.1,FALSE
43,Male,4.1,8.025,55,1.6,3.45,2.1,55.8,5.3,426.2,22.3,25.7,FALSE
62,Nam,8.7,8.025,5.5,1.6,3.45,2.1,82.5,3.9,426.2,26.3,20.3,TRUE
49,Nữ,6.6,8.025,5.8,1.6,3.45,4.3,96.1,5.3,426.2,61.5,119.1,0
33,Nam,59,8.025,5.5,1.6,3.45,2.1,79.5,5.3,426.2,104.6,18,FALSE
20,Nữ,5.2,8.025,5.5,1.6,3.45,2.1,121.8,5.8,426.2,50,32.3,FALSE
26,,5.6,8.025,5.5,1.6,3.45,,89,5.3,426.2,25.3,,FALSE
70,Female,5.5,8.025,5.5,1.6,3.45,2.1,121.5,16.7,426.2,37,28.9,FALSE
49,Nữ,17.1,,5.5,1.6,3.45,2.1,59.4,5.3,426.2,116.6,82.4,TRUE
52,Male,5.8,8.025,5.5,1.6,3.45,2.1,65.2,5.3,426.2,22.3,22.5,FALSE
56,Nữ,5.7,8.025,5.5,1.6,3.45,2.1,67.9,6.4,426.2,42,47.2,FALSE
66,Nam,10.4,8.025,5.9,1.6,3.45,2.8,57.6,5.3,426.2,,18,Có nguy cơ
2,Nữ,5.6,8.025,5.5,1.6,3.45,2.1,41.3,2.1,426.2,34.2,14.7,FALSE
35,Nữ,5.6,8.025,5.5,1.6,,2.1,61.4,5.8,426.2,92.4,87.8,FALSE
33,Nữ,5.2,8.025,5.5,1.6,3.45,2.1,61.1,5.4,426.2,36.9,25.2,Không có nguy cơ
34,Nữ,5.3,8.025,5.6,1.6,3.45,2.6,80.9,5.3,426.2,30,33.7,FALSE
35,Nam,4.9,8.025,5.5,1.6,3.45,2.1,60.8,5.3,426.2,21.6,16.1,FALSE
20,Nam,5,8.025,5.5,1.6,3.45,2.1,58,5.3,426.2,18.2,12.4,FALSE
30,Male,5.6,8.025,6,1.6,3.45,2.2,85.2,5.3,426.2,20.5,17.1,FALSE
37,Nam,8,8.025,5.5,1.6,3.45,2.1,69.1,5.3,426.2,20.8,17,TRUE
37,Nam,7,8.025,5.5,1.6,3.45,2.1,55.6,5.3,426.2,22.3,33.8,TRUE
53,Nữ,10.1,8.025,5.5,1.6,3.45,2.1,80.4,5.3,426.2,226.4,197.1,TRUE
15,Nữ,6.2,8.025,5.5,1.6,3.45,2.1,67.2,5.3,426.2,30.8,31.7,FALSE
24,,3.6,8.025,5.5,1.6,3.45,2.1,60.4,5.3,426.2,21.3,11.9,FALSE
22,Nam,5,8.025,5.5,1.6,3.45,2.1,63,5.3,426.2,16.2,14.8,FALSE
72,Nữ,7.6,8.025,5.5,1.6,3.45,2.1,85.6,3.1,426.2,18.8,37.4,TRUE
1,Nam,5.6,8.025,5.5,1.6,3.45,2.1,35,2,426.2,40.1,16.2,FALSE
49,Nam,4,8.025,5.5,1.6,3.45,2.1,54,2.1,426.2,26.2,,FALSE
53,Nam,5.6,8.025,5.5,1.6,3.45,2.1,52.3,4.7,426.2,87.2,116.2,FALSE
40,Nam,5.6,8.025,5.5,1.6,3.45,2.1,62.2,4.2,426.2,17,20.4,FALSE
52,Nam,11.3,10.39,9.2,2.6,3.45,11.9,85.2,5.3,426.2,25,21.6,TRUE
57,Male,5.6,8.025,5.3,1.9,3.45,2,85.2,5.3,426.2,25,21.6,FALSE
14,Nam,5.6,8.025,5.5,1.6,,2.1,57.7,3.7,426.2,23.9,16.3,FALSE
16,Nam,4.4,8.025,5.5,1.6,3.45,2.1,54,5.3,426.2,27.5,20.1,FALSE
47,Nữ,61,8.025,5.5,1.6,3.45,,117.5,6.7,585.3,31.5,37.1,FALSE
15,,5.8,8.025,5.5,1.6,3.45,2.1,61.7,5.3,426.2,17.8,14.8,FALSE
41,Nữ,5.4,8.025,5,1.6,3.45,1.2,99.4,6.3,426.2,34.2,40,FALSE
36,Male,5.6,8.025,5.5,1.6,3.45,2.1,57.6,5.3,426.2,24,21.8,FALSE
7,Nam,5,8.025,5.5,1.6,3.45,2.1,85.7,5.3,,26.5,15.7,FALSE
66,Male,6.3,8.025,4.5,1.6,3.45,2.8,82.2,5.3,426.2,20.5,18.6,FALSE
38,Nam,5.6,8.025,5,1.6,3.45,1.1,85.2,5.3,426.2,23.9,22.4,FALSE
41,Nam,5.2,8.025,,1.6,3.45,2.1,75.7,5.3,426.2,17.1,17.3,FALSE
45,Nữ,11.3,8.025,5.5,1.6,3.45,2.1,82.1,5.3,426.2,33.4,48.2,TRUE
51,Nam,13,8.025,4.1,1.3,3.45,2.6,69.2,5.4,426.2,15.3,17.8,TRUE
59,Female,15,10.77,3.5,1.5,3.45,1.9,85.2,5.3,426.2,25,21.6,TRUE
34,Nam,,8.025,5.5,1.6,3.45,2.1,60.9,3.9,426.2,38.6,38.2,FALSE
33,Nữ,5.9,8.025,5.5,1.6,3.45,2.1,87.2,4.8,426.2,52.7,51.4,FALSE
47,,7.4,8.025,5.5,1.6,3.45,2.1,68,5.3,426.2,22.8,12.5,TRUE
47,Nam,4.8,8.025,5.5,1.6,3.45,2.1,70.8,5.3,,26.2,18.3,FALSE
55,Nam,5.5,8.025,5.5,1.6,3.45,2.1,70.6,6.8,426.2,16.5,14,FALSE
57,Nữ,11.3,8.025,5.5,1.6,3.45,2.1,127.2,5.3,426.2,65.1,81.3,TRUE
95,Female,6.5,7.55,6,2,3.45,2.4,85.2,5.3,,25,21.6,TRUE
70,Nam,6,8.025,5.5,1.6,3.45,2.1,76.8,5.3,426.2,24.3,15.5,FALSE
27,Nam,5.6,8.025,5.5,1.6,3.45,2.1,74.1,5,426.2,13.6,14.4,FALSE
57,Nam,4.1,8.025,5.5,1.6,3.45,2.1,85.2,5.1,426.2,20.3,12.3,FALSE
39,Nữ,5.6,8.025,5.5,1.6,3.45,2.1,105.1,5.3,723.6,25.9,26.6,FALSE
66,Nam,18.2,8.89,7.5,1.5,3.45,2,85.2,5.3,426.2,25,21.6,TRUE
37,Nam,5,8.025,5.5,1.6,3.45,2.1,85.2,5.3,426.2,25.7,24.9,FALSE
20,Nam,5.6,8.025,5.5,1.6,3.45,2.1,53.1,3.2,426.2,19.1,17.6,FALSE
16,Nam,4.7,8.025,5.5,1.6,3.45,2.1,54.1,5.3,426.2,15.7,18,FALSE
21,Nữ,7.6,8.025,5.5,1.6,3.45,2.1,91.5,4.3,426.2,23.9,16.8,TRUE
76,Nam,4.8,8.025,5.5,1.6,3.45,2.1,94,5.4,426.2,30,32,FALSE
51,Nữ,5.5,8.025,5.8,1.6,3.45,3.6,85.2,5.3,333.7,22.7,18.6,FALSE
33,Nam,6.1,8.025,5.5,1.6,3.45,2.1,49.8,5.3,426.2,31.8,21.5,FALSE
94,Nam,6.2,8.025,5.5,1.6,3.45,2.1,79.2,5.3,426.2,28.2,30.3,FALSE
41,Nữ,5.6,8.025,5.5,1.6,3.45,2.1,86,4.6,426.2,25,24,FALSE
59,Nam,4.1,8.025,5.5,1.6,3.45,2.1,70,5.4,426.2,25.2,19.5,FALSE
62,Nam,3.9,8.025,5.5,1.6,3.45,2.1,64.9,5.3,426.2,29.6,29,FALSE
69,Nam,17.4,8.025,5.5,1.6,3.45,2.1,85.2,9.6,426.2,53.4,94.5,TRUE
45,Nữ,11.5,6.03,10.7,1.4,3.45,24.4,73.6,5.3,426.2,32.8,28.4,TRUE
54,Nam,4.8,8.025,4.7,1.6,3.45,1.1,73.8,5.5,426.2,23.3,17.8,FALSE
22,Nữ,5.3,8.025,5.5,1.6,3.45,2.1,95.7,4.1,426.2,24.9,29.3,FALSE
64,Nam,13.6,8.025,7.5,1.6,3.45,10.4,85.2,5.3,426.2,25,21.6,TRUE
72,Nam,5.7,9.33,5.5,1.9,3.45,3.6,85.2,5.3,426.2,25,21.6,TRUE
51,Nam,4.1,8.025,5.5,1.7,3.45,3.8,52,4.2,426.2,22.7,26,FALSE
57,Nam,5.6,8.025,5.5,1.6,3.45,2.1,61.6,5.3,426.2,16.4,16.5,FALSE
74,Nam,5,6.57,4.9,1.5,3.45,3,85.2,5.3,426.2,25,21.6,TRUE
74,Nữ,9.4,11.5,6.5,1.7,3.45,2.4,85.2,5.3,426.2,25,21.6,TRUE
43,Nữ,5,8.025,5.5,1.6,3.45,2.1,90,6,426.2,24.4,38.1,FALSE
52,Nữ,7,8.025,5.5,1.6,3.45,2.1,81,9.5,426.2,63.9,35,TRUE
22,Nữ,6.5,8.025,5.5,1.6,3.45,2.1,73.9,5.3,426.2,25.3,21.3,FALSE
61,Nữ,9,8.025,6.9,2.1,3.45,2.4,78.4,5.8,426.2,25,21.6,TRUE
62,Nữ,7.6,8.025,5.5,1.6,3.45,2.1,281.5,19.2,426.2,27.4,17.6,TRUE
92,Nữ,4.8,8.025,4.5,1.6,3.45,1.8,115.8,5.3,426.2,21.3,13.4,FALSE
68,Nữ,4.1,8.025,5.5,1.6,3.45,2.1,96.8,8.9,426.2,20.1,27.5,FALSE
57,Nữ,5.9,8.025,6.3,1.6,3.45,1.8,69.6,3.8,367.9,16.9,23.2,FALSE
74,Nam,4.5,8.025,5.5,1.6,3.45,2.1,78.2,5.3,426.2,28,19.8,FALSE
64,Nữ,5.7,8.025,5.5,1.6,3.45,2.1,93.5,5.3,426.2,24,12.9,FALSE
74,Nam,6.7,8.02,4.3,1.3,3.45,3.8,85.2,5.3,426.2,25,21.6,TRUE
65,Nam,5.6,8.025,5.5,1.6,3.45,2.1,56.4,7.6,426.2,91.8,106.1,FALSE
2,Nam,4.6,8.025,5.5,1.6,3.45,2.1,40.4,3.4,426.2,38.1,11.2,FALSE
30,Nữ,5.8,8.025,4.3,1.6,3.45,0.6,75.4,4.7,426.2,16.8,13.5,FALSE
27,Nam,5.6,8.025,5.5,1.6,3.45,2.1,88.8,5.3,426.2,19.2,21.9,FALSE
48,Nam,5.1,8.025,5.5,1.6,3.45,2.1,85.2,5.3,426.2,13.6,15.4,FALSE
63,Nữ,5.3,8.025,5.2,1.6,3.45,1.2,85.2,5.3,293,23.7,24.8,FALSE
42,Nam,4,8.025,5.5,1.6,3.45,2.1,60.9,5.3,426.2,16.5,13.1,FALSE
58,Nữ,5.4,8.025,5.5,1.6,3.45,2.1,72,3.3,426.2,53.5,84.2,FALSE
36,Nam,5.6,8.025,5.5,1.6,3.45,2.1,67.1,5.3,426.2,16.1,19.6,FALSE
88,Nam,13.3,8.025,5.5,1.6,3.45,2.1,56.1,2.4,426.2,18.4,18.2,TRUE
42,Nữ,5.3,8.025,5.5,1.6,3.45,2.1,107.3,5.3,426.2,27.7,21.8,FALSE
60,Nam,4.3,8.025,5.5,1.6,3.45,2.1,63,5.3,426.2,20,23,FALSE
22,Nam,5.6,8.025,5.5,1.6,3.45,2.1,42.8,2.1,426.2,20.8,11,FALSE
59,Nam,6.6,8.025,5.5,1.6,3.45,2.1,78,9.6,426.2,32.7,29.3,FALSE
79,Nam,4.9,8.025,5.1,1.8,3.45,1.2,79.2,8.1,426.2,20.6,15.5,FALSE
52,Nam,5.8,8.025,5.5,1.6,3.45,2.1,85.2,5.3,426.2,15,16.1,FALSE
46,Nam,5.6,8.025,5.5,1.6,3.45,2.1,75.4,7.3,426.2,15.9,25.4,FALSE
38,Nam,5.3,8.025,5.5,1.6,3.45,2.1,45.3,5.3,426.2,16.4,11.9,FALSE
54,Nữ,11.2,8.025,5.5,1.6,3.45,2.1,110.1,5.9,426.2,25,21.6,TRUE
97,Nữ,5.3,8.025,3.9,1.3,3.45,2,232.4,18.8,426.2,25.1,55.7,FALSE
43,Nữ,5.2,8.025,5.5,1.6,3.45,2.1,147.2,10.9,426.2,22.2,23.1,FALSE
68,Nam,5.4,8.025,5.5,1.6,3.45,2.1,80.6,4.7,426.2,13.4,15.4,FALSE
35,Nam,5,8.025,5.5,1.6,3.45,2.1,54.1,5.1,426.2,17.8,18.5,FALSE
63,Nữ,6.1,8.025,5.5,1.6,3.45,1.9,103.6,5.3,426.2,25.8,24.8,FALSE
20,Nữ,5.9,8.025,5.5,1.6,3.45,2.1,55,5.3,426.2,21,20,FALSE
96,Nữ,4,8.025,5.5,1.6,3.45,2.1,78.8,5.3,426.2,22.6,11,FALSE
55,Nữ,10.2,8.025,5.5,1.6,3.45,2.1,53,3.2,426.2,144.3,110,TRUE
52,Nữ,4,8.025,5.5,1.6,3.45,2.1,88.6,4.5,426.2,18.4,19.4,FALSE
35,Nữ,5.6,8.025,5.5,1.6,3.45,2.1,111.7,5.3,426.2,33.5,30.9,FALSE
44,Nam,5.3,8.025,5.5,1.6,3.45,2.1,80.8,6.2,426.2,25.4,28.4,FALSE
38,Nam,5.6,8.025,5.5,1.6,3.45,2.1,65.2,5,426.2,29.5,43.3,FALSE
30,Nữ,5.6,8.025,5.5,1.6,3.45,2.1,89.5,6.2,426.2,30.6,22.4,FALSE
45,Nữ,4.8,8.025,5.5,1.6,3.45,2.1,81,5.3,426.2,23,41,FALSE
36,Nữ,5.6,8.025,5.5,1.6,3.45,2.1,86.4,5.3,426.2,83.5,103.9,FALSE
45,Nam,4.2,8.025,5.5,1.6,3.45,2.1,99,5.3,426.2,21,28,FALSE
80,Nữ,4.2,8.025,5.5,1.6,3.45,2.1,93,5.3,426.2,17.6,14.2,FALSE
28,Nam,4.6,8.025,5.6,1.6,3.45,2.8,66.5,5.3,426.2,23.2,27.6,FALSE
19,Nam,5.6,8.025,5.5,1.6,3.45,2.1,66.8,4.6,426.2,36.7,54.7,FALSE
39,Nữ,6.4,8.025,5.5,1.6,3.45,2.1,92.6,5.3,426.2,17.8,33,FALSE
66,Nam,5.6,8.025,5.5,1.6,3.45,2.1,81.6,5.3,426.2,35,33.4,FALSE
14,Nữ,5.4,8.025,5.5,1.6,3.45,2.1,84.4,5.3,426.2,44.3,77.4,FALSE
27,Nam,5.6,8.025,5.5,1.6,3.45,2.1,55,5.3,426.2,14,11,FALSE
67,Nam,7.9,8.025,5.5,1.6,3.45,2.1,46.1,5.7,426.2,19.6,23.6,TRUE
16,Nam,6.1,8.025,5.5,1.6,3.45,2.1,61,4.8,426.2,18,21,FALSE
58,Nam,11.4,9.72,8.2,1.7,3.45,11.7,85.2,5.3,426.2,25,21.6,TRUE
43,Nam,6.6,8.025,5.5,1.6,3.45,2.1,58.7,5.1,426.2,23.1,18.7,FALSE
66,Nam,7.9,8.34,6.6,1.5,3.45,4.5,118.5,9.3,426.2,25,21.6,TRUE
40,Nam,5.6,8.025,5.5,1.6,3.45,2.1,72.4,4.4,426.2,22.8,18.4,FALSE
28,Nam,5.1,8.025,5.5,1.6,3.45,2.1,61,5.3,426.2,18.8,15.9,FALSE
50,Nữ,5.3,8.025,5.5,1.6,3.45,1.9,95,2.2,426.2,21.3,24,FALSE
59,Nữ,14.3,8.025,12.9,1.1,3.45,26.6,90.3,2.2,426.2,17,38,TRUE
49,Nữ,5.8,8.025,7.8,1.6,3.45,2,72.8,6.3,426.2,166.7,92.6,FALSE
55,Nam,5.6,8.025,6,1.6,3.45,3,85.2,5.3,426.2,21.3,18.4,FALSE
47,Nữ,5.6,8.025,5.5,1.6,3.45,2.1,85.2,5.3,425.2,18.9,30.7,FALSE
69,Nữ,15.6,8.025,5.5,1.6,3.45,2.1,106.1,5.3,426.2,18.9,18,TRUE
21,Nữ,7.7,8.025,5.5,1.6,3.45,2.1,65.3,5.3,426.2,20,11,TRUE
80,Nam,5,8.025,5.5,1.6,3.45,2.1,124.2,14,426.2,15.2,16.5,FALSE
77,Nữ,4,8.025,4.6,1.6,3.45,1.3,123.3,5.4,659.5,22.9,26.8,FALSE
59,Nam,4.7,8.025,5.5,1.6,3.45,2.1,81,5.3,426.2,27,52,FALSE
56,Nam,13.2,8.025,5.5,1.6,3.45,2.1,55,5.3,426.2,44.6,95.5,TRUE
59,Nam,5.2,8.025,5.5,1.6,3.45,2.1,56.5,5.3,426.2,17.6,12.8,FALSE
54,Nữ,12.2,8.025,5.5,1.6,3.45,2.1,85.2,5.3,426.2,73.9,112.2,TRUE
40,Nam,5.6,8.025,5.5,1.6,3.45,2.1,88,8.4,426.2,17.5,38.4,FALSE
44,Nữ,4.5,8.025,5.5,1.6,3.45,2.1,98.4,6.1,426.2,21.3,26.5,FALSE
62,Nữ,8.5,7.86,4.3,1.7,3.45,1.3,85.2,5.3,426.2,25,21.6,TRUE
58,Nam,5.3,8.025,5,1.5,3.45,2.6,68.5,6,426.2,22.8,27.9,FALSE
63,Nam,7.9,8.025,5.7,1.5,3.45,2.8,85.2,5.3,426.2,25,21.6,TRUE
26,Nữ,5.1,8.025,5.5,1.6,3.45,2.1,90.2,5.2,426.2,13.4,19.2,FALSE
70,Nữ,10,8.025,5.5,1.6,3.45,2.1,89.9,6.3,426.2,25,21.6,TRUE
65,Nữ,12.5,7.98,5.5,1.6,3.45,2.1,143.7,5.3,426.2,25,21.6,TRUE
36,Nam,4.4,8.025,5.5,1.6,3.45,2.1,74.3,8.2,426.2,20,30.1,FALSE
73,Nữ,6.1,8.025,10.5,2.1,3.45,8.4,151.2,6,426.2,24.7,27.9,FALSE
44,Nam,5.4,8.025,5.5,1.6,3.45,2.1,68.6,6.4,309.6,19.8,13.1,FALSE
60,Nam,6.1,8.025,6,1.4,3.45,2.1,55.3,4.6,426.2,28.3,36.2,FALSE
63,Nam,4.6,8.025,5.5,1.6,3.45,2.1,84.3,7.3,304,25.2,46,FALSE
23,Nữ,5.6,8.025,5.5,1.6,3.45,2.1,78.4,5.3,426.2,19.5,18.2,FALSE
69,Nữ,4.9,8.025,5.3,1.6,3.45,1.8,145.5,5.3,426.2,29.5,25.2,FALSE
64,Nam,4.9,8.025,5.5,1.6,3.45,2.1,90.9,3.9,426.2,14.4,19.4,FALSE
34,Nam,6.6,8.025,5.5,1.6,3.45,2.1,85.2,5.3,426.2,22.6,30.9,FALSE
36,Nam,6.1,8.025,5.5,1.6,3.45,2.1,57.7,5.3,426.2,17.3,17.2,FALSE
17,Nữ,5.6,8.025,5.5,1.6,3.45,2.1,80.7,5.2,392.5,25,21.6,FALSE
62,Nam,12.3,10.38,9.1,2,3.45,6.3,85.2,5.3,426.2,25,21.6,TRUE
59,Nữ,22,8.025,5.5,1.6,3.45,2.1,89.7,5.5,426.2,25,21.6,TRUE
60,Nữ,7.1,7.35,6.7,1.6,3.45,3.1,139.7,7.3,426.2,25,21.6,TRUE
67,Nữ,5.6,8.025,5.8,1.6,3.45,2.1,102.9,6.7,566.2,18.1,18,FALSE
35,Nam,5.3,8.025,5.5,1.6,3.45,2.1,57.9,5.3,426.2,33.1,65.7,FALSE
74,Nữ,17,10.27,5.3,1.8,3.45,1.5,85.2,5.3,426.2,25,21.6,TRUE
23,Nam,4.6,8.025,5.5,1.6,3.45,2.1,55.3,5.3,426.2,19.3,17.7,FALSE
77,Nam,4.7,8.025,6,1.3,3.45,2.5,85.2,5.3,426.2,25,21.6,FALSE
65,Nam,6.9,8.025,4.7,1.6,3.45,1,62.7,6.1,426.2,22.1,31,FALSE
55,Nam,5.6,8.025,7,1.6,3.45,1.9,58.3,5.3,385.2,24,22.1,FALSE
55,Nam,5.6,8.025,5.5,1.6,3.45,2.1,67.5,8.3,426.2,18.2,29.6,FALSE
82,Nam,5.6,8.025,5.5,1.6,3.45,2.1,43.3,2.2,426.2,111.6,85.4,FALSE
83,Nam,5.9,8.025,5.5,1.6,3.45,2.1,93.5,5.3,426.2,60.3,40.4,FALSE
84,Nữ,3.5,8.025,5.5,1.6,3.45,2.1,83.6,4.1,426.2,20.3,12.4,FALSE
57,Nữ,4.3,8.025,5.5,1.6,3.45,2.1,116.9,4.4,426.2,16.8,11,FALSE
80,Nữ,8.1,8.025,5.5,1.6,3.45,2.1,85.2,9.4,426.2,30.5,43.7,TRUE
56,Nam,5.8,8.025,5.5,1.6,3.45,2.1,85.2,5.3,426.2,16.7,14.8,FALSE
17,Nam,6.2,8.025,5.5,1.6,3.45,2.1,76.2,4.3,426.2,18.7,19.2,FALSE
73,Nữ,6,8.025,5.5,1.6,3.45,2.1,112.6,7.1,426.2,23.7,29.8,FALSE
17,Nữ,6.7,8.025,5.5,1.6,3.45,2.1,69.7,5.3,426.2,25.8,12.1,FALSE
31,Nữ,8.1,8.025,5.5,1.6,3.45,2.1,69.6,5.3,426.2,91,143.3,TRUE
40,Nam,6.1,8.025,5.5,1.6,3.45,2.1,82.8,5.3,426.2,15.9,24,FALSE
65,Nam,7.5,8.025,6.4,1.6,3.45,1.5,88.4,7.7,426.2,20.5,23.5,TRUE
92,Nam,3.7,8.025,5.5,1.6,3.45,2.1,75,3.4,426.2,28.8,26.9,FALSE
49,Nam,4.8,8.025,5.5,1.6,3.45,2.1,60.6,5.3,426.2,38,30.7,FALSE
61,Nam,4.8,8.025,5.5,1.6,3.45,2.1,102.9,7.8,426.2,22.5,14.4,FALSE
17,Nữ,4.3,8.025,5.5,1.6,3.45,2.1,83.8,5.1,426.2,19,28.5,FALSE
20,Nam,5.6,8.025,5.5,1.6,3.45,2.1,57.9,4.9,426.2,14.7,12.2,FALSE
62,Nam,12.2,8.025,5.5,1.4,3.45,3.6,91.8,7.1,426.2,15.5,15.2,TRUE
17,Nữ,5.5,8.025,5.5,1.6,3.45,2.1,75.3,2.8,426.2,23.9,16.2,FALSE
60,Nữ,6.4,8.025,5.5,1.6,3.45,2.1,102.3,3.7,426.2,44.6,36.6,FALSE
58,Nữ,5.8,8.025,5.5,1.6,3.45,2.1,82.6,5.3,426.2,82.4,78.4,FALSE
68,Nam,24.9,12.36,5.5,1.6,3.45,2.1,52.1,5.3,426.2,51.1,36.9,TRUE
29,Nữ,7.9,8.025,5.5,1.6,3.45,2.1,85.2,5.3,426.2,22.3,38.8,TRUE
27,Nữ,6.7,8.025,5.5,1.6,3.45,2.1,79,4.3,426.2,15.5,10.2,FALSE
62,Nam,12.6,8.42,6.3,2.4,3.45,4,85.2,5.3,426.2,25,21.6,TRUE
71,Nữ,6.5,8.025,4.4,1.6,3.45,3.1,83.9,3.6,426.2,22.1,21.1,FALSE
37,Nam,6.1,8.025,5.5,1.6,3.45,2.1,60.9,5.3,426.2,21.9,15,FALSE
62,Nữ,4.8,8.025,5.5,1.6,3.45,2.1,77.5,3.6,426.2,27.4,22.4,FALSE
59,Nam,9.5,8.025,5.5,1.6,3.45,2.1,168.8,21.8,426.2,22.7,14.8,TRUE
63,Nam,4.2,8.025,5.5,1.6,3.45,2.1,75.6,5.3,426.2,15.1,16,FALSE
81,Nữ,4.1,8.025,5.5,1.6,3.45,2.1,103,6.4,426.2,22,11.3,FALSE
47,Nam,6.2,8.025,5.5,1.6,3.45,2.1,85.3,4,426.2,24.3,22.7,FALSE
79,Nữ,17.3,8.025,5.5,1.6,3.45,2.1,171.2,9.1,426.2,25,21.6,TRUE
91,Nam,6.6,8.025,5.5,1.6,3.45,2.1,187.3,10.1,426.2,21.7,12.4,FALSE
52,Nam,7.2,8.025,5.5,1.6,3.45,2.1,66.2,11.3,426.2,56.2,59.8,TRUE
54,Nữ,14.7,8.025,5.5,1.6,3.45,2.1,88.3,5.7,426.2,18,18.6,TRUE
67,Nữ,3.5,8.025,5.5,1.6,3.45,2.1,98.7,5.3,426.2,79.3,37.7,FALSE
41,Nữ,5.6,8.025,5.5,1.6,3.45,2.1,117.2,4,426.2,374.5,249.4,FALSE
61,Nam,8.5,8.025,5.5,1.6,3.45,2.1,77.4,6.5,426.2,30,21.8,TRUE
1,Nam,5.6,8.025,5.5,1.6,3.45,2.1,107.2,7.1,426.2,23.1,13.1,FALSE
32,Nam,4.8,8.025,5.5,1.6,3.45,2.1,55.1,5.3,426.2,16,14.5,FALSE
84,Nam,6.5,7.92,4.1,1.1,3.45,2.3,76.4,2.9,426.2,21.4,19.2,TRUE
63,Nữ,10,8.025,5.5,1.6,3.45,2.1,89.4,5.3,426.2,40.2,27.4,TRUE
67,Nam,7.3,8.025,5.5,1.6,3.45,2.1,142.5,11.2,426.2,25,21.6,TRUE
60,Nam,4,8.025,5.5,1.6,3.45,2.1,85.2,6.3,426.2,12.1,11,FALSE
64,Nữ,6.8,8.025,5.5,1.6,3.45,2.1,95.5,4.1,426.2,23.1,15.7,FALSE
42,Nữ,10.1,8.025,5.5,1.6,3.45,2.1,99.5,5.3,426.2,17.5,14.8,TRUE
14,Nam,4.4,8.025,5.5,1.6,3.45,2.1,40.9,2.5,426.2,16.9,19.4,FALSE
64,Nam,4.8,8.025,5.5,1.6,3.45,2.1,69.1,5.3,426.2,34.7,23,FALSE
37,Nữ,4.7,8.025,5.5,1.6,3.45,2.1,84.7,5.3,426.2,28.6,18,FALSE
27,Nam,7.2,8.025,5.5,1.6,3.45,2.1,53.6,5.3,426.2,116.3,19.3,TRUE
9,Nam,5.4,8.025,5.5,1.6,3.45,2.1,40.7,5.3,426.2,23.4,54.1,FALSE
41,Nam,5.3,8.025,5.5,1.6,3.45,2.1,68,5.3,426.2,21.1,13,FALSE
18,Nam,3.2,8.025,5.5,1.6,3.45,2.1,69.6,5.3,426.2,14.7,12,FALSE
66,Nữ,4.1,8.025,5.5,1.6,3.45,2.1,115.4,5.3,426.2,26.4,50.9,FALSE
63,Nam,10.3,8.025,5.5,1.6,3.45,2.1,69.9,6.5,426.2,47.8,26,TRUE
30,Nam,5.6,8.025,5.5,1.6,3.45,2.1,54.6,6.4,426.2,23.3,14.8,FALSE
63,Nữ,4.9,8.025,5.5,1.6,3.45,2.1,107.5,4.5,426.2,16.1,18.8,FALSE
36,Nữ,5.5,8.025,5.4,1.6,3.45,2.1,96.8,5.3,426.2,15.4,18,FALSE
35,Nữ,12.6,8.025,5.5,1.6,3.45,2.1,79.8,5.3,426.2,22.1,16.8,TRUE
22,Nữ,5.1,8.025,3.9,1.6,3.45,2.1,90.5,5.3,426.2,24.1,30.3,FALSE
80,Nữ,12.9,11.8,5.4,1.3,3.45,3.9,89,6.9,426.2,14,13.1,TRUE
48,Nữ,5.6,8.025,5.5,1.6,3.45,2.1,111.5,5.8,426.2,21.9,23.5,FALSE
57,Nữ,5.8,8.025,4,1.3,3.45,1.7,109.5,9.9,426.2,21.1,20.3,FALSE
56,Nam,5.1,8.025,6.2,1.6,3.45,2.6,52,3.1,426.2,15.2,11.5,FALSE
39,Nữ,5.1,8.025,5.5,1.6,3.45,2.1,82.2,4,426.2,40.9,65.8,FALSE
55,Nam,5.5,8.025,5.5,1.6,3.45,2.1,68,5.4,426.2,18.5,20.6,FALSE
59,Nam,5.3,8.025,6.6,1.6,3.45,6.4,85.8,6.3,426.2,27.8,21,FALSE
72,Nữ,7.3,8.76,5.5,1.6,3.45,2.1,85.2,5.3,426.2,11.7,18.4,TRUE
71,Nam,9.2,8.025,5.5,1.6,3.45,2.1,70,6.9,426.2,15.5,21.7,TRUE
86,Nữ,5.6,8.025,4.2,1.6,3.45,1.4,91.9,6.7,302.4,23.3,15.5,FALSE
47,Nữ,5,8.025,5.5,1.6,3.45,2.1,66.5,3.1,426.2,93.9,45.6,FALSE
21,Nam,5,8.025,5.5,1.6,3.45,2.1,66.7,5.3,426.2,12.3,14,FALSE
36,Nam,5.6,8.025,5.5,1.6,3.45,2.1,62.1,5.3,426.2,38.7,49.4,FALSE
32,Nữ,5.1,8.025,5.6,1.6,3.45,2.8,90.1,5.3,426.2,56.9,75.5,FALSE
71,Nam,8,8.025,6.3,1.6,3.45,2.6,67.8,5.3,426.2,41.5,29,TRUE
64,Nữ,5.9,8.025,4.3,1.6,3.45,3,84.6,5.4,426.2,15,12.8,FALSE
40,Nam,4.9,8.025,5.5,1.6,3.45,2.1,85.2,5.3,426.2,21.5,13.7,FALSE
68,Nam,10.9,8.025,5.5,1.6,3.45,2.1,67.6,6.5,426.2,31.4,21.6,TRUE
52,Nam,8.5,9.43,4.8,1.2,3.45,2.1,85.2,5.3,426.2,25,21.6,TRUE
79,Nữ,8.1,8.025,5.5,1.6,3.45,2.1,85.2,5.3,426.2,19.4,17.1,TRUE
67,Nữ,6.1,8.025,5.5,1.1,3.45,2.1,103.5,5.3,519.3,19,15.6,FALSE
63,Nữ,8.5,8.025,5.5,1.6,3.45,2.1,100.9,5.3,426.2,16.9,16.6,TRUE
48,Nam,11.5,6.82,8.4,2.6,3.45,24,85.2,5.3,426.2,15.7,31.2,TRUE
2,Nam,7.4,8.025,5.5,1.6,3.45,2.1,28.6,4.4,426.2,25.3,13.5,TRUE
46,Nam,7.2,8.025,4.7,1.6,3.45,2,82.8,5.3,426.2,16.5,14.6,TRUE
59,Nữ,4.5,8.025,5.5,1.6,3.45,2.1,96,5.9,426.2,20.7,28.5,FALSE
5,Nữ,5.6,8.025,5.5,1.6,3.45,2.1,53.5,4.9,426.2,61.3,30.3,FALSE
2,Nữ,3.8,8.025,5.5,1.6,3.45,2.1,44.8,3.4,426.2,30.7,14.1,FALSE
60,Nam,5.1,8.025,5,1.1,3.45,3.1,71.6,4.7,426.2,22.1,24.2,FALSE
60,Nữ,8.8,8.025,6.3,1.6,3.45,1.6,94.5,6.6,426.2,15.8,26.9,TRUE
72,Nam,8.5,8.025,5.5,1.6,3.45,2.1,193.1,14.4,426.2,19.5,17.1,TRUE
46,Nữ,7.9,8.025,5.5,1.6,3.45,2.1,155.8,17.8,426.2,41,23.8,TRUE
55,Nữ,5.6,8.025,6.1,1.6,3.45,1.4,85.2,5.3,426.2,17.8,18.6,FALSE
46,Nam,7.4,8.025,5.5,1.6,3.45,2.1,87,5.3,426.2,17,13,TRUE
30,Nam,5.3,8.025,5.5,1.6,3.45,2.1,66,5.3,426.2,14,8,FALSE
16,Nam,4.9,8.025,5.5,1.6,3.45,2.1,52.6,5.3,426.2,14.8,11.2,FALSE
30,Nam,7.3,8.025,5.5,1.6,3.45,2.1,63.5,5.3,426.2,14.6,18.6,TRUE
43,Nam,6.4,8.025,5.5,1.6,3.45,2.1,60.6,5.3,426.2,12.4,13.8,FALSE
18,Nữ,4.7,8.025,5.5,1.6,3.45,2.1,82.7,3.2,426.2,15.5,9.1,FALSE
42,Nam,5,8.025,5.5,1.6,3.45,2.1,82.4,7.9,426.2,13.7,21.7,FALSE
21,Nam,5,8.025,5.5,1.6,3.45,2.1,50.6,5.3,426.2,17.3,11.3,FALSE
32,Nữ,5.6,8.025,5.5,1.6,3.45,2.1,82,4.6,426.2,24.8,19.3,FALSE
41,Nữ,6.9,8.025,6.1,1.6,3.45,1.1,148.5,5.2,426.2,95,202.3,FALSE
77,Nam,8.8,8.025,7.6,1.6,3.45,2.9,121.7,5.9,426.2,31.7,30.7,TRUE
42,Nam,5.6,8.025,5.3,1.6,3.45,1.6,85.2,5.3,426.2,20,35.5,FALSE
49,Nam,15.7,8.025,4.8,1.6,3.45,6.7,74.1,5.3,426.2,14.7,25.2,TRUE
58,Nam,17.8,8.025,7.2,1.6,3.45,6.1,52.7,5.4,426.2,19.7,14,TRUE
33,Nam,4.1,8.025,5.5,1.6,3.45,2.1,57,5.3,426.2,14.6,14.5,FALSE
48,Nam,5.6,8.025,5.5,1.6,3.45,2.1,99.7,5.3,426.2,77.5,56.6,FALSE
45,Nữ,5.6,8.025,5.5,1.6,3.45,2.1,59.4,4.1,426.2,26,44.3,FALSE
47,Nữ,5.4,8.025,5.7,1.6,3.45,1.1,102.8,5.3,571.4,15,14.1,FALSE
7,Nữ,5.6,8.025,5.5,1.6,3.45,2.1,54.9,4.1,426.2,24.4,12.7,FALSE
68,Nam,5.2,8.025,6.3,1.6,3.45,3,73.5,8,426.2,21.8,21.4,FALSE
22,Nữ,5.6,8.025,5.5,1.6,3.45,2.1,82,4.7,426.2,33,31,FALSE
23,Nam,4.3,8.025,5.5,1.6,3.45,2.1,66.7,5.3,426.2,17.1,19.6,FALSE
65,Nữ,4.5,8.025,5.5,1.6,3.45,2.1,85.2,5.4,426.2,20.5,19.3,FALSE
39,Nữ,5.6,8.025,5.1,1.3,3.45,2,81,4.8,426.2,39.1,48.2,FALSE
52,Nam,4.1,8.025,5.5,1.6,3.45,2.1,55,2.9,426.2,19.6,17.8,FALSE
41,Nam,5.6,8.025,5.5,1.6,3.45,2.1,74.3,3.6,426.2,24.2,24.5,FALSE
56,Nữ,4.5,8.025,5.5,1.6,3.45,2.1,95.3,4.6,426.2,27,32.4,FALSE
53,Nữ,5,8.025,5.9,1.6,3.45,3.5,85.2,5.3,381.3,26.7,42.4,FALSE
67,Nam,5.2,5.05,6.4,1.6,3.45,1.6,70.6,5.3,488.2,19.2,15.5,FALSE
33,Nữ,6,8.025,6.4,1.6,3.45,1.6,91.8,5.3,516.8,39,91.8,FALSE
67,Nam,5.6,8.025,6.4,1.6,3.45,4,85.2,5.3,426.2,16.2,11.6,FALSE
34,Nam,7.9,8.025,5.5,1.6,3.45,2.1,47.9,5.3,426.2,19.9,11.2,TRUE
12,Nam,5.6,8.025,5.5,1.6,3.45,2.1,55.6,3.9,426.2,22.5,10,FALSE
38,Nữ,5.3,8.025,5.5,1.6,3.45,2.1,82.7,4.4,426.2,59,36.5,FALSE
49,Nam,6.9,8.025,4.9,1.6,3.45,4.9,69.8,5.3,426.2,23.1,32.1,FALSE
61,Nữ,6.6,8.025,3.7,1.6,3.45,0.8,74,5.3,426.2,24,24,FALSE
39,Nam,5.1,8.025,5.5,1.6,3.45,2.1,66.3,5.3,426.2,13.9,13.5,FALSE
40,Nam,5.6,8.025,4,1.6,3.45,1.4,74.5,4.6,426.2,25.7,21.6,FALSE
32,Nữ,5.6,8.025,5.5,1.6,3.45,2.1,89.9,7.2,426.2,18.7,15.4,FALSE
30,Nam,5.1,8.025,5.5,1.6,3.45,2.1,47.7,5.3,426.2,17.8,18.6,FALSE
28,Nam,4.5,8.025,5.5,1.6,3.45,2.1,50.3,5.3,426.2,23,17.8,FALSE
68,Nữ,9.9,8.025,5.5,1.6,3.45,2.1,142.7,7.2,426.2,25,21.6,TRUE
53,Nữ,4.2,8.025,5.5,1.6,3.45,2.1,65,7.6,426.2,30,65,FALSE
49,Nam,6.2,8.025,5.5,1.6,3.45,2.1,82.4,6.9,426.2,18.2,20.3,FALSE
59,Nam,5.6,8.025,5.5,1.6,3.45,2.1,85.2,5.3,260.3,19,20.2,FALSE
47,Nam,6.5,8.025,5.8,1.6,3.45,5.9,57.2,5.3,426.2,23.3,12.6,FALSE
66,Nữ,5.3,8.025,5.5,1.6,3.45,2.1,96.9,5.4,426.2,14.7,16.5,FALSE
27,Nữ,5.6,8.025,5.5,1.6,3.45,2.1,88.1,5.3,426.2,35,46.2,FALSE
38,Nam,7.2,8.025,5.5,1.6,3.45,2.1,66.1,5.3,426.2,55.7,46.3,TRUE
65,Nữ,5.6,8.025,5.5,1.6,3.45,2.1,98.5,6.1,426.2,19.9,21.1,FALSE
34,Nữ,5.6,8.025,6.1,1.6,3.45,3.9,85.2,5.3,459.2,29.8,38,FALSE
40,Nam,5.6,8.025,5.5,1.6,3.45,2.1,55.7,5.3,426.2,19.7,23.9,FALSE
40,Nam,5.3,8.025,5.5,1.6,3.45,2.1,58.7,5.3,426.2,17.5,11,FALSE
87,Nam,6,8.025,5.5,1.6,3.45,2.1,65.3,8.3,426.2,22,37.6,FALSE
53,Nữ,4.7,8.025,5.5,1.6,3.45,2.1,90.5,5.3,426.2,24.4,28.2,FALSE
50,Nam,5.7,8.025,5.5,1.6,3.45,2.1,71.1,5.3,426.2,23.9,49.1,FALSE
40,Nữ,8.5,8.025,5.5,1.6,3.45,2.1,82.9,5.3,426.2,109.1,216.9,TRUE
21,Nam,5.6,8.025,5.5,1.6,3.45,2.1,70.3,4.7,426.2,19.4,17.9,FALSE
76,Nữ,6.1,8.025,5.5,1.6,3.45,2.1,75.7,8.3,426.2,31.9,24.3,FALSE
25,Nam,5.6,8.025,5.5,1.6,3.45,2.1,62.2,5.3,426.2,17.7,11.3,FALSE
29,Nam,5.2,8.025,5.5,1.6,3.45,2.1,68.4,5.3,426.2,21.1,12.6,FALSE
62,Nam,3.9,8.025,5.5,1.6,3.45,2.1,60.1,5.3,426.2,21.8,11.6,FALSE
63,Nữ,9.2,9.17,6.9,1.5,3.45,3.8,85.2,5.3,426.2,25,21.6,TRUE
61,Nam,8.9,7.83,6.9,1.6,3.45,3.7,85.2,5.3,426.2,25,21.6,TRUE
41,Nữ,5.6,8.025,5.5,1.6,3.45,2.1,60.3,6.5,426.2,35.3,34.5,FALSE
42,Nam,5.6,8.025,5.5,1.6,3.45,2.1,66.8,7.1,426.2,19.2,15.8,FALSE
69,Nam,6.3,8.025,5.5,1.6,3.45,2.1,73.3,5.7,426.2,11.2,17,FALSE
56,Nữ,5.6,8.025,5.5,1.6,3.45,2.1,95.8,8.3,426.2,15.8,26.3,FALSE
79,Nam,5.9,8.025,5.5,1.6,3.45,2.1,63,6.5,426.2,22.7,13.8,FALSE
40,Nữ,6.2,8.025,5.5,1.6,3.45,2.1,66.1,3.4,426.2,32.4,26.3,FALSE
15,Nữ,5.1,8.025,5.5,1.6,3.45,2.1,58.3,5.3,426.2,27.3,18.3,FALSE
34,Nam,6.4,8.025,5.5,1.6,3.45,2.1,65.9,4.2,426.2,17.8,16.1,FALSE
45,Nam,4.9,8.025,5.5,1.6,3.45,2.1,57.6,2.4,426.2,72.3,36.8,FALSE
2,Nữ,4.9,8.025,5.5,1.6,3.45,2.1,66,4.6,426.2,32.3,25.1,FALSE
40,Nữ,5.6,8.025,5.5,1.6,3.45,2.1,94.2,5.3,426.2,21.8,24.6,FALSE
49,Nam,5.4,8.025,5.5,1.6,3.45,2.1,85.2,5.2,426.2,42.7,67.8,FALSE
34,Nữ,6.5,8.025,5.5,1.6,3.45,2.1,100.9,4.5,426.2,42.5,57.9,FALSE
66,Nam,5.8,8.025,5.1,1.6,3.45,1.6,69.7,5.3,426.2,26.3,15.9,FALSE
48,Nam,7.5,8.025,5.5,1.6,3.45,2.1,60.7,5.3,426.2,11.6,17.3,TRUE
103,Nam,7.9,8.025,5.5,1.6,3.45,2.1,69.9,5.8,426.2,22.1,16.8,TRUE
62,Nam,5.7,8.025,5.5,1.6,3.45,2.1,97.9,6.6,426.2,30.7,19.4,FALSE
61,Nữ,4.5,8.025,5.5,1.6,3.45,2.1,93.5,4.4,426.2,23,17.9,FALSE
81,Nam,4.1,8.025,5.5,1.6,3.45,2.1,45.2,4.3,426.2,15.4,11.6,FALSE
62,Nữ,6.2,8.025,5.8,1.6,3.45,2.9,139.1,5.3,426.2,58.3,22.5,FALSE
62,Nam,7.3,6.36,4.7,1.2,3.45,1.4,59.5,6.2,426.2,24.3,27.6,TRUE
58,Nam,5.8,6.95,6.3,1.3,3.45,2.8,53.5,4.2,426.2,21.3,31,TRUE
54,Nam,8,7.26,6.3,1.4,3.45,3.7,85.2,5.3,426.2,25,21.6,TRUE
35,Nữ,5.6,8.025,5.5,1.6,3.45,2.1,93.5,2.4,426.2,124.5,381.4,FALSE
38,Nam,5.6,8.025,5.5,1.6,3.45,2.1,74.7,5.3,426.2,17.6,15.1,FALSE
52,Nam,3.7,8.025,5.5,1.6,3.45,2.1,60.2,5.3,426.2,19.7,22,FALSE
44,Nam,5.6,8.025,5.6,1.6,3.45,5.2,72.1,4.8,426.2,45.2,57.3,FALSE
69,Nữ,10.4,8.025,5.5,1.6,3.45,2.1,198.1,14.7,708,31.3,49.7,TRUE
63,Nam,6.2,8.025,6.5,1.6,3.45,2.2,85.2,5.3,426.2,14.3,22.6,FALSE
19,Nam,5.9,8.025,5.5,1.6,3.45,2.1,45.6,5.3,426.2,19.1,15.7,FALSE
50,Nam,6.5,8.025,5.5,1.6,3.45,2.1,65,5.3,426.2,15,19,FALSE
68,Nam,5.9,8.025,5.5,1.6,3.45,2.1,71,5.3,426.2,21.1,22.6,FALSE
35,Nữ,5.6,8.025,5.5,1.6,3.45,2.1,57.8,5.3,426.2,178.4,126.4,FALSE
42,Nam,6.9,8.025,5.5,1.6,3.45,2.1,60.4,5.3,426.2,20,16.5,FALSE
66,Nữ,6.3,7.61,5.5,1.6,3.45,2.1,85.2,5,426.2,23.1,30.5,TRUE
76,Nam,5.6,8.025,5.5,1.6,3.45,2.1,127.1,12.2,426.2,18.5,12.7,FALSE
36,Nam,5.7,8.025,5.5,1.6,3.45,2.1,68.6,6.3,426.2,17.4,14.6,FALSE
42,Nam,5.6,8.025,5.5,1.6,3.45,2.1,81.1,4.1,426.2,100.5,161.1,FALSE
54,Nam,6.9,8.025,5.5,1.6,3.45,2.1,78.3,5.3,426.2,14,15.4,FALSE
77,Nam,5.7,8.025,5.5,1.6,3.45,2.1,61.6,5.9,426.2,29.7,20.5,FALSE
52,Nam,5.3,8.025,5.5,1.6,3.45,2.1,79.9,5.9,426.2,19.9,21,FALSE
34,Nữ,5.7,8.025,5.5,1.6,3.45,2.1,71.3,5.3,426.2,17.5,12.7,FALSE
54,Nữ,4,8.025,5.5,1.6,3.45,2.1,128.5,5.9,426.2,25.6,18.5,FALSE
55,Nữ,5.7,8.025,5,1.6,3.45,3.1,85.2,5.3,426.2,27.1,21.8,FALSE
53,Nam,5.4,8.025,5.5,1.6,3.45,2.1,75.8,8.8,426.2,13.4,21.1,FALSE
29,Nữ,5.6,8.025,5.5,1.6,3.45,2.1,77.1,4.2,406.1,179.1,110,FALSE
36,Nam,6.1,8.025,5.5,1.6,3.45,2.1,69.1,2.3,426.2,13.7,13.7,FALSE
28,Nam,5.5,8.025,5.5,1.6,3.45,2.1,69,5.3,426.2,13.8,11.9,FALSE
40,Nam,5.6,8.025,5.4,1.6,3.45,3.8,66,5.3,426.2,22.2,11.3,FALSE
57,Nữ,20,8.025,5.5,1.6,3.45,2.1,92.4,7.4,426.2,32.1,22.4,TRUE
67,Nam,5.6,8.025,6.1,1.2,3.45,3.6,85.2,5.3,426.2,25,21.6,FALSE
60,Nam,4.2,8.025,5.5,1.6,3.45,2.1,85.2,5.9,426.2,18,13.1,FALSE
34,Nam,5,8.025,5.5,1.6,3.45,2.1,69.9,5.3,426.2,22.1,27.8,FALSE
62,Nam,5.6,8.025,5.5,1.6,3.45,2.1,88.7,3.6,426.2,11.2,24.8,FALSE
88,Nữ,6.2,8.025,5.5,1.6,3.45,2.1,75.7,3.6,426.2,25.6,21.3,FALSE
55,Nữ,9.2,8.025,5.5,1.6,3.45,2.1,105.5,5.1,426.2,6.2,27.8,TRUE
27,Nam,4.9,8.025,5.5,1.6,3.45,2.1,57.2,5.3,426.2,43.9,36.5,FALSE
58,Nữ,4.8,8.025,5.5,1.6,3.45,2.1,90.6,5.8,426.2,15.3,33.9,FALSE
28,Nam,5.6,8.025,5.5,1.6,3.45,2.1,73,5.3,426.2,22,24,FALSE
2,Nữ,5.6,8.025,5.5,1.6,3.45,2.1,41.6,5.3,426.2,11.1,18.2,FALSE
57,Nam,6,8.025,5.5,1.6,3.45,2.1,72.8,6.6,426.2,26,14.5,FALSE
22,Nam,5.6,8.025,5.5,1.6,3.45,2.1,67.4,5.3,426.2,22.8,14.4,FALSE
22,Nam,3.9,8.025,5.5,1.6,3.45,2.1,59,5.3,426.2,20.5,12.6,FALSE
33,Nam,5.6,8.025,5.5,1.6,3.45,2.1,61.8,5.3,426.2,11.4,24.3,FALSE
44,Nữ,6.4,8.025,5.5,1.6,3.45,2.1,84.5,6.3,426.2,12.3,19.3,FALSE
24,Nam,6.4,8.025,5.5,1.6,3.45,2.1,46.9,5.3,426.2,15.6,40.8,FALSE
90,Nữ,4.3,8.025,5.5,1.6,3.45,2.1,79.5,5.3,426.2,16.1,15.7,FALSE
1,Nữ,7.6,8.025,5.5,1.6,3.45,2.1,47.1,4.3,426.2,42,11.7,TRUE
63,Nữ,25.2,8.025,5.5,1.6,3.45,2.1,131.2,13.4,426.2,75,104.1,TRUE
67,Nam,5.2,8.025,5.5,1.6,3.45,2.1,71,5.3,426.2,19,16.5,FALSE
72,Nam,13.4,8.025,5.5,1.6,3.45,2.1,81.2,5.5,426.2,23.3,38.3,TRUE
40,Nam,5.6,8.025,5.5,1.6,3.45,2.1,77.9,5.3,426.2,10.6,19,FALSE
62,Nam,7.6,8.025,5.5,1.6,3.45,2.1,62.7,3.5,426.2,21.4,31.8,TRUE
74,Nữ,7.7,8.025,5.5,1.6,3.45,2.1,151.5,13.2,426.2,41.4,19,TRUE
32,Nữ,5.6,8.025,5.5,1.6,3.45,2.1,52.3,5.3,426.2,29,48.1,FALSE
5,Nữ,4.6,8.025,5.5,1.6,3.45,2.1,41.9,2.6,426.2,30.6,21.6,FALSE
25,Nam,4.7,8.025,5.5,1.6,3.45,2.1,56.2,5.3,426.2,23.1,21.3,FALSE
33,Nữ,9,8.025,5.5,1.6,3.45,2.1,70,4.9,426.2,21.8,22.2,TRUE
45,Nữ,27,8.025,5.5,1.6,3.45,2.1,90.6,6.5,426.2,14,25.7,TRUE
18,Nam,5,8.025,5.5,1.6,3.45,2.1,56,5.3,426.2,20,22.7,FALSE
20,Nam,5.2,8.025,5.5,1.6,3.45,2.1,59,5.3,426.2,15.6,14.8,FALSE
65,Nam,5.7,8.025,5.9,1.6,3.45,1.8,79.4,6.8,426.2,36.2,62.1,FALSE
37,Nữ,13.2,8.025,5.5,1.6,3.45,2.1,106.6,3.4,426.2,67.8,84.7,TRUE
35,Nam,4.9,8.025,5.5,1.6,3.45,2.1,57.4,5.3,426.2,15.9,12.6,FALSE
39,Nữ,5.5,8.025,5.5,1.6,3.45,2.1,76.6,5.3,426.2,18.2,21.9,FALSE
42,Nam,6.9,8.025,5.5,1.6,3.45,1.2,58,3.3,426.2,18.5,19.3,FALSE
23,Nam,5.5,8.025,5.5,1.6,3.45,2.1,60.1,5.3,426.2,24.6,10.3,FALSE
41,Nam,5.1,8.025,5.5,1.6,3.45,2.1,52.7,5.1,426.2,25.4,47.3,FALSE
34,Nữ,6.3,8.025,5.5,1.6,3.45,2.1,53.2,5.7,426.2,19.1,25.6,FALSE
58,Nam,6.2,8.025,5.5,1.6,3.45,2.1,63.5,5.3,426.2,16.4,20.5,FALSE
58,Nam,6.2,8.025,6.8,1.6,3.45,3.3,84.7,7.9,426.2,19.3,24.6,FALSE
88,Nam,7.9,8.025,2.6,1.1,3.45,0.9,49.4,9.1,426.2,21.9,19.3,TRUE
65,Nam,6.4,8.025,5.5,1.6,3.45,2.1,64.4,5.3,426.2,22.4,34.4,FALSE
86,Nam,6.4,8.025,7.1,1.6,3.45,5.3,75.6,4.3,296.5,19.9,17,FALSE
50,Nam,5.6,8.025,5.5,1.6,3.45,2.1,63.2,3.6,426.2,34.5,39.9,FALSE
2,Nam,5.6,8.025,5.5,1.6,3.45,2.1,51.9,5.2,426.2,38.8,17.7,FALSE
71,Nam,5.5,8.025,5.5,1.6,3.45,2.1,77.3,6.2,426.2,19,11.6,FALSE
50,Nam,8.1,8.025,5.5,1.6,3.45,2.1,158.7,3.6,426.2,17.5,16.5,TRUE
18,Nam,5.6,8.025,5.5,1.6,3.45,2.1,52.4,5.3,426.2,10.3,25.1,FALSE
74,Nam,7.8,8.025,5.5,1.6,3.45,2.1,76.3,5.3,426.2,19.9,24.2,TRUE
86,Nam,7.8,8.025,5.5,1.6,3.45,2.1,68.6,5.3,426.2,16.8,20.3,TRUE
82,Nam,5.1,8.025,5.5,1.6,3.45,2.1,63.5,5.3,426.2,19.5,21.1,FALSE
23,Nam,5.6,8.025,5.5,1.6,3.45,2.1,58.6,3.1,426.2,21.5,29.5,FALSE
68,Nam,6.5,8.025,5,1.5,3.45,1.6,85.2,5.3,426.2,25,21.6,FALSE
58,Nam,9.2,8.025,6.3,1.6,3.45,13.3,85.2,5.3,426.2,18.9,26,TRUE
42,Nam,4.9,8.025,5.5,1.6,3.45,2.1,56,4.5,426.2,20.6,26.9,FALSE
45,Nữ,8.3,8.025,5.5,1.6,3.45,2.1,95.8,5.3,426.2,32.8,47.9,TRUE
62,Nam,8,8.025,6,1.6,3.45,3.1,79.7,5.3,426.2,10.3,15.8,TRUE
36,Nữ,5.6,8.025,5.5,1.6,3.45,2.1,75.8,5.3,426.2,35.7,61.9,FALSE
50,Nam,6,8.025,6.5,1.6,3.45,5.3,85.2,5.3,426.2,17.4,24.2,FALSE
46,Nữ,6.1,8.025,5.5,1.6,3.45,2.1,84.7,5.3,426.2,21.3,25.4,FALSE
59,Nam,9.2,8.025,5.5,1.6,3.45,2.1,75.2,5.3,426.2,67.8,71.7,TRUE
69,Nam,5.7,8.025,5.5,1.6,3.45,2.1,95.2,5.3,426.2,20.6,19.9,FALSE
56,Nam,6.4,8.025,5.5,1.6,3.45,2.1,62.4,5.8,426.2,26.1,50.5,FALSE
26,Nữ,5.6,8.025,5.5,1.6,3.45,2.1,82.5,5.3,426.2,98.7,89,FALSE
2,Nữ,5.6,8.025,5.5,1.6,3.45,2.1,46.8,5.6,426.2,38.2,14.7,FALSE
7,Nam,5.6,8.025,5.5,1.6,3.45,2.1,54.2,5.5,426.2,47.9,15.3,FALSE
38,Nam,4.9,8.025,5.5,1.6,3.45,2.1,61.8,5.6,426.2,18.2,17.4,FALSE
67,Nữ,5.3,8.025,5.5,1.6,3.45,2.1,85.2,6.1,498.8,14.7,17.2,FALSE
35,Nữ,5.6,8.025,5.5,1.6,3.45,2.1,91,4.7,426.2,19.5,26.3,FALSE
55,Nam,7.7,8.025,5.5,1.6,3.45,2.1,85.2,5.3,426.2,15.4,24.4,TRUE
36,Nữ,5.6,8.025,5.5,1.6,3.45,2.1,93.4,3.6,426.2,24.3,15.7,FALSE
47,Nam,5,8.025,4.9,1.6,3.45,1.5,69.4,5.6,426.2,17.8,22.1,FALSE
72,Nam,13.3,8.025,5.6,1.6,3.45,2.3,85.2,5.3,426.2,25,21.6,TRUE
69,Nam,5.1,8.025,5.5,1.6,3.45,2.1,78.9,5.3,426.2,16,24.6,FALSE
57,Nữ,7.1,8.025,5.5,1.6,3.45,2.1,90.9,3.6,426.2,36.9,28.1,TRUE
38,Nam,8.2,8.025,7.7,1.6,3.45,5.2,65.3,5.3,426.2,24.2,32.7,TRUE
63,Nữ,6.2,8.025,4.6,1.6,3.45,1.5,77.3,5.3,426.2,15.4,16.9,FALSE
16,Nữ,6.6,8.025,5.5,1.6,3.45,2.1,66.7,5.3,426.2,18.3,24.4,FALSE
74,Nữ,10.6,8.025,5.5,1.6,3.45,2.1,49.7,5.3,426.2,16.8,19.7,TRUE
67,Nam,5.6,8.025,5.5,1.6,3.45,2.1,83.5,5.4,426.2,19.7,14.3,FALSE
61,Nữ,7.4,8.025,5.5,1.6,3.45,2.1,85.2,5.3,426.2,18.1,21.1,TRUE
36,Nữ,5.8,8.025,5.5,1.6,3.45,2.1,84.3,5.3,426.2,48.4,48.6,FALSE
34,Nữ,5.6,8.025,4.6,1.6,3.45,1,85.2,5.3,426.2,25.4,33.9,FALSE
30,Nam,5.4,8.025,5.5,1.6,3.45,2.1,54.6,3.6,426.2,191.7,129.2,FALSE
26,Nam,5.2,8.025,5.5,1.6,3.45,2.1,58.6,5.3,426.2,12,18.6,FALSE
45,Nam,5,8.025,5.5,1.6,3.45,2.1,89.4,5.3,426.2,25.4,10.5,FALSE
28,Nam,5.6,8.025,5.5,1.6,3.45,2.1,96.4,5.3,426.2,22.9,22.5,FALSE
37,Nam,5.9,8.025,5.5,1.6,3.45,2.1,64.1,4.8,426.2,16.2,13.3,FALSE
30,Nam,4.7,8.025,5.5,1.6,3.45,2.1,80.4,5.3,426.2,15.9,14.3,FALSE
48,Nam,5.9,8.025,4.5,1.6,3.45,3.5,85.2,5.3,426.2,22.7,32.7,FALSE
64,Nữ,7.1,8.025,5.5,1.6,3.45,2.1,747.5,24.6,426.2,16.7,13,TRUE
84,Nam,5.6,8.025,3.1,1.6,3.45,1.2,62.5,6,426.2,25,21.6,FALSE
64,Nam,6.7,8.025,5.5,1.6,3.45,2.1,83.5,5.3,426.2,15.1,16.8,FALSE
84,Nam,4.8,8.025,5.5,1.6,3.45,2.1,85.2,5.3,426.2,185,23.1,FALSE
39,Nữ,5.6,8.025,5.4,1.6,3.45,5,85.2,5.3,426.2,32.1,59.6,FALSE
43,Nam,4.1,8.025,5.5,1.6,3.45,2.1,62.5,5.3,426.2,16.9,19.3,FALSE
25,Nam,5.4,8.025,5.5,1.6,3.45,2.1,56.3,5.3,426.2,16.8,17.6,FALSE
34,Nữ,4.9,8.025,5.5,1.6,3.45,2.1,96.9,5.3,426.2,23.6,49.8,FALSE
32,Nam,5.6,8.025,5.5,1.6,3.45,2.1,62.6,3.7,426.2,18.9,24.8,FALSE
33,Nữ,10.3,8.025,5.5,1.6,3.45,2.1,85.2,5.3,426.2,274.5,142.8,TRUE
36,Nữ,5.9,8.025,5.5,1.6,3.45,2.1,90.1,4.5,426.2,16.8,20,FALSE
40,Nam,5.6,8.025,5.5,1.6,3.45,2.1,60.4,4,426.2,16,20.1,FALSE
31,Nam,4.7,8.025,5.5,1.6,3.45,2.1,54.9,5.3,426.2,17,18.6,FALSE
27,Nam,5.2,8.025,5.5,1.6,3.45,2.1,71.2,5.3,426.2,20.6,18.8,FALSE
35,Nam,4.3,8.025,5.5,1.6,3.45,2.1,63,2.6,426.2,16.4,11.9,FALSE
65,Nam,6.3,8.025,5.5,1.6,3.45,2.1,70.3,5.3,426.2,13.8,15.5,FALSE
76,Nam,13.5,8.025,5.5,1.6,3.45,2.1,92.2,7.3,426.2,30.9,41.6,TRUE
52,Nam,6,8.025,5.5,1.6,3.45,2.1,85.9,5.3,426.2,14,28.5,FALSE
37,Nam,6.4,8.025,4.6,1.6,3.45,3,64.6,5.3,426.2,14.1,27.5,FALSE
58,Nam,13.8,8.025,4.5,1.6,3.45,2.5,82.6,5.3,426.2,15.2,32.1,TRUE
58,Nam,5,8.025,5.9,1.6,3.45,2.8,85.2,5.3,426.2,15.6,25.3,FALSE
55,Nam,17.2,8.025,3.1,1.6,3.45,1.4,85.2,5.3,426.2,16.5,28.2,TRUE
46,Nữ,4.2,8.025,5.5,1.6,3.45,2.1,65.6,5.3,426.2,32.5,51.6,FALSE
63,Nữ,4.3,8.025,5.5,1.6,3.45,2.1,77.5,5.3,426.2,18,12.2,FALSE
11,Nữ,5.6,8.025,5.5,1.6,3.45,2.1,49.2,4.4,426.2,16.4,9.2,FALSE
86,Nam,9,8.025,5.5,1.6,3.45,2.1,61,3.6,426.2,80.8,53.9,TRUE
74,Nam,6,8.025,5.5,1.6,3.45,2.1,68.8,4.8,426.2,24.6,16.4,FALSE
11,Nam,5.6,8.025,5.5,1.6,3.45,2.1,50,3.9,426.2,24.6,14.9,FALSE
3,Nữ,5.6,8.025,5.5,1.6,3.45,2.1,37.3,2.9,426.2,34.5,12.3,FALSE
76,Nam,6.3,8.025,5.5,1.6,3.45,2.1,82.3,8.1,426.2,21.8,23.2,FALSE
71,Nữ,5.8,8.025,7.9,1.9,3.45,4.9,85.2,5.3,471.9,17,25.6,FALSE
68,Nam,8.7,8.025,5.5,1.6,3.45,2.1,72.7,7,426.2,130.1,176.6,TRUE
64,Nữ,6.5,7,6.7,2.4,3.45,1.2,163.4,15.3,426.2,14,39.8,TRUE
83,Nam,7.5,8.025,6.6,1.6,3.45,8.3,86.8,6.7,484.4,18.9,21,TRUE
47,Nam,5.6,8.025,4.8,1.6,3.45,1,78.3,4.7,426.2,16.7,14.3,FALSE
37,Nữ,5.6,8.025,5.5,1.6,3.45,2.1,87.5,4.5,426.2,57,108.7,FALSE
23,Nam,5.7,8.025,5.5,1.6,3.45,2.1,55.5,5.3,426.2,16.3,7.1,FALSE
43,Nữ,7.7,8.025,4.8,1.6,3.45,4,85.2,5.3,426.2,29.5,45.9,TRUE
67,Nữ,9.9,8.025,7.2,1.9,3.45,2.9,85.2,5.3,426.2,14.4,50.8,TRUE
53,Nữ,13.7,8.025,5.5,1.6,3.45,2.1,85.2,5.3,426.2,16.1,37.8,TRUE
69,Nam,5.1,8.025,5.5,1.6,3.45,2.1,78.2,5.5,426.2,18.4,28.8,FALSE
29,Nam,4.7,8.025,5.5,1.6,3.45,2.1,71.3,5.3,426.2,18.9,15,FALSE
68,Nữ,6.1,8.025,5.5,1.6,3.45,2.1,85.2,5.3,426.2,27,37,FALSE
38,Nam,5.6,8.025,5.7,1.6,3.45,1.1,85.2,5.3,426.2,15.4,11,FALSE
60,Nữ,4.8,8.025,5.5,1.6,3.45,2.1,81.6,5.3,426.2,13.4,18.6,FALSE
54,Nữ,7.9,8.025,5.5,1.6,3.45,2.1,85.2,5.3,426.2,13,23.6,TRUE
41,Nam,7.7,8.025,5.5,1.6,3.45,2.1,67.7,5.3,426.2,16.4,23.2,TRUE
42,Nữ,5.2,8.025,5.5,1.6,3.45,2.1,87.5,5.3,426.2,28.4,32.7,FALSE
48,Nữ,5.5,8.025,5,1.6,3.45,2.5,85.2,5.3,426.2,23.7,23.5,FALSE
81,Nữ,15.2,8.025,5.5,1.6,3.45,2.1,93,6.2,426.2,17.2,18.3,TRUE
58,Nam,5.4,8.025,4.6,1.6,3.45,4.1,80.1,6,426.2,17.4,22.9,FALSE
65,Nam,6.4,8.025,5.5,1.6,3.45,2.1,76,5.3,426.2,23.6,19.3,FALSE
64,Nam,5,8.025,5.6,1.6,3.45,1.4,96.3,5.4,324.7,19.9,15.9,FALSE
30,Nam,5.2,8.025,5.5,1.6,3.45,2.1,59.7,5.3,426.2,18,15.3,FALSE
54,Nam,5.1,8.025,5.5,1.6,3.45,2.1,66.7,8.7,426.2,19,28.5,FALSE
49,Nam,9.6,8.025,5.5,1.6,3.45,2.1,67.9,5.3,426.2,33.1,41.8,TRUE
25,Nam,5.6,8.025,4.4,1.6,3.45,1.5,77.6,5.3,426.2,34.3,68.1,FALSE
8,Nữ,6.2,8.025,5.5,1.6,3.45,2.1,63.7,5.3,426.2,24.4,17.5,FALSE
40,Nam,4.2,8.025,5.5,1.6,3.45,2.1,59.1,4.2,426.2,11.9,11.8,FALSE
34,Nữ,5.6,8.025,5.5,1.6,3.45,2.1,55,6.3,426.2,79.3,57.2,FALSE
59,Nữ,11.5,8.025,4,1.6,3.45,1,85.2,2.1,426.2,169.9,83.8,TRUE
41,Nữ,5.8,8.025,5.5,1.6,3.45,2.1,91.5,5.3,426.2,15.1,12.2,FALSE
46,Nam,5.4,8.025,6,1.6,3.45,3.4,85.2,5.3,426.2,25,21.6,FALSE
36,Nữ,7.6,8.025,5.5,1.6,3.45,2.1,98,5.3,426.2,22.9,23,TRUE
54,Nam,5.8,8.025,5.5,1.6,3.45,2.1,64.4,5.3,426.2,24.1,16.5,FALSE
28,Nữ,3.4,8.025,5.5,1.6,3.45,2.1,64.2,5.3,426.2,19.7,14.3,FALSE
75,Nam,5.9,8.025,5.5,1.6,3.45,2.1,56.5,3.4,426.2,38.7,24.2,FALSE
54,Nam,5.5,8.025,5.5,1.6,3.45,2.1,64.3,5.3,426.2,35.5,36.2,FALSE
64,Nam,5.1,8.025,5.5,1.6,3.45,2.1,92.9,5.3,426.2,45.5,61.8,FALSE
55,Nam,8,8.025,5.5,1.6,3.45,2.1,83.6,6.8,426.2,19.7,16.8,TRUE
1,Nam,5.6,8.025,5.5,1.6,3.45,2.1,48.1,1.6,426.2,57.4,23.8,FALSE
2,Nữ,5.6,8.025,5.5,1.6,3.45,2.1,38.8,1.1,426.2,26.9,9.8,FALSE
57,Nữ,6.9,8.025,5.5,1.6,3.45,2.1,78.2,5.6,426.2,35.5,17.6,FALSE
66,Nữ,23.4,10.7,5.5,1.6,3.45,2.1,111.9,8,426.2,25,21.6,TRUE
67,Nam,7.5,8.025,5.5,1.6,3.45,2.1,80.3,5.6,426.2,20.7,18.2,TRUE
58,Nam,6.3,8.025,5.5,1.6,3.45,2.1,67.5,5.4,426.2,15.6,19.3,FALSE
55,Nữ,4.8,8.025,5.5,1.6,3.45,2.1,83.4,5.6,426.2,20.1,18.1,FALSE
21,Nam,5.6,8.025,5.5,1.6,3.45,2.1,56.7,3.5,426.2,20,11.8,FALSE
49,Nam,4.9,8.025,5.5,1.6,3.45,2.1,56.9,5.3,426.2,16.2,22.5,FALSE
37,Nữ,4.1,8.025,5.5,1.6,3.45,2.1,59.2,5.3,426.2,24,30.2,FALSE
47,Nữ,4.7,8.025,5.5,1.6,3.45,2.1,1088.4,27.2,426.2,38.1,51.3,FALSE
33,Nữ,5.6,8.025,5.5,1.6,3.45,2.1,51.8,5.3,426.2,50.5,35.5,FALSE
42,Nam,6.6,8.025,5.5,1.6,3.45,2.1,58.7,4,426.2,26.4,27.4,FALSE
22,Nữ,5.6,8.025,5.5,1.6,3.45,2.1,85.2,5.8,426.2,28.7,19.5,FALSE
57,Nam,5.3,8.025,3.7,1.6,3.45,1.9,345.2,25.9,426.2,24.3,17.6,FALSE
15,Nam,4.9,8.025,5.5,1.6,3.45,2.1,53.6,5.3,426.2,17.4,16,FALSE
50,Nam,5.6,8.025,5.5,1.6,3.45,2.1,66,3.9,426.2,22.7,29.8,FALSE
51,Nam,7.9,8.025,5.5,1.6,3.45,2.1,68,5.4,426.2,15.9,17.8,TRUE
36,Nam,4.9,8.025,5.5,1.6,3.45,2.1,66,6,426.2,21,19,FALSE
58,Nam,4.9,8.025,5.5,1.6,3.45,2.1,56,4.5,426.2,20.6,26.9,FALSE
18,Nam,5.6,8.025,5.5,1.6,3.45,2.1,79.4,5.3,426.2,14.1,12.4,FALSE
23,Nam,4.6,8.025,5.5,1.6,3.45,2.1,57.3,5.3,426.2,19,10.7,FALSE
51,Nam,5.8,8.025,6.2,1.6,3.45,3.3,100.2,5.3,426.2,34.5,36.9,FALSE
52,Nam,5.6,8.025,5.6,1.6,3.45,5,85.2,5.3,257.2,21.1,21.4,FALSE
44,Nam,5.6,8.025,4.4,1.6,3.45,3.6,85.2,5.3,426.2,15.1,21.2,FALSE
40,Nam,6,8.025,5,1.6,3.45,4.2,85.2,5.3,426.2,21.6,38.2,FALSE
67,Nam,6.3,8.025,5.5,1.6,3.45,2.1,76,4.4,426.2,28,29,FALSE
52,Nam,5.3,8.025,5,1.6,3.45,1.4,94.1,7.1,426.2,23.1,20.6,FALSE
17,Nam,5.3,8.025,5.5,1.6,3.45,2.1,50.6,5.3,426.2,18.4,24,FALSE
45,Nữ,1.8,8.025,5.5,1.6,3.45,2.1,113.7,7.7,426.2,22.3,35.2,FALSE
35,Nữ,4.7,8.025,5.5,1.6,3.45,2.1,65.1,4.8,426.2,23.5,24.4,FALSE
42,Nữ,8.1,8.025,5.5,1.6,3.45,2.1,85.2,5.3,426.2,39.6,39,TRUE
66,Nữ,18.7,8.025,5.6,1.6,3.45,1.9,85.2,5.3,426.2,30.3,46.3,TRUE
69,Nam,5.9,8.025,5.5,1.6,3.45,2.1,60.4,5.3,426.2,17.4,19.6,FALSE
49,Nam,5.6,8.025,6.1,1.6,3.45,3.2,60.8,5.3,426.2,11.5,17.6,FALSE
62,Nam,5.7,8.025,5.5,1.6,3.45,2.1,68.5,5.3,426.2,18.7,34,FALSE
40,Nam,5,8.025,5.5,1.6,3.45,2.1,66.5,5.3,426.2,17.3,27.9,FALSE
60,Nữ,9.5,8.025,3.1,1.6,3.45,2.1,108.7,2.3,426.2,83.3,22.3,TRUE
69,Nam,16.4,10.2,6.6,1.8,3.45,14.7,85.2,5.3,426.2,25,21.6,TRUE
46,Nam,7.5,8.025,6.9,2,3.45,1.1,67.4,4.8,426.2,12.3,14.8,TRUE
42,Nam,9.5,8.025,5.5,1.6,3.45,2.1,58.3,5.3,426.2,13.3,15.5,TRUE
50,Nữ,5.2,8.025,5.5,1.6,3.45,2.1,113.7,6.6,426.2,32.4,39.5,FALSE
60,Nữ,5.4,8.025,5.5,1.6,3.45,2.1,68.8,5.1,426.2,20.9,31.6,FALSE
38,Nam,5.6,8.025,5.9,1.6,3.45,1.6,68.6,5.3,486.1,20.4,24.7,FALSE
55,Nữ,4.4,8.025,4.2,0.9,3.45,3.2,121.6,6.3,426.2,30.1,32.5,FALSE
39,Nữ,5.6,8.025,5.5,1.6,3.45,2.1,79.1,4.4,426.2,75.9,142.2,FALSE
57,Nam,5.6,8.025,5.5,1.6,3.45,2.1,63.8,5.3,426.2,22.4,19.2,FALSE
56,Nữ,6.5,8.025,5.5,1.6,3.45,2.1,91.3,5.3,426.2,21.8,32.9,FALSE
38,Nam,5.3,8.025,5.5,1.6,3.45,2.1,65.1,5.3,426.2,19.8,15.4,FALSE
43,Nam,8.3,8.025,5.5,1.6,3.45,2.1,79.7,5.3,426.2,17.4,16.3,TRUE
53,Nữ,11.7,8.025,7.2,1.6,3.45,10,98.1,5.3,426.2,295.4,217.3,TRUE
36,Nam,5.6,8.025,5,1.6,3.45,1,85.2,5.3,426.2,18,21.6,FALSE
51,Nam,5.9,8.025,7.3,1.6,3.45,1,85.2,5.3,426.2,23.5,18,FALSE
61,Nam,5.7,8.025,5.5,1.6,3.45,2.1,69,5.3,426.2,21.8,17.8,FALSE
40,Nữ,10.1,8.025,4.3,1.6,3.45,2.3,134.1,7.8,426.2,61.9,61,TRUE
70,Nam,4.8,8.025,5.5,1.6,3.45,2.1,64,4.4,426.2,17.8,22,FALSE
72,Nam,9.8,6.7,4.7,1,3.45,8.1,85.2,5.3,426.2,25,21.6,TRUE
60,Nam,5.6,8.025,5.5,1.6,3.45,2.1,65.9,4.3,426.2,19.9,25.9,FALSE
66,Nữ,5.8,8.025,6.2,1.6,3.45,1.1,92.6,6.1,426.2,17.9,22.8,FALSE
19,Nam,4.6,8.025,5.5,1.6,3.45,2.1,52.5,5.3,426.2,14.7,16.5,FALSE
70,Nam,4.1,8.025,5.5,1.6,3.45,2.1,62.5,6.4,426.2,16.9,9.3,FALSE
63,Nữ,6.2,8.025,5.5,1.6,3.45,2.1,92.5,6.2,426.2,21.8,17.7,FALSE
25,Nam,4,8.025,5.5,1.6,3.45,2.1,63.4,5.3,426.2,16.6,11.9,FALSE
27,Nam,5.6,8.025,5.5,1.6,3.45,2.1,68,5.3,426.2,18,25,FALSE
64,Nữ,7.9,8.025,5.5,1.6,3.45,2.1,107,5.3,426.2,26.8,27.2,TRUE
68,Nam,9,7.8,4.9,1.3,3.45,1,85.2,5.3,426.2,25,21.6,TRUE
67,Nam,14.5,8.025,7.3,1.9,3.45,1.9,85.2,5.3,426.2,25,21.6,TRUE
19,Nam,4,8.025,5.5,1.6,3.45,2.1,85.2,5.3,426.2,17.1,13.4,FALSE
24,Nữ,11.5,8.025,5.5,1.6,3.45,2.1,72.9,2.1,426.2,169.9,83.8,TRUE
70,Nam,6,8.025,5.5,1.6,3.45,2.1,80.9,6,426.2,24.4,20.6,FALSE
63,Nam,8.8,8.025,5.5,1.6,3.45,2.1,58,5.4,426.2,23.2,26.2,TRUE
60,Nữ,6,8.025,5.5,1.6,3.45,2.1,103.8,5.3,426.2,19.6,18.1,FALSE
44,Nam,7,8.025,5.5,1.6,3.45,2.1,59.4,4.7,426.2,24.5,36.6,TRUE
76,Nữ,7.1,5.49,5.9,1.4,3.45,1.9,85.2,5.3,426.2,25,21.6,TRUE
64,Nam,4.9,8.025,5.5,1.6,3.45,2.1,73.1,5.2,426.2,52.5,61.3,FALSE
33,Nữ,5.6,8.025,5.5,1.6,3.45,2.1,79.9,5.3,426.2,53.7,89.6,FALSE
65,Nam,4.9,8.025,5.5,1.6,3.45,2.1,78,6.9,426.2,59.2,43.8,FALSE
61,Nữ,6.3,8.025,5.5,1.6,3.45,2.1,98.2,4.9,426.2,16.9,14.5,FALSE
68,Nam,7.1,8.025,7.8,1.6,3.45,1.5,84.9,5.3,426.2,29.1,25.3,TRUE
35,Nữ,6.4,8.025,5.5,1.6,3.45,2.1,90,5.3,426.2,134,75,FALSE
42,Nam,6.4,8.025,5.5,1.6,3.45,2.1,59.3,5.3,426.2,24.6,38,FALSE
53,Nam,5,8.025,5.5,1.6,3.45,2.1,57.2,4.6,353,30.1,50.4,FALSE
33,Nữ,7.1,8.025,5.5,1.6,3.45,2.1,66,5.3,426.2,35.9,58.4,TRUE
62,Nữ,5.4,8.025,5.9,1.4,3.45,1.2,90.8,6.8,426.2,19.4,24.8,FALSE
24,Nam,3.7,8.025,5.5,1.6,3.45,2.1,54.3,5.3,426.2,15.4,18.6,FALSE
46,Nam,3.7,8.025,5.5,1.6,3.45,2.1,63.5,3.8,426.2,25.2,28.9,FALSE
72,Nam,5.1,8.025,5.5,1.6,3.45,2.1,65.3,4.5,426.2,21.4,24.8,FALSE
56,Nam,16.1,8.025,5.5,1.6,3.45,2.1,70.2,5.3,426.2,12.7,17.4,TRUE
19,Nam,5,8.025,5.5,1.6,3.45,2.1,55.3,5.3,426.2,22.4,19.5,FALSE
18,Nữ,5.6,8.025,5.5,1.6,3.45,2.1,100.4,4.2,426.2,25.3,17.8,FALSE
17,Nam,5.6,8.025,5.5,1.6,3.45,2.1,58.2,3.2,426.2,13.3,11.9,FALSE
58,Nữ,5.6,8.025,5.5,1.6,3.45,2.1,89.5,4.1,426.2,17.9,18.7,FALSE
31,Nam,5.2,8.025,5.5,1.6,3.45,2.1,66.2,4,426.2,18.4,21.9,FALSE
19,Nữ,6.9,8.025,5.5,1.6,3.45,2.1,74.8,5.3,426.2,38.2,24.1,FALSE
31,Nam,7.3,8.025,5.5,1.6,3.45,2.1,63.2,5.3,426.2,15.5,15.8,TRUE
24,Nam,4.1,8.025,5.5,1.6,3.45,2.1,57.6,5.3,426.2,17,19.6,FALSE
70,Nam,7.3,8.025,5.5,1.6,3.45,2.1,218.2,5.3,426.2,60.8,72.5,TRUE
81,Nam,4.6,8.025,5.5,1.6,3.45,2.1,93.7,5.3,426.2,23.8,20.5,FALSE
60,Nữ,5.9,8.025,5.5,1.6,3.45,2.1,162.4,9.4,500,27.5,31.8,FALSE
46,Nam,6.5,8.025,5,1.6,3.45,1.8,81.4,5.3,426.2,20.2,25.3,FALSE
58,Nam,5.1,8.025,5.6,1.6,3.45,2,85.2,5.3,426.2,25,21.6,FALSE
65,Nam,5.4,8.025,7.1,1.6,3.45,1.9,55.1,5.3,426.2,22.6,14.5,FALSE
64,Nam,4.2,8.025,5.5,1.6,3.45,2.1,58.9,5.3,426.2,24.6,18.7,FALSE
61,Nữ,7.1,8.025,5.5,1.6,3.45,2.1,66,5.3,426.2,35.9,58.4,TRUE
52,Nam,8,8.025,5.9,1.6,3.45,1.9,63.7,5.3,426.2,21.8,26.8,TRUE
38,Nam,5.6,8.025,5.5,1.6,3.45,2.1,58.6,5.3,426.2,26.4,16.5,FALSE
51,Nữ,5.3,8.025,5.5,1.6,3.45,2.1,75.4,5.6,426.2,14.7,13.4,FALSE
66,Nữ,5.9,5.89,5.8,1.3,3.45,3.1,80.2,4.1,426.2,23.2,19.5,FALSE
70,Nam,6.2,8.025,5.5,1.6,3.45,2.1,85.2,5.3,426.2,19.2,15.2,FALSE
63,Nam,5.5,8.025,5.5,1.6,3.45,2.1,71.5,5,426.2,38.2,48.9,FALSE
34,Nam,5.6,8.025,5.5,1.6,3.45,2.1,75.4,7.5,426.2,23.3,22.2,FALSE
69,Nam,4.9,8.025,5.5,1.6,3.45,2.1,84.3,5.3,426.2,14.1,12,FALSE
64,Nữ,5.4,8.025,5.5,1.6,3.45,2.1,97.5,5.8,426.2,65,91.2,FALSE
37,Nữ,5.6,8.025,4.2,1.6,3.45,5.7,85.2,5.3,435.7,18.2,33.2,FALSE
66,Nữ,7.8,8.025,5.5,1.6,3.45,2.1,81.4,5.3,426.2,52.3,44.7,TRUE
60,Nữ,5.6,8.025,5.5,1.6,3.45,2.1,85.2,28.9,426.2,34.6,44.1,FALSE
92,Nam,12.3,8.025,5.5,1.6,3.45,2.1,73.7,5.4,426.2,19.9,15.1,TRUE
11,Nữ,5.3,8.025,5.5,1.6,3.45,2.1,11.5,4.3,426.2,77.4,47.5,FALSE
70,Nữ,8.3,8.025,5.5,1.6,3.45,2.1,96,5.3,426.2,18.5,23.5,TRUE
20,Nam,5.5,8.025,5.5,1.6,3.45,2.1,85.2,5.3,426.2,20.4,23.4,FALSE
65,Nữ,7.1,8.025,5.7,1.6,3.45,1.2,85.2,5.3,426.2,190.4,98.1,TRUE
72,Nữ,5.3,8.025,5.5,1.6,3.45,2.1,88.9,5.3,426.2,23.3,30.4,FALSE
51,Nam,5.7,8.025,4.8,1.6,3.45,2.6,52.9,5.3,352,20.3,28,FALSE
34,Nam,5.1,8.025,5.5,1.6,3.45,2.1,72,5.3,426.2,22.1,22.8,FALSE
53,Nam,6,8.025,6.7,1.6,3.45,2.2,85.2,5.3,426.2,25.4,25.1,FALSE
34,Nữ,5.6,8.025,5.5,1.6,3.45,2.1,69,5.3,426.2,26,13.7,FALSE
30,Nam,5.3,8.025,5.5,1.6,3.45,2.1,59.8,5.3,426.2,20.3,21.6,FALSE
40,Nam,8.9,8.025,5.5,1.6,3.45,2.1,68.4,5.3,426.2,15.4,31.2,TRUE
49,Nam,6.6,8.025,5.5,1.6,3.45,2.1,64.5,5,426.2,15.5,15.5,FALSE
32,Nam,4.8,8.025,5.5,1.6,3.45,2.1,76.6,5.3,426.2,17.5,20.5,FALSE
69,Nam,7.5,8.025,5.2,1.2,3.45,1.6,85.2,5.3,426.2,25,21.6,TRUE
76,Nữ,8.7,8.025,5.5,1.6,3.45,2.1,85.2,5.3,426.2,30.6,48.7,TRUE
53,Nam,5,8.025,5.5,1.6,3.45,2.1,79.5,5.3,426.2,24.4,16.5,FALSE
44,Nữ,6.7,8.025,5.5,1.6,3.45,2.1,76.4,7.2,426.2,38.6,24.9,FALSE
54,Nữ,5.3,8.025,5.1,1.6,3.45,1.4,72.8,5.3,426.2,22.7,49.5,FALSE
60,Nữ,5.6,8.025,5.5,1.6,3.45,2.1,85.2,14.1,426.2,21.7,16.7,FALSE
22,Nữ,5,8.025,5.5,1.6,3.45,2.1,67.4,5.3,426.2,22.4,14.5,FALSE
99,Nữ,6.2,8.025,5.5,1.6,3.45,2.1,131,8.4,426.2,26.8,17.6,FALSE
55,Nữ,11,8.025,5.5,1.6,3.45,2.1,161,5.3,426.2,22.9,21.1,TRUE
67,Nam,4.7,8.025,5.5,1.6,3.45,2.1,60.4,5,426.2,19.4,20,FALSE
34,Nữ,5.6,8.025,5.5,1.6,3.45,2.1,92.7,5.3,426.2,23.9,28.9,FALSE
68,Nữ,6.1,8.025,5.5,1.6,3.45,2.1,124.6,13.6,426.2,36.3,54.4,FALSE
68,Nam,5.9,8.025,5.5,1.6,3.45,2.1,58.7,5,426.2,19.4,26.7,FALSE
54,Nam,5.6,8.025,5.5,1.6,3.45,2.1,70.6,6.5,426.2,19.2,18,FALSE
81,Nam,6.2,8.025,5.5,1.6,3.45,2.1,103,9.1,426.2,25,21.6,FALSE
36,Nam,5.3,8.025,5.5,1.6,3.45,2.1,60,4.6,426.2,16.5,13,FALSE
44,Nữ,6,8.025,5.5,1.6,3.45,2.1,65.8,2.4,426.2,45.3,48.4,FALSE
52,Nam,7.8,8.025,5.8,1.6,3.45,1.5,85.2,5.3,426.2,14.2,13.7,TRUE
11,Nam,6.2,8.025,5.5,1.6,3.45,2.1,55.7,5.3,426.2,23.4,33.4,FALSE
18,Nam,5.2,8.025,5.5,1.6,3.45,2.1,55.8,2.1,426.2,16.7,13.6,FALSE
21,Nữ,6.1,8.025,5.5,1.6,3.45,2.1,76.1,5.3,426.2,22.5,26.9,FALSE
68,Nữ,6.6,8.025,5.5,1.6,3.45,2.1,64.9,6.1,426.2,17.3,21.6,FALSE
59,Nữ,5.4,8.025,5.5,1.6,3.45,2.1,101.1,5.3,426.2,24.3,26.4,FALSE
64,Nam,4.9,8.025,5.5,1.6,3.45,2.1,68.6,7.6,426.2,32,48.7,FALSE
39,Nữ,6.1,8.025,5.5,1.6,3.45,2.1,62.5,5.3,426.2,34.1,32,FALSE
56,Nam,16.8,8.025,5.4,1.6,3.45,3.9,65,4.9,426.2,18.6,17.9,TRUE
69,Nữ,5.9,8.025,5.5,1.6,3.45,2.1,158.3,15,426.2,22,18.9,FALSE
45,Nữ,12.8,8.025,5.5,1.6,3.45,2.1,81.1,3.7,426.2,25,21.6,TRUE
85,Nam,7.8,8.025,4.9,1.2,3.45,2.2,101.9,5.6,426.2,17.5,17,TRUE
34,Nữ,5.6,8.025,8.1,1.4,3.45,2.8,81.2,7,426.2,90.6,117.6,FALSE
37,Nữ,5.6,8.025,5.5,1.6,3.45,2.1,85.2,29.2,426.2,36.3,44.4,FALSE
50,Nam,4.9,8.025,5.5,1.6,3.45,2.1,63.2,5.3,426.2,15.3,19.1,FALSE
45,Nam,5.8,8.025,5.5,1.6,3.45,2.1,98.2,5.3,426.2,25.5,18.3,FALSE
51,Nam,5.6,8.025,5.5,1.6,3.45,2.1,117.3,8,426.2,39,41,FALSE
58,Nam,7.2,7.07,5,1.6,3.45,0.9,70.3,4.9,426.2,17.3,15.7,TRUE
24,Nam,4.2,8.025,5.5,1.6,3.45,2.1,51.6,5.3,426.2,18.8,18.5,FALSE
24,Nam,5,8.025,5.5,1.6,3.45,2.1,63.5,5.3,426.2,25.2,19.1,FALSE
86,Nam,8.7,8.025,5.5,1.6,3.45,2.1,79.7,5.3,426.2,19,19.1,TRUE
88,Nữ,10.9,8.025,5.5,1.6,3.45,2.1,69.5,5.3,426.2,18.7,17.2,TRUE
25,Nam,3.8,8.025,5.5,1.6,3.45,2.1,74.2,5.3,426.2,22.4,29.3,FALSE
40,Nữ,13.5,8.025,5.5,1.6,3.45,2.1,84.1,4.1,426.2,120,101.8,TRUE
58,Nam,4.8,8.025,5.5,1.6,3.45,2.1,65.8,2.6,426.2,18.7,16.6,FALSE
67,Nam,9.2,8.025,5.5,1.6,3.45,2.1,64.2,6.8,426.2,26.8,18.8,TRUE
36,Nam,5.6,8.025,6,1.6,3.45,0.9,55.3,3.7,426.2,19.2,27.2,FALSE
58,Nữ,6.7,8.025,5.5,1.6,3.45,2.1,85.2,3.1,426.2,44.6,54.8,FALSE
51,Nam,5.6,8.025,5.5,1.6,3.45,2.1,85.2,29,426.2,108.8,161,FALSE
48,Nữ,5.6,8.025,5.5,1.6,3.45,2.1,85.2,28.3,426.2,40.1,35.6,FALSE
83,Nữ,14.9,8.025,5.5,1.6,3.45,2.1,76.6,6.8,426.2,83.9,72.7,TRUE
89,Nữ,9.3,8.025,4,1.6,3.45,1.1,75.4,3.8,426.2,26.2,28.7,TRUE
62,Nam,7.4,8.025,5.5,1.6,3.45,2.1,85.2,5.3,426.2,18.1,31.8,TRUE
17,Nam,5.6,8.025,5.5,1.6,3.45,2.1,66.3,5.3,426.2,21.1,13.2,FALSE
18,Nam,6.3,8.025,5.5,1.6,3.45,2.1,55.4,5.3,426.2,13,15.3,FALSE
53,Nam,5.5,8.025,6.4,1.6,3.45,3.4,65.1,5.3,426.2,15.2,16.6,FALSE
81,Nam,9.7,8.025,5.5,1.6,3.45,2.1,67,7.1,426.2,33.4,20.3,TRUE
63,Nữ,5.9,8.025,5.5,1.6,3.45,2.1,127.4,7.6,426.2,39.5,26.1,FALSE
62,Nữ,7.1,8.025,5.5,1.6,3.45,2.1,89,3.9,426.2,22.4,22.8,TRUE
53,Nam,8.2,8.025,5.5,1.6,3.45,2.1,85.2,5.3,426.2,16.1,14,TRUE
55,Nữ,5.1,8.025,5.5,1.6,3.45,2.1,90.8,5.2,426.2,23.6,19.5,FALSE
85,Nam,10.9,8.025,5.5,1.6,3.45,2.1,95.3,7.1,426.2,21.6,24.1,TRUE
29,Nữ,9.6,8.025,5.5,1.6,3.45,2.1,85.2,5.3,426.2,19.7,41.1,TRUE
65,Nam,9,8.025,5.5,1.6,3.45,2.1,61.8,5.2,426.2,22.4,21.2,TRUE
77,Nam,8.6,8.025,5.5,1.6,3.45,2.1,83.3,5.7,426.2,25,21.6,TRUE
66,Nam,6.5,6.95,4.1,1.3,3.45,2,80.3,5.3,426.2,25,21.6,TRUE
22,Nam,4.2,8.025,5.5,1.6,3.45,2.1,55,5.3,426.2,17.4,17.9,FALSE
44,Nữ,5.1,8.025,5.5,1.6,3.45,2.1,87.2,5.3,426.2,28.8,38.2,FALSE
29,Nam,5.3,8.025,5.5,1.6,3.45,2.1,52.7,3.9,426.2,27.1,14.2,FALSE
62,Nữ,6.2,8.025,5.5,1.6,3.45,2.1,120.3,6.7,426.2,76,38.4,FALSE
60,Nam,5.1,8.025,5.5,1.6,3.45,2.1,54,5.3,426.2,20.4,21.5,FALSE
62,Nữ,7.4,8.025,5.5,1.6,3.45,2.1,88.8,2.9,426.2,31,18.1,TRUE
64,Nam,5.1,8.025,5.5,1.6,3.45,2.1,110.1,5.3,426.2,27.3,9.9,FALSE
71,Nam,3.9,8.025,5.5,1.6,3.45,2.1,55,5.3,426.2,19.7,15.4,FALSE
57,Nữ,4.9,8.025,5.5,1.6,3.45,2.1,96.2,4.9,426.2,37.1,43.2,FALSE
52,Nữ,5.7,8.025,5.5,1.6,3.45,2.1,85.6,6.5,426.2,32.4,53.5,FALSE
40,Nam,5.7,8.025,5.5,1.6,3.45,2.1,70.9,5.3,426.2,20,13.7,FALSE
17,Nam,5.4,8.025,5.5,1.6,3.45,2.1,62.4,5.3,426.2,23.4,42.1,FALSE
27,Nam,6,8.025,5.5,1.6,3.45,2.1,62,5.3,426.2,17.7,13.5,FALSE
54,Nữ,4,8.025,5.5,1.6,3.45,2.1,98.1,5.3,426.2,34.4,23.1,FALSE
66,Nam,5.3,8.025,5.5,1.6,3.45,2.1,65.5,6.3,426.2,20.7,15.7,FALSE
51,Nam,5.3,8.025,5.5,1.6,3.45,2.1,92,3.1,426.2,19,11,FALSE
7,Nữ,5.2,8.025,5.5,1.6,3.45,2.1,62.8,5.6,426.2,44.8,13.6,FALSE
51,Nam,5.6,8.025,5.5,1.6,3.45,2.1,61.3,6.8,426.2,18.9,36.8,FALSE
59,Nữ,9,6.39,5.5,1.8,3.45,4.4,71.4,5.9,426.2,38.3,18.2,TRUE
58,Nữ,6.3,8.025,5.5,1.6,3.45,2.1,88.5,7,426.2,37.4,29.7,FALSE
58,Nam,5.6,8.025,5.5,1.6,3.45,2.1,58.8,5.7,426.2,18.9,14.6,FALSE
67,Nữ,8.6,8.025,5.5,1.6,3.45,2.1,74,6.5,426.2,25,21.6,TRUE
58,Nữ,9.3,8.025,5.5,1.6,3.45,2.1,109.7,12.6,426.2,24.9,18.8,TRUE
69,Nam,9.1,8.025,3.9,1.1,3.45,7.3,96.1,4.3,426.2,23.7,19.4,TRUE
66,Nữ,6.4,8.025,3.2,1,3.45,3.6,89.2,7.9,426.2,33.2,23.8,FALSE
51,Nữ,6.7,8.025,5.5,1.6,3.45,2.1,105.7,5.3,539.4,62.5,49.5,FALSE
40,Nữ,7.8,8.025,5.5,1.6,3.45,2.1,103,5.3,426.2,200,95,TRUE
60,Nữ,5.6,8.025,5.5,1.6,3.45,2.1,114.6,5.6,426.2,32.2,47.3,FALSE
54,Nam,10.7,8.025,5.5,1.6,3.45,2.1,86.4,5.1,426.2,26.7,33.2,TRUE
50,Nữ,5.6,8.025,2.9,1.6,3.45,6.8,80.8,4.3,426.2,25,21.6,FALSE
66,Nam,4.9,8.025,5.5,1.6,3.45,2.1,85.3,6.7,426.2,35.6,21.9,FALSE
62,Nam,14.1,11.12,5.5,1.8,3.45,8.4,85.2,5.3,426.2,25,21.6,TRUE
20,Nam,5.6,8.025,5.5,1.6,3.45,2.1,59.1,7.2,426.2,17.6,23.5,FALSE
43,Nữ,5.6,8.025,5.5,1.6,3.45,2.1,119,5.4,426.2,24.5,21.7,FALSE
21,Nam,5.1,8.025,5.5,1.6,3.45,2.1,54.3,5.3,426.2,19.9,13.7,FALSE
37,Nam,4.8,8.025,5.5,1.6,3.45,2.1,65,5.3,426.2,22.1,19.7,FALSE
20,Nam,5.2,8.025,5.5,1.6,3.45,2.1,50.5,5.3,426.2,25.2,18.2,FALSE
76,Nam,19.5,8.025,5.5,1.6,3.45,2.1,92.6,7.9,426.2,11,22.4,TRUE
29,Nam,5.2,8.025,5.5,1.6,3.45,2.1,65,5.3,426.2,15,21,FALSE
52,Nam,5.5,8.025,5.5,1.6,3.45,2.1,85,6.2,426.2,19.8,16.4,FALSE
61,Nam,6,8.025,5.5,1.6,3.45,2.1,87.1,6,426.2,12.3,15.7,FALSE
70,Nam,9.3,8.025,5.5,1.6,3.45,2.1,72.7,5.4,426.2,28.3,17.8,TRUE
60,Nam,9.2,8.025,5.5,1.6,3.45,2.1,68.8,5.5,426.2,16.7,33.3,TRUE
64,Nam,5.6,8.025,5.5,1.6,3.45,2.1,77.3,6.7,426.2,26.1,28.5,FALSE
72,Nam,5.6,4.59,5.5,1.6,3.45,2.1,85.2,2.8,426.2,30.6,18.5,FALSE
58,Nữ,6,8.025,5.5,1.6,3.45,2.1,98.5,5.3,426.2,22.9,12.3,FALSE
99,Nữ,8.4,8.025,5.5,1.6,3.45,2.1,95.3,3.5,426.2,27.1,37.7,TRUE
40,Nam,6.7,8.025,5.5,1.6,3.45,2.1,82.1,5.3,426.2,18,18.5,FALSE
65,Nam,21,8.3,4.3,1.2,3.45,1.8,85.2,5.3,426.2,25,21.6,TRUE
88,Nam,7.6,8.025,5.5,1.6,3.45,2.1,67.8,4.6,426.2,17,22.3,TRUE
43,Nữ,37.9,8.025,5.5,1.6,3.45,2.1,102,5.3,426.2,199.7,152.8,TRUE
66,Nam,5.4,8.025,5,1.6,3.45,1.5,70.4,5.3,386.6,12.8,10.6,FALSE
42,Nam,5.5,8.025,5.5,1.6,3.45,2.1,85.2,5.3,426.2,33,54,FALSE
44,Nam,5.6,8.025,3.8,1.6,3.45,1.2,87,5.7,426.2,14.1,24.3,FALSE
33,Nam,5.6,8.025,7.9,1.6,3.45,11.6,85.2,5.3,426.2,35.3,41.3,FALSE
21,Nam,3.6,8.025,5.5,1.6,3.45,2.1,65.7,5.3,426.2,14.9,20,FALSE
28,Nam,5.8,8.025,5.5,1.6,3.45,2.1,57.9,5.3,426.2,15.8,14.7,FALSE
31,Nam,4.8,8.025,5.5,1.6,3.45,2.1,61.9,4.4,426.2,19.7,19.9,FALSE
62,Nữ,9.9,8.025,5.5,1.6,3.45,2.1,80.1,5.7,426.2,31.1,20.3,TRUE
62,Nam,13.8,8.025,5.5,1.6,3.45,2.1,56.4,6.8,426.2,22,18.7,TRUE
49,Nam,7.1,8.025,5.5,1.6,3.45,2.1,73.2,5.3,426.2,57.5,44.1,TRUE
2,Nữ,6.6,8.025,5.5,1.6,3.45,2.1,33.6,2.6,426.2,26.4,19.4,FALSE
37,Nữ,7.3,8.025,5.5,1.6,3.45,2.1,85.2,5.3,426.2,189,92,TRUE
27,Nam,5.6,8.025,5.5,1.6,3.45,2.1,65,3.6,426.2,16.3,16.9,FALSE
61,Nam,8.1,8.025,5.6,2.1,3.45,2.1,66.1,7.9,426.2,15.9,14.3,TRUE
47,Nam,10.7,8.025,5.5,1.6,3.45,2.1,78,8.1,426.2,28,27,TRUE
33,Nam,7.5,8.025,6.4,1.6,3.45,0.8,73.2,4.2,426.2,13.3,20,TRUE
32,Nam,5.6,8.025,5.5,1.6,3.45,2.1,69.2,4.4,426.2,22,20.9,FALSE
55,Nam,9.8,8.43,5.5,1.9,3.45,1.4,85.2,5.3,426.2,25,21.6,TRUE
63,Nam,24.5,10.08,5,1.8,3.45,1.6,89.2,5.3,426.2,25,21.6,TRUE
64,Nữ,7.8,8.025,5.5,1.6,3.45,2.1,108.5,5.3,419.6,24.3,35.1,TRUE
31,Nam,4.6,8.025,5.5,1.6,3.45,2.1,61.7,5.3,426.2,27.4,18,FALSE
36,Nam,5.3,8.025,5.5,1.6,3.45,2.1,58.1,5.3,426.2,20.7,16.4,FALSE
22,Nam,5.6,8.025,5.5,1.6,3.45,2.1,46.5,5.3,426.2,16.4,5.2,FALSE
58,Nam,5.8,8.025,6.5,1.6,3.45,3.6,73.6,7.6,426.2,17.3,21,FALSE
55,Nữ,11.5,8.025,5.5,1.6,3.45,2.1,83.7,6.6,426.2,16.7,24.9,TRUE
35,Nữ,5.6,8.025,5.5,1.6,3.45,2.1,1511.7,30.5,426.2,53.4,89.4,FALSE
84,Nam,15.7,8.025,5.5,1.6,3.45,2.1,89.7,5.6,426.2,9.6,13.4,TRUE
55,Nữ,5.7,8.025,5.5,1.6,3.45,2.1,147,6,426.2,85.5,55.7,FALSE
50,Nữ,10.8,8.025,5.5,1.6,3.45,2.1,85.2,5.3,426.2,197.2,363.3,TRUE
68,Nữ,13.1,8.025,5.5,1.6,3.45,2.1,81.5,3.6,426.2,74.1,161.8,TRUE
40,Nữ,7.1,8.025,5.5,1.6,3.45,2.1,94.4,5.3,426.2,34.7,44.1,TRUE
61,Nữ,6.7,8.025,5.5,1.6,3.45,2.1,122.4,4.7,426.2,29.9,47.9,FALSE
34,Nam,5.9,8.025,5.5,1.6,3.45,2.1,63.8,3.6,426.2,20.2,16.1,FALSE
51,Nữ,9.4,8.025,5.5,1.6,3.45,2.1,97.7,16.7,426.2,43.4,36.1,TRUE
31,Nam,5.3,8.025,5.5,1.6,3.45,2.1,56.3,5.3,426.2,18,12.4,FALSE
72,Nam,4.1,8.025,5.5,1.6,3.45,2.1,67.9,4.4,426.2,34.8,33.5,FALSE
83,Nam,5.3,8.025,5.5,1.6,3.45,2.1,86,5.3,426.2,23.5,11,FALSE
43,Nam,5.5,8.025,5.5,1.6,3.45,2.1,65.2,5.3,426.2,19.5,16.5,FALSE
83,Nữ,7.4,8.025,5.5,1.6,3.45,2.1,118.3,10.3,426.2,51.5,25.9,TRUE
56,Nữ,8.3,8.025,5.5,1.6,3.45,2.1,101.1,6.3,426.2,47.9,24.9,TRUE
64,Nam,12.4,8.025,5.5,1.6,3.45,2.1,76.5,3.8,426.2,68,99.5,TRUE
54,Nam,10.4,8.025,5.5,1.6,3.45,2.1,66.3,6.6,426.2,23.3,24.3,TRUE
56,Nữ,6.8,8.025,5.5,1.6,3.45,2.1,91.7,3.2,720.5,17.3,19.5,FALSE
10,Nam,5.9,8.025,5.5,1.6,3.45,2.1,71.6,6.7,426.2,25,21.6,FALSE
69,Nữ,7.8,8.025,5.5,1.6,3.45,2.1,98.9,7.2,426.2,65.6,38.5,TRUE
62,Nữ,11.3,8.025,4.8,1.6,3.45,4.2,88.9,6.2,426.2,18,13.8,TRUE
43,Nữ,29.3,8.025,5.5,1.6,3.45,2.1,85.2,6.6,426.2,206.7,163.6,TRUE
35,Nữ,5.3,8.025,5.5,1.6,3.45,2.1,103.6,5.3,426.2,36,27,FALSE
21,Nam,4,8.025,5.5,1.6,3.45,2.1,58,5.3,426.2,16,10.9,FALSE
86,Nữ,7.2,8.025,5.5,1.6,3.45,2.1,100,5.4,344.7,28.9,36.5,TRUE
7,Nam,4.8,8.025,5.5,1.6,3.45,2.1,53.3,5.3,426.2,46.8,18.5,FALSE
37,Nam,6.7,8.025,5.5,1.6,3.45,2.1,55.8,5.3,426.2,15.8,14.9,FALSE
55,Nam,5.9,8.025,5.5,1.6,3.45,2.1,61.1,3.9,426.2,31.5,20.4,FALSE
60,Nữ,5.6,8.025,5.5,1.6,3.45,2.1,99.7,5.3,426.2,26.1,46.2,FALSE
1,Nam,5.6,8.025,5.5,1.6,3.45,2.1,30.3,1.8,426.2,46.3,17,FALSE
61,Nam,6,8.025,5.5,1.6,3.45,2.1,64.8,5.3,426.2,23.1,14.8,FALSE
21,Nam,5.3,8.025,5.5,1.6,3.45,2.1,53.5,2.1,426.2,18.3,9.2,FALSE
17,Nữ,5.6,8.025,5.5,1.6,3.45,2.1,63.5,3.1,426.2,18.7,16,FALSE
47,Nữ,4.5,8.025,5.5,1.6,3.45,2.1,861,5.3,426.2,29.4,32.7,FALSE
10,Nam,5.6,8.025,5.5,1.6,3.45,2.1,53.1,3.4,426.2,30.5,27.7,FALSE
27,Nam,4.3,8.025,5.5,1.6,3.45,2.1,57,5.3,426.2,22.4,11.9,FALSE
4,Nữ,5.6,8.025,5.5,1.6,3.45,2.1,46.6,3,426.2,42.8,23,FALSE
28,Nam,6.3,8.025,5.5,1.6,3.45,2.1,74.2,4,426.2,12.8,17.7,FALSE
18,Nữ,6.4,8.025,5.5,1.6,3.45,2.1,78.1,5.3,426.2,19.4,25,FALSE
40,Nữ,6,8.025,5.5,1.6,3.45,2.1,111.6,5.3,426.2,38.9,59.1,FALSE
67,Nữ,13.4,8.025,5.5,1.6,3.45,2.1,136.7,8.3,426.2,39.7,45.8,TRUE
41,Nam,4,8.025,5.5,1.6,3.45,2.1,116.4,5.3,426.2,19.5,10.9,FALSE
2,Nữ,5.6,8.025,5.5,1.6,3.45,2.1,30.5,3.7,426.2,36.4,13.7,FALSE
56,Nam,7.3,8.025,5.5,1.6,3.45,2.1,67.7,5.3,426.2,16.3,11,TRUE
62,Nam,5.5,8.025,5.5,1.6,3.45,2.1,78,5.3,426.2,23.4,17.6,FALSE
59,Nam,5.6,8.025,7,1.6,3.45,1.6,85.2,5.3,426.2,31.8,18.1,FALSE
55,Nam,5.8,8.025,5.5,1.6,3.45,2.1,62.7,5.3,426.2,22.6,22.1,FALSE
48,Nam,5.5,8.025,4.7,1.6,3.45,2.4,85.2,5.3,426.2,21.3,25.9,FALSE
49,Nữ,5.9,8.025,5.5,1.6,3.45,2.1,89.9,5.3,426.2,29.2,26.5,FALSE
72,Nam,7.2,8.025,5.5,1.6,3.45,2.1,85.2,5.3,426.2,27.5,23.7,TRUE
35,Nữ,6.6,8.025,5.5,1.6,3.45,2.1,67.4,2.9,426.2,129.7,211.4,FALSE
31,Nam,3.8,8.025,5.5,1.6,3.45,2.1,48.5,4.7,426.2,34.6,18.2,FALSE
61,Nam,4.9,8.025,6.1,1.6,3.45,1.4,82.3,5.3,426.2,18.4,18.8,FALSE
60,Nữ,9.4,8.025,5.5,1.6,3.45,2.1,85.2,5.3,426.2,23.6,33.3,TRUE
47,Nam,5.9,8.025,5.3,1.6,3.45,2.5,85.2,5.3,426.2,20.2,24.9,FALSE
45,Nam,7,8.025,5.5,1.6,3.45,2.1,65.4,5.3,426.2,25.2,19.3,TRUE
19,Nam,5.6,8.025,5.5,1.6,3.45,2.1,55.2,3.1,426.2,12.8,18.6,FALSE
62,Nam,8.5,8.54,5.7,1.4,3.45,2.5,85.2,5.3,426.2,25,21.6,TRUE
28,Nữ,5.6,8.025,5.5,1.6,3.45,2.1,80,4.6,426.2,24,24,FALSE
41,Nữ,7.4,8.025,5.5,1.6,3.45,2.1,80,5.2,426.2,23.2,32.7,TRUE
80,Nam,5.6,8.025,6.5,1.6,3.45,4,74.3,2.9,426.2,20.2,19.5,FALSE
50,Nữ,10.3,8.025,4.8,1.8,3.45,0.9,83.4,3.6,426.2,71.3,70.2,TRUE
49,Nữ,8.3,8.025,5.5,1.6,3.45,2.1,113,5.3,426.2,16.5,13.2,TRUE
2,Nữ,5.6,8.025,5.5,1.6,3.45,2.1,41.5,2.2,426.2,33,15.3,FALSE
28,Nam,5.5,8.025,5.5,1.6,3.45,2.1,85.2,5.3,426.2,21.7,15.9,FALSE
71,Nữ,5.6,8.025,3.1,1.6,3.45,0.8,95.1,2.4,426.2,24.8,13.2,FALSE
41,Nam,5.7,8.025,5.5,1.6,3.45,2.1,1294,26.1,426.2,33.4,17,FALSE
78,Nam,18.4,8.025,5.5,1.6,3.45,2.1,79.4,5.3,426.2,11.8,19.8,TRUE
24,Nam,5.3,8.025,5.5,1.6,3.45,2.1,59.2,5.3,426.2,20.9,23.1,FALSE
68,Nam,8.2,8.025,5.5,1.6,3.45,2.1,68.6,4.9,426.2,17.9,30,TRUE
74,Nam,6.4,8.025,5.6,1.6,3.45,1.3,70.5,5.3,426.2,16.3,14.7,FALSE
60,Nữ,7.5,8.025,5.5,1.6,3.45,2.1,111.1,7.9,426.2,24.1,27.1,TRUE
64,Nữ,4.6,8.025,5.8,1.6,3.45,1.1,85.2,5.3,426.2,24.5,29.9,FALSE
35,Nữ,5.1,8.025,5.5,1.6,3.45,2.1,84.8,5.8,426.2,21.7,18.2,FALSE
61,Nam,17.5,8.025,5.5,1.6,3.45,2.1,100.6,5.3,426.2,21.1,26.9,TRUE
62,Nam,5.6,8.025,5.5,1.6,3.45,2.1,83.7,10.7,426.2,19.6,21.2,FALSE
86,Nữ,5.6,8.025,5.5,1.6,3.45,2.1,96,8.9,426.2,30.7,22.6,FALSE
65,Nam,5.3,8.025,5.5,1.6,3.45,2.1,85.2,5,426.2,37,69.7,FALSE
33,Nữ,5.6,8.025,5.5,1.6,3.45,2.1,98.7,5.1,426.2,33.9,23.6,FALSE
61,Nam,6.1,8.025,5.5,1.6,3.45,2.1,62.6,4.4,426.2,18.3,26.5,FALSE
23,Nữ,5.6,8.025,5.5,1.6,3.45,2.1,72.8,5.3,426.2,32.9,48.7,FALSE
60,Nữ,14.1,8.025,5.5,1.6,3.45,2.1,96.6,3.5,426.2,24.7,28.1,TRUE
27,Nữ,5.6,8.025,4.7,1.6,3.45,1.9,90.7,5.3,426.2,22.9,25.5,FALSE
64,Nam,8.8,7.53,5.5,1.7,3.45,1.7,85.2,5.3,426.2,25,21.6,TRUE
59,Nam,6.9,8.025,5.5,1.6,3.45,2.1,74,8.2,426.2,119.6,90.8,FALSE
65,Nam,6.6,8.025,5.5,1.6,3.45,2.1,82.5,5.3,465.4,17.1,18.3,FALSE
42,Nam,5.8,8.025,5.7,1.6,3.45,4.7,94.3,5.3,426.2,31.8,48.9,FALSE
41,Nam,5.2,8.025,5.5,1.6,3.45,2.1,68.8,5.3,426.2,19.4,24.4,FALSE
36,Nữ,5.4,8.025,5.5,1.6,3.45,2.1,83,5.3,426.2,27.3,24.1,FALSE
32,Nữ,3.5,8.025,5.5,1.6,3.45,2.1,75.4,5.3,426.2,34,69,FALSE
58,Nữ,5,8.025,5.5,1.6,3.45,2.1,67.7,5.3,426.2,42.8,20.4,FALSE
72,Nữ,16.1,8.025,5.5,1.6,3.45,2.1,86.9,3.9,426.2,36.2,28.5,TRUE
68,Nam,6,8.025,5.5,1.6,3.45,2.1,76.3,5.3,426.2,34.9,51.1,FALSE
60,Nam,8.7,8.025,5.5,1.6,3.45,2.1,75.7,5.1,426.2,21,30.5,TRUE
38,Nam,4.8,8.025,5.5,1.6,3.45,2.1,85.2,5.3,426.2,24.7,19.7,FALSE
41,Nữ,6.1,8.025,4.1,1.6,3.45,1.7,85.2,5.3,426.2,66,189.7,FALSE
16,Nam,5.6,8.025,5.5,1.6,3.45,2.1,74.6,5.3,426.2,22.1,11.5,FALSE
84,Nam,7.5,8.025,6.2,1.4,3.45,4.2,85.2,5.3,426.2,25,21.6,TRUE
33,Nữ,5.9,8.025,5.5,1.6,3.45,2.1,101.5,2.8,426.2,89.5,117.5,FALSE
40,Nữ,5.6,8.025,5.5,1.6,3.45,2.1,87.4,6.9,426.2,22,32.3,FALSE
60,Nam,7.9,7.79,5.5,1.6,3.45,2.1,79.5,4.7,426.2,25,21.6,TRUE
39,Nam,15.2,8.025,5.5,1.6,3.45,2.1,93.5,7.1,426.2,25,21.6,TRUE
68,Nam,9.5,8.92,5.4,1.3,3.45,2.6,85.2,5.3,426.2,25,21.6,TRUE
46,Nữ,21,8.025,6.1,1.6,3.45,2.2,108.1,7.3,366,27,79.2,TRUE
52,Nữ,5.8,8.025,5.5,1.6,3.45,2.1,63,5.3,426.2,289.1,64.3,FALSE
57,Nữ,6.1,8.025,5.5,1.6,3.45,2.1,99.4,5.3,426.2,16.1,28.9,FALSE
29,Nam,5.9,8.025,5.6,1.6,3.45,1.2,73.3,4.3,426.2,17.3,18.1,FALSE
45,Nam,5.8,8.025,5.5,1.6,3.45,2.1,65.7,7.2,426.2,29.7,17.7,FALSE
21,Nam,5.4,8.025,5.5,1.6,3.45,2.1,62.2,5.3,426.2,14.8,11.4,FALSE
63,Nam,6.3,8.025,4.5,1.5,3.45,2,85.2,5.3,426.2,25,21.6,FALSE
26,Nữ,5.6,8.025,5.9,1.6,3.45,2,112.2,5.3,426.2,22.9,37.6,FALSE
96,Nữ,6,8.025,5.5,1.6,3.45,2.1,85.2,7,426.2,21,14.2,FALSE
62,Nữ,8.1,7.58,5.5,1.6,3.45,2.1,131.3,5.3,426.2,25,21.6,TRUE
52,Nam,5.8,8.025,5.2,1.5,3.45,2.7,85.2,5.3,426.2,25,21.6,FALSE
65,Nam,4.4,8.025,5.5,1.6,3.45,2.1,60,4.6,426.2,28.6,24.6,FALSE
49,Nam,6.9,8.025,5.5,1.6,3.45,2.1,71,6.8,426.2,22.7,15,FALSE
51,Nam,8,8.025,5.5,1.6,3.45,2.1,99.3,5.3,410,26,16.7,TRUE
68,Nữ,7.9,8.025,7,1.7,3.45,5.7,80.1,6.2,426.2,166.5,90.3,TRUE
83,Nam,5.8,8.025,5.5,1.6,3.45,2.1,71.5,5,426.2,27.7,35.6,FALSE
64,Nam,5.5,8.025,5.2,1.5,3.45,4.2,71.6,5.1,426.2,18.8,15,FALSE
60,Nữ,5.9,8.025,5.5,1.6,3.45,2.1,88.2,5.3,426.2,30.2,12.5,FALSE
62,Nữ,7.1,8.025,6.4,1.6,3.45,2.1,98.4,5.3,426.2,15.8,15.3,TRUE
41,Nam,6.7,8.025,5.5,1.6,3.45,2.1,85.2,4.2,426.2,20.4,17.9,FALSE
48,Nữ,8.9,8.025,5.9,1.4,3.45,1.7,116,3.6,507,18.7,27.9,TRUE
69,Nam,4.5,8.025,4.8,1.2,3.45,1.5,77.1,5.1,426.2,21.7,23.6,FALSE
51,Nam,8.3,8.025,5.4,1.6,3.45,4.3,56.2,5.3,426.2,44.8,60.8,TRUE
52,Nam,5.2,8.025,5.5,1.6,3.45,2.1,73.8,5.2,426.2,29,37.3,FALSE
46,Nam,6.7,8.025,5.5,1.6,3.45,2.1,77.4,5.3,426.2,26.4,12.4,FALSE
57,Nam,6.6,8.025,5.5,1.6,3.45,2.1,70.4,3,426.2,28.1,20,FALSE
59,Nam,9.6,8.025,5.9,1.6,3.45,2,75.2,5.6,426.2,14.5,18.3,TRUE
61,Nữ,7,8.025,4.8,1.9,3.45,5.6,95,6.6,426.2,53.2,21.6,TRUE
63,Nam,5.6,8.025,5.5,1.6,3.45,2.1,67.8,8.4,426.2,20.9,21.7,FALSE
53,Nam,5.6,8.025,5.5,1.6,3.45,2.1,74.2,5.4,426.2,26.7,21.5,FALSE
21,Nam,6.7,8.025,5.5,1.6,3.45,2.1,56.5,5.3,426.2,14.4,28.1,FALSE
54,Nữ,4.7,8.025,5.5,1.6,3.45,2.1,85.2,8,426.2,37.2,42.1,FALSE
32,Nữ,7,8.025,5.5,1.6,3.45,2.1,85.6,3.5,426.2,67.3,59.4,TRUE
36,Nữ,5.6,8.025,5.5,1.6,3.45,2.1,85.2,5.3,579.7,33.3,59,FALSE
66,Nam,7,8.025,5.5,1.6,3.45,2.1,90.7,5.3,426.2,27.2,23.6,TRUE
20,Nam,5.2,8.025,5.5,1.6,3.45,2.1,57.3,5.3,426.2,27.4,20.8,FALSE
66,Nam,7,8.025,5.5,1.6,3.45,2.1,83.4,5.7,426.2,30.8,19.3,TRUE
46,Nam,5.6,8.025,5.5,1.6,3.45,2.1,87.1,6,426.2,19.4,14.5,FALSE
20,Nam,4.7,8.025,5.5,1.6,3.45,2.1,64.7,5.3,426.2,16.4,13,FALSE
22,Nam,5.8,8.025,5.5,1.6,3.45,2.1,79.4,3.1,426.2,104.3,169.2,FALSE
12,Nam,10.6,8.025,5.5,1.6,3.45,2.1,67.9,5.1,426.2,29.4,13.7,TRUE
29,Nam,4.4,8.025,5.5,1.6,3.45,2.1,63.1,2.2,426.2,20.8,28.6,FALSE
31,Nam,5.1,8.025,5.5,1.6,3.45,2.1,65.5,5.7,426.2,24.7,25,FALSE
61,Nam,7.9,8.025,6.7,1.6,3.45,2.1,105.2,6.9,426.2,42.9,59.6,TRUE
29,Nam,4.7,8.025,5.5,1.6,3.45,2.1,59.6,2.9,426.2,14.9,16.5,FALSE
35,Nữ,5.6,8.025,5.5,1.6,3.45,2.1,323.8,23.9,426.2,72.5,96.1,FALSE
42,Nam,5,8.025,5.5,1.6,3.45,2.1,55,5.3,426.2,44.1,48.1,FALSE
50,Nam,6,8.025,8.5,2,3.45,2.5,57.4,5,426.2,50.1,24.1,FALSE
51,Nam,5.1,8.025,5.7,1.6,3.45,1.2,88.8,6.2,426.2,59.8,94.5,FALSE
55,Nam,6,8.025,7.3,1.6,3.45,2.2,53.7,3.7,426.2,24.5,32.8,FALSE
29,Nam,6,8.025,5.5,1.6,3.45,2.1,59.5,5.3,426.2,17,20.6,FALSE
49,Nữ,5.8,8.025,5.5,1.6,3.45,2.1,128,7.4,391.2,29.1,16.4,FALSE
32,Nam,5,8.025,5.5,1.6,3.45,2.1,77.9,5,426.2,24.4,22,FALSE
61,Nam,5.1,8.79,4.7,1.4,3.45,2.4,85.2,5.3,426.2,25,21.6,TRUE
40,Nữ,5.7,8.025,5.3,1.6,3.45,2.6,119.2,5.3,744.7,19.2,23.1,FALSE
23,Nam,5.3,8.025,5.5,1.6,3.45,2.1,56.5,5.3,426.2,37,28.1,FALSE
48,Nữ,10.2,8.025,5.5,1.6,3.45,2.1,103.7,7.4,426.2,53.4,169.7,TRUE
65,Nam,5.6,8.025,5.5,1.6,3.45,2.1,77.3,5.3,426.2,35.8,27.2,FALSE
39,Nữ,4.8,8.025,5.5,1.6,3.45,2.1,97.9,5.3,426.2,25.3,25,FALSE
74,Nam,7.8,8.025,5.5,1.6,3.45,2.1,87,5.3,426.2,23.2,21.5,TRUE
26,Nam,6.3,8.025,5.5,1.6,3.45,2.1,60.6,5.3,426.2,38.4,13,FALSE
18,Nam,5.6,8.025,5.5,1.6,3.45,2.1,74.2,4,426.2,17.4,11,FALSE
35,Nữ,5.6,8.025,5.5,1.6,3.45,2.1,93.2,5.3,426.2,146.1,62.8,FALSE
44,Nam,40.4,6,14.7,1.6,3.45,59.4,50,5.1,426.2,37,55,TRUE
38,Nữ,9.8,8.025,6.2,1.6,3.45,16.4,60.7,5.3,426.2,21,37.6,TRUE
16,Nữ,5.8,8.025,5.5,1.6,3.45,2.1,91.6,4.1,426.2,31.4,29.6,FALSE
49,Nữ,5.6,8.025,5.5,1.6,3.45,2.1,84.3,6.5,426.2,26.1,26.8,FALSE
66,Nữ,6.3,8.025,6,1.6,3.45,3,85.2,5.3,426.2,25,21.6,FALSE
60,Nữ,6.8,8.025,10.3,2.1,3.45,12.7,87.6,5.6,426.2,120.7,110.1,FALSE
67,Nam,6,8.025,6.5,1.4,3.45,3.1,65.8,5,426.2,20.9,14,FALSE
39,Nữ,5.3,8.025,5.5,1.6,3.45,2.1,117.1,4.5,426.2,43.9,50.8,FALSE
64,Nữ,6.6,8.025,6.1,1.6,3.45,3.4,123.5,5.9,426.2,46.8,84.1,FALSE
41,Nam,5.7,8.025,4.2,1.6,3.45,2.2,85.2,5.3,426.2,25,21.6,FALSE
78,Nam,6.2,8.025,4.9,1.3,3.45,3.3,74.3,4.4,426.2,22.3,18.4,FALSE
66,Nam,4.9,8.025,6.5,1.7,3.45,2,75.3,6.9,426.2,29.2,27.8,FALSE
68,Nam,6.1,8.025,6.5,1.4,3.45,2.2,82,2.9,426.2,17.9,12,FALSE
40,Nữ,5.6,8.025,5.5,1.6,3.45,2.1,110.8,4.8,426.2,28.4,31.4,FALSE
86,Nữ,7,8.025,5.5,1.6,3.45,2.1,113.6,8.1,426.2,23.4,16.1,TRUE
59,Nam,6.6,8.025,18.9,2,3.45,9.4,74.5,4.6,426.2,20.6,34.5,FALSE
64,Nữ,5.6,8.025,5.5,1.6,3.45,2.1,74.4,4,426.2,17.8,10.6,FALSE
68,Nữ,6.7,8.025,5.5,1.6,3.45,2.1,84,6.1,426.2,22.2,12.9,FALSE
2,Nam,6,8.025,5.5,1.6,3.45,2.1,41.1,3.1,426.2,31.3,11,FALSE
47,Nam,5.2,8.025,5.5,1.6,3.45,2.1,85.2,5.3,426.2,29.8,20.8,FALSE
72,Nữ,6.9,8.025,5.5,1.6,3.45,2.1,85.8,6.3,426.2,15.8,13,FALSE
9,Nam,4.8,8.025,5.5,1.6,3.45,2.1,56,5.3,426.2,26.8,11.8,FALSE
86,Nữ,8.4,8.025,5.5,1.6,3.45,2.5,114.3,8.2,426.2,30.8,42.8,TRUE
58,Nam,4.2,8.025,5.5,1.6,3.45,2.1,73.7,5.3,426.2,22.6,15.8,FALSE
60,Nam,5.7,8.025,7.6,1.6,3.45,3.1,85.2,5.3,426.2,24.5,25.3,FALSE
72,Nam,5.7,8.025,5.5,1.6,3.45,2.1,76.1,2.3,375.5,28.2,22,FALSE
35,Nữ,7.2,8.025,5.5,1.6,3.45,2.1,194,5.3,426.2,23,16.6,TRUE
60,Nam,5.9,8.025,5.5,1.6,3.45,2.1,75.5,5.3,426.2,34.1,41.6,FALSE
47,Nữ,5.1,8.025,5.5,1.6,3.45,2.1,66.5,5.3,426.2,36.8,16.1,FALSE
28,Nam,5.4,8.025,5.5,1.6,3.45,2.1,67.3,5.3,426.2,21.3,43.6,FALSE
34,Nữ,5.6,8.025,5.5,1.6,3.45,2.1,81.4,5.3,426.2,19.2,15,FALSE
59,Nam,6.3,8.025,5.4,1.6,3.45,2.5,77.3,5.3,426.2,22.6,19.5,FALSE
53,Nam,8.6,8.025,6.5,1.8,3.45,1.9,58.4,5.8,426.2,18.6,20,TRUE
60,Nữ,5.7,8.025,5.3,1.6,3.45,5.6,67.3,5.3,426.2,33.9,58.4,FALSE
45,Nam,5.2,8.025,5.5,1.6,3.45,2.1,56.7,5.3,426.2,21.7,15,FALSE
22,Nam,3.6,8.025,5.5,1.6,3.45,2.1,71.1,5.3,426.2,28.2,15.9,FALSE
35,Nam,5.6,8.025,5.5,1.6,3.45,2.1,61.8,5.3,426.2,23.6,14.6,FALSE
11,Nữ,5.6,8.025,5.5,1.6,3.45,2.1,61.8,3.9,426.2,29.9,24.2,FALSE
29,Nữ,5.6,8.025,5.5,1.6,3.45,2.1,89.7,7.1,426.2,47,39.1,FALSE
70,Nữ,5.5,8.025,2.9,1.2,3.45,1.4,112.6,5.4,426.2,39.6,14.8,FALSE
27,Nữ,7.4,8.025,5.5,1.6,3.45,2.1,89.1,6.6,426.2,27.6,14.1,TRUE
55,Nam,5.6,8.025,5.5,1.6,3.45,2.1,80.4,6.6,426.2,25.4,24.5,FALSE
68,Nam,6.5,8.025,5.5,1.6,3.45,2.1,127.9,6.6,426.2,25,21.6,FALSE
47,Nam,5.5,8.025,5.5,1.6,3.45,2.1,88.6,5.3,426.2,16.7,16.5,FALSE
24,Nữ,5.6,8.025,5.5,1.6,3.45,2.1,84,5.3,426.2,37.7,62.5,FALSE
48,Nữ,10.2,8.025,5.5,1.6,3.45,2.1,154.7,6.9,426.2,41.6,72.9,TRUE
3,Nữ,4.1,8.025,5.5,1.6,3.45,2.1,45,4.5,426.2,44.5,6.6,FALSE
45,Nữ,5,8.025,5.5,1.6,3.45,2.1,103.5,3.9,426.2,58.6,37.1,FALSE
53,Nam,8.5,8.025,6.6,1.7,3.45,9.7,61.2,5.3,426.2,31.9,41.4,TRUE
50,Nam,5.7,8.025,5.5,1.6,3.45,2.1,79.5,5.3,426.2,29.2,17,FALSE
54,Nam,5.5,8.025,4.4,1.6,3.45,2.5,85.2,5.3,426.2,30.1,37.3,FALSE
33,Nam,7,8.025,5.5,1.6,3.45,2.1,71.9,5.3,426.2,17.3,15.9,TRUE
25,Nam,9.5,8.025,5.5,1.6,3.45,2.1,74.4,5.3,426.2,30.6,14,TRUE
72,Nam,9.9,8.025,5.5,1.6,3.45,2.1,99,3.3,426.2,27.8,20,TRUE
57,Nữ,5.5,8.025,5.5,1.6,3.45,2.1,98.6,8.4,426.2,45.7,112.9,FALSE
95,Nam,5.6,8.025,5.5,1.6,3.45,2.1,79.3,8.3,426.2,35.1,20,FALSE
56,Nữ,7.4,8.025,5.5,1.6,3.45,2.1,65.3,4.2,426.2,26.9,11.1,TRUE
30,Nam,5.6,8.025,5.5,1.6,3.45,2.1,69.2,5.2,426.2,34.2,59.5,FALSE
5,Nữ,4.4,8.025,5.5,1.6,3.45,2.1,48.1,2.7,426.2,43.9,10.6,FALSE
67,Nam,7.7,8.025,5.6,1.4,3.45,1.5,85.2,5.3,426.2,25,21.6,TRUE
28,Nữ,5.6,8.025,5.5,1.6,3.45,2.1,112,4.2,426.2,21.4,22.6,FALSE
77,Nữ,5,8.025,5.5,1.6,3.45,2.1,119.2,4.1,668.9,57.6,28.6,FALSE
53,Nữ,15.6,8.025,5.5,1.6,3.45,2.2,78.1,5.3,210.5,25.1,54.8,TRUE
48,Nam,5.6,8.025,6.5,1.6,3.45,2.6,73.2,5.3,426.2,23.6,22.8,FALSE
46,Nữ,6.4,8.025,4.5,1.6,3.45,1.4,85.2,5.3,360.6,20.8,27.3,FALSE
33,Nam,6.6,8.025,5.5,1.6,3.45,2.1,73.1,5.3,426.2,27.8,34.7,FALSE
50,Nam,7,8.025,5.5,1.6,3.45,2.1,83.6,6.1,426.2,31.6,47.1,TRUE
47,Nam,10.7,8.025,6.4,2.3,3.45,1.7,68.8,5.8,426.2,26.2,24.5,TRUE
37,Nam,5.8,8.025,5.5,1.6,3.45,2.1,68.1,5.4,426.2,21.2,20.2,FALSE
25,Nam,6.1,8.025,5.5,1.6,3.45,2.1,52.4,5.3,426.2,22,19.3,FALSE
54,Nam,5.6,8.025,5.5,1.6,3.45,2.1,93.5,5.3,426.2,75,67.7,FALSE
62,Nam,18.6,8.025,5.5,1.6,3.45,2.1,69.2,4.5,426.2,38.7,48.9,TRUE
47,Nam,4.7,8.025,5.5,1.6,3.45,2.1,61.5,5.3,426.2,17.1,11,FALSE
23,Nam,3.9,8.025,5.5,1.6,3.45,2.1,52.1,5.3,426.2,27.5,10.2,FALSE
66,Nữ,7,8.025,5.5,1.6,3.45,2.1,85.2,6.7,426.2,30,20.1,TRUE
29,Nữ,6.2,8.025,5.5,1.6,3.45,2.1,90.1,5.3,426.2,31.9,35.1,FALSE
96,Nam,9,8.025,7.3,1.6,3.45,5.5,109.8,9,426.2,26,25.7,TRUE
91,Nam,5.9,8.025,5.5,1.6,3.45,2.1,70.2,5.3,426.2,15.3,11.2,FALSE
34,Nam,4.9,8.025,5.5,1.6,3.45,2.1,91.8,5.5,426.2,26.7,14.8,FALSE
25,Nam,4.1,8.025,5.5,1.6,3.45,2.1,53.9,3.5,426.2,16.5,15.1,FALSE
49,Nam,7.7,8.025,5.5,1.6,3.45,2.1,57.7,5.3,426.2,31.9,20.8,TRUE
46,Nam,6.7,8.025,6.4,1.6,3.45,3.7,64.5,5.3,426.2,41.1,34.3,FALSE
41,Nam,5.4,8.025,5.2,1.6,3.45,1.8,66.4,5.3,426.2,30.4,37.6,FALSE
18,Nam,5.1,8.025,5.5,1.6,3.45,2.1,51.2,5.3,426.2,20,25.3,FALSE
80,Nam,5.2,8.025,5.4,1.6,3.45,1.4,63.5,5.3,426.2,26.7,9.9,FALSE
61,Nam,5.6,8.025,6.1,1.8,3.45,4.3,90.8,8,426.2,23,16.8,FALSE
53,Nam,7.4,8.025,3.9,1.6,3.45,2,65.6,5.3,426.2,30,15.6,TRUE
19,Nam,5.9,8.025,5.5,1.6,3.45,2.1,82.5,3.9,426.2,23,16.5,FALSE
58,Nữ,6.6,8.025,5.1,1.2,3.45,5.7,95.5,7.8,426.2,36.3,47.4,FALSE
64,Nam,5.6,8.025,5.7,1.5,3.45,2.4,71.8,7.9,426.2,26.2,13.9,FALSE
60,Nữ,5.6,8.025,5.5,1.6,3.45,2.1,181.3,8.2,426.2,9.6,20.1,FALSE
24,Nam,5.6,8.025,5.5,1.6,3.45,2.1,53.6,5.3,426.2,18,18.4,FALSE
64,Nam,11,8.025,9.8,1.89,3.45,4.55,75,5.3,426.2,25,21.6,TRUE
58,Nam,5.2,8.025,5.5,1.6,3.45,2.1,59.9,4.4,426.2,24.9,13.5,FALSE
31,Nam,6.7,8.025,5.5,1.6,3.45,2.1,70.6,5.3,426.2,30.4,17.5,FALSE
49,Nam,5.6,8.025,5.5,1.6,3.45,2.1,75.3,5.3,426.2,27.2,13,FALSE
16,Nam,6.1,8.025,5.5,1.6,3.45,2.1,62.5,5.3,426.2,19.6,18.7,FALSE
10,Nam,5.6,8.025,5.5,1.6,3.45,2.1,32,6.1,426.2,50,97,FALSE
46,Nữ,7.3,8.025,5.5,1.6,3.45,2.1,97.2,5.3,426.2,119,144.3,TRUE
46,Nam,6.7,8.025,5.5,1.6,3.45,2.1,86.7,7,426.2,25,14.1,FALSE
58,Nam,6,8.025,5.5,1.6,3.45,2.1,85.2,5.3,426.2,30.7,25.5,FALSE
64,Nam,4.9,8.025,5.5,1.6,3.45,2.1,70.5,3.7,426.2,27.1,26.8,FALSE
64,Nữ,5.4,8.025,5.5,1.6,3.45,2.1,100.4,5.3,426.2,29.7,21.6,FALSE
55,Nữ,5.6,8.025,5.5,1.6,3.45,2.1,80.8,5.3,426.2,26.3,34.4,FALSE
16,Nam,4.6,8.025,5.5,1.6,3.45,2.1,61.9,5.3,426.2,36.7,19.6,FALSE
47,Nam,7.7,8.025,5.5,1.6,3.45,2.1,71.9,8.3,426.2,15.3,21,TRUE
40,Nam,18.6,8.025,4.9,1.6,3.45,1.2,83.7,4.4,426.2,27.3,14.3,TRUE
36,Nam,5.3,8.025,5.5,1.6,3.45,2.4,78.5,5.3,426.2,26.5,23,FALSE
82,Nữ,5.2,8.025,5.5,1.6,3.45,2.1,120,5.3,426.2,21,16,FALSE
30,Nam,5.3,8.025,5.5,1.6,3.45,2.1,57,2,426.2,19.6,13.4,FALSE
52,Nam,6.8,8.025,5.5,1.6,3.45,2.1,71.6,8.1,426.2,39.7,65.2,FALSE
42,Nữ,5.8,8.025,4.4,1.6,3.45,1.7,130.3,8.8,426.2,25.1,29.8,FALSE
61,Nam,6.1,8.025,5.5,1.6,3.45,2.1,75.7,5.3,426.2,27.3,16.9,FALSE
52,Nữ,10.8,8.025,5.5,1.6,3.45,2.1,116.7,8.5,426.2,31.6,78.6,TRUE
57,Nam,8.5,8.025,6.8,1.3,3.45,4.1,65.7,7.6,426.2,32.6,35.2,TRUE
60,Nam,5.3,8.025,6.3,1.9,3.45,1.2,65.8,6.3,426.2,31.3,34.1,FALSE
71,Nam,5.3,8.025,6,1.6,3.45,2.1,69.5,4.8,426.2,30.5,21.7,FALSE
42,Nữ,12.5,6.8,7.7,2.1,3.45,16.1,85.2,5.3,426.2,25,21.6,TRUE
61,Nam,11.1,10.26,6.4,1.5,3.45,4.2,85.2,5.3,426.2,25,21.6,TRUE
57,Nam,5.1,8.025,5.5,1.6,3.45,2.1,66.2,4,426.2,13.3,12.8,FALSE
39,Nam,6.4,8.025,6.5,1.6,3.45,1.6,74.2,5.3,426.2,17,9.3,FALSE
69,Nam,5.6,8.025,5.5,1.6,3.45,2.1,69.3,5.3,426.2,23,17.9,FALSE
28,Nữ,4.7,8.025,5.5,1.6,3.45,2.1,108.9,5.3,426.2,78,197.9,FALSE
66,Nam,6.9,8.025,5.5,1.6,3.45,2.1,72.3,5.3,426.2,29.2,22.1,FALSE
21,Nam,5.1,8.025,5.5,1.6,3.45,2.1,54.7,2.3,426.2,25.1,12.7,FALSE
11,Nữ,5.6,8.025,5.5,1.6,3.45,2.1,19.4,5.3,426.2,94,90.1,FALSE
37,Nam,4.9,8.025,5.5,1.6,3.45,2.1,80.4,5.3,426.2,32.2,37.8,FALSE
64,Nữ,7.8,8.025,5.5,1.6,3.45,2.1,93,6.1,426.2,314,184.1,TRUE
42,Nam,8.1,8.025,5.5,1.6,3.45,2.1,50.1,4.1,426.2,25.8,30.9,TRUE
61,Nữ,12.6,8.025,5.5,1.6,3.45,2.1,88.4,10.6,426.2,23,48.6,TRUE
39,Nữ,6.1,8.025,5.5,1.6,3.45,2.1,102.8,5.8,426.2,26.7,19.6,FALSE
52,Nữ,16.7,11.27,5.5,1.6,3.45,2.1,85.2,4.5,426.2,25.4,20.6,TRUE
75,Nam,8.6,6.19,5.5,1.6,3.45,2.1,72.2,5.6,426.2,26,15.6,TRUE
29,Nam,4.5,8.025,5.5,1.6,3.45,2.1,52.2,5.3,426.2,51.4,71.5,FALSE
41,Nữ,6.5,8.025,5.5,1.6,3.45,2.1,114,5.3,738.2,35.9,25.6,FALSE
69,Nam,12.2,8.025,5.5,1.6,3.45,2.1,63.8,3.8,426.2,32.2,27.4,TRUE
45,Nam,4.8,8.025,5.5,1.6,3.45,2.1,76,5.3,426.2,27.4,25.1,FALSE
16,Nam,7.2,8.025,5.5,1.6,3.45,2.1,53,5.3,426.2,23.2,17.5,TRUE
36,Nữ,5.9,4.36,5,2.1,3.45,0.9,85.2,5.3,426.2,31.4,16.3,FALSE
61,Nam,5.1,8.025,5.5,1.6,3.45,2.1,69,7.8,426.2,50,46,FALSE
64,Nữ,8.3,8.025,5.1,1.2,3.45,1.6,175.6,13,770.8,24,23.8,TRUE
29,Nữ,6.1,8.025,5.5,1.6,3.45,2.1,86.3,4.3,426.2,20,17.5,FALSE
60,Nam,7.7,8.025,5.5,1.6,3.45,2.1,85.8,6.8,426.2,23,29.3,TRUE
74,Nam,11.8,8.025,7.8,2,3.45,9.2,105.7,6.3,426.2,30,35.8,TRUE
7,Nữ,6,8.025,5.5,1.6,3.45,2.1,58.2,3,426.2,20,16,FALSE
63,Nam,8.6,8.025,5.5,1.6,3.45,2.1,72.3,5.3,426.2,26,10.1,TRUE
30,Nam,4.7,8.025,5.5,1.6,3.45,2.1,58.9,5.3,426.2,16,15.7,FALSE
37,Nữ,5.8,8.025,5.5,1.6,3.45,2.1,90.2,5.3,426.2,30,42.5,FALSE
69,Nữ,4.8,8.025,5,2.4,3.45,1.2,93.2,7.1,426.2,30,32.5,FALSE
39,Nữ,10,8.025,5.5,1.6,3.45,2.1,102,6.8,426.2,44,44,TRUE
74,Nữ,5.1,8.025,5.1,1.6,3.45,5,95.6,13.4,426.2,107,153.6,FALSE
48,Nam,6.1,8.025,3.9,1.6,3.45,1.1,64.4,5.3,426.2,25,24.7,FALSE
59,Nam,16.5,8.025,5.5,1.6,3.45,2.1,92.4,5.3,426.2,26,16.4,TRUE
35,Nam,5.9,8.025,5.5,1.6,3.45,2.1,74,5.3,426.2,25,17,FALSE
60,Nữ,5.6,8.025,5.5,1.6,3.45,2.1,81.8,7.1,426.2,25,30.4,FALSE
26,Nam,5.7,8.025,5.5,1.6,3.45,2.1,66,5.3,426.2,20,24,FALSE
39,Nam,6.2,8.025,5.5,1.6,3.45,2.1,59.2,5.3,426.2,24,18.9,FALSE
47,Nam,12.7,7.88,6.2,1.7,3.45,1.7,77.7,5.3,426.2,25,21.6,TRUE
53,Nữ,6.4,8.025,5.5,1.6,3.45,2.1,116.7,5.3,426.2,23,31.3,FALSE
28,Nam,4.4,8.025,5.5,1.6,3.45,2.1,70.7,5.3,426.2,20.2,15.3,FALSE
51,Nữ,9.3,8.025,5.5,1.6,3.45,2.1,53.9,3.9,426.2,484,234,TRUE
68,Nữ,7.6,8.025,5.5,1.6,3.45,2.1,85.8,5.3,426.2,24,14.8,TRUE
44,Nam,6.2,8.025,5.5,1.6,3.45,2.1,55.7,4.5,426.2,18.5,24.3,FALSE
24,Nam,5.6,8.025,5.5,1.6,3.45,2.1,68.8,4.6,426.2,30,15.5,FALSE
39,Nam,6.1,8.025,5.5,1.6,3.45,2.1,79.3,2.9,426.2,24.2,19.9,FALSE
54,Nam,4.5,8.025,5.5,1.6,3.45,2.1,78.6,6.8,426.2,20,16.7,FALSE
62,Nữ,8.5,8.025,5.5,1.6,3.45,2.1,134.6,7.7,426.2,31,40.6,TRUE
46,Nam,5.7,8.025,4.2,1.6,3.45,2.9,64.8,5.3,426.2,25,16.1,FALSE
35,Nữ,4.8,8.025,5.5,1.6,3.45,2.1,101.1,5.3,426.2,23,30.5,FALSE
52,Nam,10.6,8.025,5.5,1.6,3.45,2.1,63.4,6.6,426.2,19.3,21.6,TRUE
20,Nam,4.6,8.025,5.5,1.6,3.45,2.1,49.2,5.3,426.2,15,12.5,FALSE
52,Nam,5.7,8.025,5.5,1.6,3.45,2.1,76.3,4.5,426.2,27,19.4,FALSE
62,Nữ,7,8.025,5.5,1.6,3.45,2.1,94.3,5.3,426.2,25,17.2,TRUE
23,Nam,5.5,8.025,5.5,1.6,3.45,2.1,56.9,5.3,426.2,25.3,25.8,FALSE
62,Nữ,5.2,8.025,5.5,1.6,3.45,2.1,76.4,5.3,426.2,29,24.6,FALSE
44,Nữ,5.6,8.025,5.5,1.6,3.45,2.1,82.4,5.9,426.2,85,101.9,FALSE
65,Nữ,5,8.025,6,1.9,3.45,1.5,78,5.3,426.2,24.3,15.9,FALSE
62,Nữ,5.9,8.025,4.9,1.2,3.45,3,112.7,5.7,426.2,25,21.3,FALSE
60,Nữ,5.2,8.025,5.5,1.6,3.45,2.1,79.7,7.8,426.2,20.3,16.1,FALSE
60,Nữ,7.6,8.025,5.5,1.6,3.45,2.1,65.8,4,426.2,20,16.3,TRUE
54,Nữ,13,8.025,5.5,1.6,3.45,2.1,98,2.9,426.2,125,44,TRUE
65,Nữ,6.6,8.025,4.3,1.6,3.45,1.9,80,3.5,426.2,41,29,FALSE
17,Nữ,5.6,8.025,5.5,1.6,3.45,2.1,78.6,5.3,426.2,21,16.1,FALSE
35,Nữ,6.4,8.025,5.5,1.6,3.45,2.1,114.9,5.3,426.2,24,21.8,FALSE
72,Nữ,7.9,8.025,5.5,1.6,3.45,2.1,119.4,5.3,426.2,26,20,TRUE
64,Nam,7.1,8.025,5.5,1.6,3.45,2.1,84.7,5.7,426.2,25,14.8,TRUE
64,Nam,6,8.025,5.5,1.6,3.45,2.1,95.6,5.5,426.2,26,21,FALSE
40,Nam,4.9,8.025,5.5,1.6,3.45,2.1,68.5,6.8,426.2,19.3,20,FALSE
49,Nữ,7.1,8.025,3.9,0.9,3.45,1.5,99.6,6.3,426.2,25,20.5,TRUE
62,Nữ,5.6,8.025,6.6,1.8,3.45,3.7,121.6,4.7,426.2,29,35.3,FALSE
56,Nữ,6.6,8.025,7.3,1.6,3.45,4.6,97.9,6.8,426.2,26,43.3,FALSE
72,Nữ,6,8.025,5.5,1.6,3.45,2.1,118,5.3,426.2,19.6,38.5,FALSE
23,Nam,5.6,8.025,5.5,1.6,3.45,2.1,52,5.3,426.2,30,39.3,FALSE
24,Nữ,6.5,8.025,5.5,1.6,3.45,2.1,100.9,5.3,426.2,25,18.6,FALSE
3,Nữ,5.7,8.025,5.5,1.6,3.45,2.1,44,13,426.2,25,21.6,FALSE
10,Nữ,5.6,8.025,5.5,1.6,3.45,2.1,66.2,4.8,426.2,19,10.5,FALSE
60,Nam,12.6,10.11,5.1,1.4,3.45,2.5,85.2,5.3,426.2,25,21.6,TRUE
25,Nam,5.3,8.025,5.5,1.6,3.45,2.1,63.2,5.3,426.2,20,17.6,FALSE
62,Nữ,6.8,8.025,6.5,1.6,3.45,2,111.6,5.1,426.2,25,17.6,FALSE
41,Nữ,6.6,8.025,5.5,1.6,3.45,2.1,76,5.9,426.2,53,33,FALSE
51,Nam,6.4,8.025,3.4,1.6,3.45,3.1,71.9,5.3,426.2,30,23.3,FALSE
33,Nam,9.3,8.025,3.6,1.6,3.45,0.7,75.3,5.3,426.2,20.3,14.3,TRUE
38,Nữ,7.8,8.025,5.5,1.6,3.45,2.1,90.2,5.3,426.2,26,25.8,TRUE
81,Nữ,5.3,8.025,5.9,1.6,3.45,1.3,130.7,5.3,619.9,26.3,31.5,FALSE
52,Nữ,10,8.025,5.5,1.6,3.45,2.1,97.4,8,426.2,82,80.6,TRUE
85,Nữ,3.9,8.025,5.2,2,3.45,1.5,122.5,5.3,426.2,30,28.4,FALSE
35,Nữ,5.3,8.025,5.5,1.6,3.45,2.1,55.9,4,426.2,28.3,30.5,FALSE
59,Nam,8.5,8.025,5.7,1.6,3.45,1.5,96.2,5.3,426.2,28,42.8,TRUE
64,Nữ,6.1,8.025,5.5,1.6,3.45,2.1,106.8,3.6,426.2,13,21,FALSE
71,Nam,5.4,8.025,7.7,1.8,3.45,2.3,85.2,10.1,426.2,27,24.3,FALSE
75,Nam,11.2,8.025,5.5,1.6,3.45,2.1,56.8,3.9,426.2,31,29.9,TRUE
57,Nữ,8.2,8.025,7.1,1.6,3.45,2.6,96.7,6.7,426.2,19.6,17,TRUE
65,Nam,4.7,8.025,5,1.6,3.45,0.8,90.9,6.3,426.2,23.1,16.6,FALSE
55,Nữ,6.5,8.025,5.7,1.6,3.45,2.6,117,6.4,426.2,30.2,33.6,FALSE
37,Nam,4.8,8.025,5.5,1.6,3.45,2.1,61.5,5.3,426.2,25,33.1,FALSE
62,Nam,13,8.025,8.2,1.9,3.45,1.6,64.1,6.4,426.2,25,21.6,TRUE
71,Nam,6.3,8.025,5.5,1.6,3.45,2.1,95.5,5.3,426.2,35,44.6,FALSE
56,Nam,5.5,8.025,5.1,1.7,3.45,4.5,62,3.5,426.2,30.2,15.2,FALSE
70,Nam,9,8.025,6,1.8,3.45,1.9,81.3,6.6,426.2,23,35.5,TRUE
71,Nữ,5.8,8.025,5.5,1.6,3.45,2.1,110.7,7.9,610.4,23,17.7,FALSE
21,Nữ,4.6,8.025,5.5,1.6,3.45,2.1,97,7.5,426.2,15.2,13.7,FALSE
22,Nam,6.2,8.025,5.5,1.6,3.45,2.1,60.4,5.3,426.2,25,10.7,FALSE
30,Nam,7.3,8.025,5.5,1.6,3.45,2.1,96.6,5.3,426.2,25.3,23,TRUE
36,Nam,4.8,8.025,5.5,1.6,3.45,2.1,51.7,5.3,426.2,23,17.1,FALSE
62,Nam,4.4,8.025,5.5,1.6,3.45,2.1,65.3,5.3,426.2,24.3,17.8,FALSE
11,Nữ,6.8,8.025,5.5,1.6,3.45,2.1,64.9,5.3,426.2,27,21,FALSE
61,Nam,5.6,8.025,6.4,2.7,3.45,1,85.2,5.3,426.2,25,21.6,FALSE
58,Nam,5.6,8.025,5.5,1.6,3.45,2.1,85.2,5.3,494.5,25,29.6,FALSE
60,Nam,5.6,8.025,5.6,2,3.45,1.3,85.2,5.3,426.2,25,21.6,FALSE
2,Nam,5.9,8.025,5.5,1.6,3.45,2.1,31.3,8.8,426.2,25,21.6,FALSE
2,Nữ,5.6,8.025,5.5,1.6,3.45,2.1,42.9,5.3,426.2,27.1,25.7,FALSE
55,Nam,8.6,8.025,6.4,1.6,3.45,4.9,73.3,5.3,426.2,26,23.6,TRUE
60,Nữ,5.7,8.025,5.5,1.6,3.45,2.1,93,5.3,691.8,42,36.2,FALSE
18,Nữ,5.6,8.025,5.5,1.6,3.45,2.1,82.9,5.3,426.2,20,11.3,FALSE
36,Nam,5.6,8.025,5.5,1.6,3.45,2.1,68.9,5.3,426.2,38,34,FALSE
36,Nữ,4.8,8.025,5.5,1.6,3.45,2.1,138.6,5.5,426.2,56,69.5,FALSE
23,Nam,5.6,8.025,5.5,1.6,3.45,2.1,68.2,5.3,426.2,20.2,21.9,FALSE
18,Nam,5.3,8.025,5.5,1.6,3.45,2.1,51.5,5.3,426.2,18.3,15.2,FALSE
52,Nam,9,8.025,5.5,1.6,3.45,2.1,83.6,3.3,426.2,20.1,17.5,TRUE
26,Nữ,6.3,8.025,5.5,1.6,3.45,2.1,258,9,426.2,40,38,FALSE
19,Nam,4.5,8.025,5.5,1.6,3.45,2.1,60.4,5.3,426.2,25,22.5,FALSE
21,Nam,10.3,8.025,4.5,1.6,3.45,1.3,75.8,5.3,426.2,28,22.6,TRUE
47,Nam,12.7,8.025,6.3,1.6,3.45,2.4,67.4,3.5,426.2,45.2,37.8,TRUE
78,Nam,6.8,8.025,4,1.6,3.45,3.4,58.8,5.4,426.2,14.6,13.5,FALSE
50,Nữ,4.5,8.025,5.6,1.6,3.45,1,102,5.3,426.2,26.2,22.7,FALSE
62,Nam,12.4,8.025,6,1.6,3.45,2.6,91.6,6.4,426.2,23,17.1,TRUE
27,Nam,5.6,8.025,5.5,1.6,3.45,2.1,78.2,3.4,426.2,53.2,40.8,FALSE
70,Nam,6.6,8.025,5.5,1.6,3.45,2.1,116.7,5.3,426.2,26.3,22.1,FALSE
11,Nam,5.6,8.025,5.5,1.6,3.45,2.1,54.3,5.3,426.2,13.2,10.3,FALSE
83,Nam,6.8,8.025,5.5,1.6,3.45,2.1,60.6,6.2,426.2,43,38.7,FALSE
94,Nam,9.4,8.025,5,1.6,3.45,1.5,121.3,10,426.2,36.2,31.1,TRUE
36,Nam,5.2,8.025,5.5,1.6,3.45,2.1,66.3,5.3,426.2,29,25.1,FALSE
22,Nam,5.4,8.025,5.5,1.6,3.45,2.1,54.6,5.3,426.2,18,15.1,FALSE
3,Nữ,5.6,8.025,5.5,1.6,3.45,2.1,35,3.9,426.2,126,107,FALSE
2,Nữ,5.6,8.025,5.5,1.6,3.45,2.1,49.9,5.3,426.2,25.3,13.1,FALSE
49,Nam,6.6,8.025,5.5,1.6,3.45,2.1,67,5.3,426.2,23,16.9,FALSE
46,Nữ,5.8,8.025,5.5,1.6,3.45,2.1,103.1,6.6,426.2,36.8,31.2,FALSE
22,Nam,5.2,8.025,5.5,1.6,3.45,2.1,93.8,3.5,426.2,26,28.9,FALSE
22,Nam,4,8.025,5.5,1.6,3.45,2.1,56,5.3,426.2,18,14,FALSE
39,Nam,8.7,8.025,5.5,1.6,3.45,2.1,86,5.3,426.2,64.3,52.1,TRUE
4,Nam,3.5,8.025,5.5,1.6,3.45,2.1,45,7.2,426.2,25,21.6,FALSE
57,Nữ,6.9,8.025,5.5,1.6,3.45,2.1,112.2,5.7,426.2,29.3,26.2,FALSE
43,Nữ,17.1,8.025,19.6,1.6,3.45,38,61,4.7,426.2,534,258,TRUE
69,Nam,6.9,8.025,5.5,1.6,3.45,2.1,91.7,4.8,426.2,19,12,FALSE
70,Nữ,7,8.025,6.1,1.5,3.45,2.8,85.2,3.5,426.2,25.6,17.9,TRUE
1,Nữ,5.6,8.025,5.5,1.6,3.45,2.1,27,4.1,426.2,25,38.8,FALSE
66,Nam,6.4,8.025,5.5,1.6,3.45,2.1,90.7,5.3,426.2,24.1,33.1,FALSE
52,Nữ,7.6,8.025,5.5,1.6,3.45,9.1,98.5,5.3,478.1,39.6,41.8,TRUE
74,Nam,11.7,8.025,5.5,1.6,3.45,2.1,71.7,5.3,426.2,25,20.8,TRUE
54,Nữ,7.5,8.025,5.5,1.6,3.45,2.1,95.9,2.1,426.2,216,177.7,TRUE
4,Nữ,6.8,8.025,5.5,1.6,3.45,2.1,35.5,2.4,426.2,25.3,22.1,FALSE
70,Nam,10.1,8.025,9.4,2.5,3.45,2.4,151.4,19.5,426.2,35,25.7,TRUE
55,Nam,14.9,8.025,7.2,1.6,3.45,14.3,60.7,4.3,426.2,26,21.6,TRUE
44,Nam,6.5,8.025,5.5,1.6,3.45,2.1,67.8,11.7,426.2,26.3,22.8,FALSE
33,Nam,6.9,8.025,6.5,1.6,3.45,1.6,77.3,5.3,426.2,20,25,FALSE
37,Nam,5.7,8.025,5.5,1.6,3.45,2.1,70.2,5.3,426.2,25.2,28.5,FALSE
40,Nữ,18.8,8.025,5.5,1.6,3.45,2.1,83.8,5.3,426.2,25.1,31.5,TRUE
65,Nam,5.6,8.025,5.5,1.6,3.45,2.1,85.2,5.3,426.2,20.3,12,FALSE
54,Nữ,5.1,8.025,4.6,1.6,3.45,2.3,89.9,5.3,426.2,40.3,37.3,FALSE
29,Nam,5.6,8.025,5.5,1.6,3.45,2.1,70.4,5.3,426.2,30.2,23.3,FALSE
44,Nữ,9.7,8.025,5.5,1.6,3.45,2.1,104.2,5.3,426.2,16.3,11.7,TRUE
2,Nam,9,8.025,5.5,1.6,3.45,2.1,47.9,4.6,426.2,25,30,TRUE
28,Nam,6.6,8.025,5.5,1.6,3.45,2.1,85.2,5.3,426.2,17.6,20.1,FALSE
76,Nam,13.5,8.025,5.5,1.6,3.45,2.1,85.2,5.3,426.2,40.2,31.6,TRUE
37,Nam,5.6,8.025,5.5,1.6,3.45,2.1,60.3,5.3,332.9,23,23.8,FALSE
12,Nam,5.6,8.025,5.5,1.6,3.45,2.1,61.5,5.3,426.2,25.3,17.1,FALSE
17,Nữ,5.9,8.025,5.5,1.6,3.45,2.1,91.2,5.3,426.2,25,26.3,FALSE
44,Nam,5.4,8.025,6.2,2.6,3.45,2.1,87,5.4,426.2,30.1,45,FALSE
37,Nữ,6,8.025,5.5,1.6,3.45,2.1,82.7,6.8,426.2,25,48.3,FALSE
15,Nữ,8.2,8.025,5.5,1.6,3.45,2.1,89.8,5.3,426.2,69,32,TRUE
28,Nữ,6.1,8.025,5.5,1.6,3.45,2.1,113.7,5.3,426.2,41,58,FALSE
54,Nữ,6.1,8.025,5.5,1.6,3.45,2.1,106.2,5.1,426.2,28,19,FALSE
54,Nữ,6,8.025,5.3,1.6,3.45,1.7,85.2,5.3,372.7,30.2,37.1,FALSE
63,Nữ,5.6,8.025,4.4,1.2,3.45,1.8,106.8,7.5,426.2,55.9,45.9,FALSE
12,Nữ,4.8,8.025,5.5,1.6,3.45,2.1,70.1,7.6,426.2,20.3,12.4,FALSE
18,Nam,7.9,8.025,5.5,1.6,3.45,2.1,72.8,5.3,426.2,20.6,16.6,TRUE
57,Nữ,6.6,8.025,5.5,1.6,3.45,2.1,62.2,5.2,426.2,30,22.8,FALSE
30,Nữ,8,8.025,5.5,1.6,3.45,2.1,97.8,5.3,426.2,18,37,TRUE
47,Nam,6.4,8.025,5.5,1.6,3.45,2.1,74.5,5.3,426.2,26,15.2,FALSE
49,Nam,4.6,8.025,5.5,1.6,3.45,2.1,67.1,5.3,426.2,25,21.8,FALSE
48,Nam,6,8.025,5.3,2.2,3.45,0.9,76.3,5.5,426.2,26.1,20.6,FALSE
70,Nam,9.5,8.025,7.6,1.6,3.45,2.6,98.9,6.8,426.2,30.2,23.4,TRUE
54,Nam,5.6,8.025,7,1.6,3.45,8.9,85.2,5.3,426.2,29.6,32.5,FALSE
62,Nữ,13.7,8.025,5.5,1.6,3.45,2.1,56.5,11.8,594.4,30.1,15.2,TRUE
44,Nữ,16.1,8.025,5.5,1.6,3.45,2.1,57.5,8.1,426.2,190.3,178.9,TRUE
86,Nam,6.7,8.025,5.5,1.6,3.45,2.1,92.5,14.9,426.2,20.3,12,FALSE
68,Nam,8.1,8.025,6.1,1.6,3.45,1.2,92,5.3,426.2,25.3,36.4,TRUE
51,Nam,19.1,8.025,10.9,1.6,3.45,11,85.2,5.3,426.2,35.2,26.6,TRUE
33,Nữ,7,8.025,5.5,1.6,3.45,2.1,109.1,5.3,426.2,35,41.5,TRUE
53,Nữ,5,8.025,5.5,1.6,3.45,2.1,112.2,5.3,426.2,36,37,FALSE
20,Nam,5.2,8.025,5.5,1.6,3.45,2.1,75.2,5.3,426.2,21.3,15,FALSE
50,Nam,10.5,9.72,5.5,1.6,3.45,2.1,59.6,3.6,426.2,30.2,25.3,TRUE
26,Nam,5.6,8.025,5.5,1.6,3.45,2.1,84.6,5.3,426.2,33,20,FALSE
49,Nữ,6.6,8.025,4,1.2,3.45,1.1,85.2,5.3,426.2,29.6,20.3,FALSE
35,Nam,7.4,8.025,5.5,1.6,3.45,2.1,78.2,6.5,426.2,30.2,19.3,TRUE
22,Nam,5.3,8.025,5.5,1.6,3.45,2.1,67.6,5.3,426.2,22.3,18.8,FALSE
15,Nam,5.2,8.025,5.5,1.6,3.45,2.1,63.1,5.3,426.2,25.1,30.1,FALSE
37,Nữ,5.9,8.025,5.1,1.6,3.45,1.4,87.2,5.3,426.2,25.4,19.3,FALSE
30,Nữ,5.6,8.025,5.5,1.6,3.45,2.1,101.4,5.4,426.2,71.2,60.7,FALSE
43,Nữ,12.8,8.025,9.4,1.6,3.45,4.9,85.2,5.3,426.2,208,141,TRUE
59,Nữ,8.1,8.025,4.9,1.2,3.45,2.6,85.2,5.3,426.2,25,21.6,TRUE
16,Nam,5.6,8.025,5.5,1.6,3.45,2.1,87.5,5.3,426.2,23,18.9,FALSE
63,Nam,5.6,8.025,6.2,1.6,3.45,3.4,85.2,5.3,426.2,25,21.6,FALSE
54,Nam,5.7,8.025,5.5,1.6,3.45,2.1,75.9,5.4,426.2,12,13,FALSE
31,Nam,4.9,8.025,5.5,1.6,3.45,2.1,85.2,5.3,426.2,20.9,15.8,FALSE
65,Nam,5.6,8.025,5.3,1.4,3.45,1.7,85.2,5.3,426.2,25,36.2,FALSE
62,Nữ,9.6,8.025,5.5,1.6,3.45,2.1,201.9,5.3,426.2,63,79,TRUE
63,Nữ,5.6,8.025,4.6,1.2,3.45,2.9,98.6,5.4,426.2,33,31,FALSE
64,Nam,5.6,8.025,5.5,1.6,3.45,2.1,86.4,5.3,426.2,33,34,FALSE
84,Nữ,7,8.025,5.5,1.6,3.45,2.1,205.4,17.4,426.2,36,25,TRUE
49,Nam,7,8.025,5.5,1.6,3.45,2.1,82.1,5.3,426.2,18,21,TRUE
59,Nam,5.6,8.025,5.5,1.6,3.45,3.3,75.1,4.5,426.2,30,19,FALSE
90,Nam,6.8,8.025,4.4,1.6,3.45,3.9,96.6,6.7,426.2,29,20,FALSE
42,Nam,6.3,8.025,5.5,1.6,3.45,2.1,85.2,5.3,426.2,30,21,FALSE
2,Nữ,6.3,8.025,5.5,1.6,3.45,2.1,40,4.8,426.2,42,23,FALSE
64,Nam,6.2,8.025,6.5,1.6,3.45,2.1,87,5.3,426.2,20,14,FALSE
52,Nam,8.6,8.025,5.5,1.6,3.45,2.1,85.2,5.3,426.2,26,21,TRUE
59,Nữ,7,8.025,6.8,1.6,3.45,5.8,129.4,9.3,426.2,22,29,TRUE
67,Nữ,6.3,8.025,6.2,1.6,3.45,2.4,106.8,5.3,426.2,25,75.3,FALSE
66,Nữ,10.1,8.025,5.5,1.6,3.45,2.1,105.4,4.8,426.2,33,12,TRUE
42,Nam,8.4,8.025,5.5,1.6,3.45,2.1,80,5.3,426.2,13,20,TRUE
73,Nữ,11.9,7.8,6.8,1.4,3.45,10.6,85.2,5.7,426.2,84,126.1,TRUE
43,Nam,7.8,8.025,5.5,1.6,3.45,2.1,85.2,5.3,426.2,28,50,TRUE
44,Nam,5.9,8.025,6.8,1.6,3.45,1.7,85.2,5.3,426.2,25,21.6,FALSE
29,Nam,4.6,8.025,5.5,1.6,3.45,2.1,72.3,5.3,426.2,22,14,FALSE
56,Nam,4.6,8.025,5.9,1.6,3.45,1.9,59.5,5.3,426.2,29,11,FALSE
70,Nam,5.6,8.025,5.5,1.6,3.45,2.1,81.2,4.9,426.2,39,28,FALSE
42,Nữ,5.6,8.025,5.5,1.6,3.45,2.1,96.9,5.3,426.2,48,39,FALSE
2,Nữ,5.6,8.025,5.5,1.6,3.45,2.1,45,3.6,426.2,31,21,FALSE
36,Nữ,5.6,8.025,5.5,1.6,3.45,2.1,88.3,3.5,426.2,23,16,FALSE
60,Nữ,5.6,8.025,6,1.9,3.45,1.7,82.5,8.1,279.3,28,25,FALSE
58,Nam,5.6,8.025,6.5,1.7,3.45,5.1,92.9,5.7,426.2,32,35,FALSE
21,Nữ,5.2,8.025,5.5,1.6,3.45,2.1,101,4.8,426.2,53,86,FALSE
62,Nam,5.7,8.025,5.5,1.6,3.45,2.1,55.7,8.4,426.2,23,18,FALSE
42,Nam,4.8,8.025,5.5,1.6,3.45,2.1,62.7,2.1,426.2,20,16,FALSE
54,Nam,5.1,8.025,9.6,1.6,3.45,5.4,132.5,5.3,426.2,36,39,FALSE
58,Nữ,7.9,6.68,6.2,2,3.45,4.1,85.2,5.3,426.2,25,21.6,TRUE
73,Nam,21.8,8.025,4.6,1.6,3.45,1.3,85.2,5.3,426.2,31,18,TRUE
49,Nữ,8.5,8.025,7.6,1.6,3.45,1.9,85.2,5.3,426.2,26,34.3,TRUE
50,Nam,5.2,8.025,5.5,1.6,3.45,2.1,81,5.9,245.7,33,28,FALSE
58,Nữ,4.8,8.025,5.5,1.6,3.45,2.1,112.8,5.5,532.4,56,62,FALSE
36,Nữ,6.1,8.025,5.5,1.6,3.45,2.1,101.3,5.3,426.2,59,93,FALSE
48,Nữ,9.3,8.025,5.5,1.6,3.45,2.1,90.4,5.3,426.2,27,26,TRUE
27,Nam,5.6,8.025,5.5,1.6,3.45,2.1,74.5,5.3,426.2,19,18,FALSE
53,Nữ,5.6,8.025,5.5,1.6,3.45,2.1,92.9,4.4,426.2,46,30,FALSE
48,Nam,6.1,8.025,5.5,1.6,3.45,2.1,104,4.9,426.2,28,20,FALSE
23,Nữ,9.4,8.025,5.5,1.6,3.45,2.1,101.6,7.5,426.2,59,86,TRUE
56,Nữ,4.6,8.025,3.5,0.6,3.45,2.2,214.3,10.4,868.5,22,21,FALSE
60,Nam,6.7,8.025,5.5,1.6,3.45,2.1,97.3,7,426.2,27,15,FALSE
64,Nữ,6.5,8.025,5.5,1.6,3.45,2.1,299.4,15.4,1119.2,50,26,FALSE
37,Nam,4.8,8.025,5.5,1.6,3.45,2.1,85.2,5.3,426.2,27,22,FALSE
15,Nam,6.9,8.025,5.5,1.6,3.45,2.1,85.7,5.3,426.2,18,10,FALSE
23,Nam,4.6,8.025,5.5,1.6,3.45,2.1,58.2,2.5,426.2,20,10,FALSE
57,Nam,5.5,8.025,5.5,1.6,3.45,2.1,82.9,4.6,426.2,26,20,FALSE
63,Nam,5.8,8.025,5.5,1.6,3.45,2.1,85.2,5.3,426.2,30,25,FALSE
64,Nam,5.9,8.025,5.5,1.6,3.45,2.1,80.8,5.6,426.2,25,40,FALSE
72,Nam,6,8.025,5.1,1.3,3.45,2.3,79.4,5.6,426.2,27,20,FALSE
60,Nam,5.9,8.025,4.9,1.8,3.45,1.7,79,7.3,426.2,37,29,FALSE
33,Nam,5.9,8.025,5.5,1.6,3.45,2.1,85.2,5.3,426.2,30,25,FALSE
67,Nam,12.6,8.025,8.2,2.2,3.45,2.5,85.2,5.3,426.2,25,21.6,TRUE
55,Nam,4.9,8.025,5.5,1.6,3.45,2.1,71.9,6.6,426.2,22,16,FALSE
35,Nữ,5.7,8.025,5.5,1.6,3.45,2.1,75.6,4,426.2,22,16,FALSE
52,Nữ,9.1,8.025,5.5,1.6,3.45,2.1,87.9,7.5,426.2,40,64,TRUE
13,Nam,12.1,8.025,5.5,1.6,3.45,2.1,74,5.3,426.2,23,15,TRUE
99,Nữ,8.6,8.025,5.5,1.6,3.45,2.1,93.9,6.4,426.2,50,41,TRUE
23,Nữ,3.7,8.025,5.5,1.6,3.45,2.1,77.1,5.3,426.2,38,40,FALSE
93,Nam,8,8.025,5.5,1.6,3.45,2.1,101.1,7.9,426.2,23,12,TRUE
70,Nữ,6.5,8.025,5.5,1.6,3.45,2.1,684.3,15.4,426.2,62,31,FALSE
21,Nam,5.6,8.025,4.2,1.6,3.45,1.2,85.2,5.3,426.2,31,36,FALSE
14,Nữ,8.7,8.025,5.5,1.6,3.45,2.1,72,5.3,426.2,23,13,TRUE
24,Nam,6.4,8.025,5.5,1.6,3.45,2.1,60,5.3,426.2,38,45,FALSE
74,Nam,14.3,8.025,5.5,1.6,3.45,2.1,71.6,1.6,426.2,177,99,TRUE
2,Nữ,5.2,8.025,5.5,1.6,3.45,2.1,49.6,5.4,426.2,58,21,FALSE
58,Nam,10.5,8.025,7.2,1.6,3.45,1.7,85.2,5.3,285.7,29,81.1,TRUE
65,Nữ,8.7,8.025,7.5,1.4,3.45,1,117.9,8.6,587.8,30,31,TRUE
55,Nam,8.1,7.6,5.5,1.6,3.45,2.1,71.8,5.6,505.5,30,53.5,TRUE
66,Nam,6,8.025,6,1.9,3.45,2,62.3,4.6,426.2,24,19,FALSE
74,Nữ,6.9,8.025,5.5,1.6,3.45,2.1,149.5,6.7,426.2,28,36.1,FALSE
56,Nữ,16.8,8.025,5.5,1.6,3.45,2.1,85.2,5.3,426.2,128,79,TRUE
66,Nữ,6.2,8.025,5.5,1.6,3.45,2.1,85.2,5.3,426.2,40,25,FALSE
63,Nam,6.9,8.025,5.9,1.6,3.45,1.9,85.2,5.3,426.2,49,49.1,FALSE
63,Nữ,5.9,8.025,5.5,1.6,3.45,2.1,85.2,5.3,426.2,24.6,48.4,FALSE
32,Nam,7.9,8.025,5.5,1.6,3.45,2.1,67.3,5.3,426.2,25,22.4,TRUE
51,Nam,11.4,8.025,5.5,1.6,3.45,2.1,95.3,12.1,426.2,74,104.4,TRUE
44,Nữ,6.1,8.18,5.5,1.6,3.45,2.1,85.2,5.3,426.2,64,37,TRUE
57,Nam,4.2,8.025,5.5,1.6,3.45,2.1,73.9,8.5,426.2,28,13,FALSE
55,Nam,5.6,8.025,5.5,1.6,3.45,2.1,71,8.4,426.2,30,22,FALSE
33,Nam,5,8.025,5.5,1.6,3.45,2.1,85.3,5,426.2,24,22,FALSE
59,Nữ,15.6,8.025,7.3,2.1,3.45,4.3,88.3,6.8,426.2,25,37,TRUE
92,Nam,9.8,8.025,5.5,1.6,3.45,2.1,72,7.3,426.2,31,11,TRUE
32,Nữ,5.9,8.025,5.5,1.6,3.45,2.1,85.2,5.3,426.2,39,20,FALSE
29,Nữ,7.6,8.025,5.5,1.6,3.45,2.1,108.8,8.2,426.2,17,21,TRUE
6,Nữ,9,8.025,5.5,1.6,3.45,2.1,49.5,5.3,426.2,66,47,TRUE
43,Nữ,6.6,8.025,5.5,1.6,3.45,2.1,85.2,5.3,426.2,27,23,FALSE
25,Nam,5.7,8.025,5.5,1.6,3.45,2.1,85.2,5.3,426.2,23,24,FALSE
42,Nam,5.3,8.025,5.5,1.6,3.45,2.1,99.3,5.3,426.2,32,27,FALSE
2,Nam,5.6,8.025,5.5,1.6,3.45,2.1,44.2,1.9,426.2,39,16,FALSE
28,Nam,6.7,8.025,5.5,1.6,3.45,2.1,75,5.3,426.2,45,21,FALSE
58,Nam,5.8,8.025,5.5,1.6,3.45,2.1,64.4,10.5,426.2,17,17,FALSE
56,Nam,5.6,8.025,5.5,1.6,3.45,2.1,58.9,4.5,426.2,28,21,FALSE
69,Nữ,6.2,8.025,5.7,1.3,3.45,1.7,100.8,6.9,426.2,43,24,FALSE
2,Nam,8,8.025,5.5,1.6,3.45,2.1,49.2,3.6,426.2,57,22,TRUE
22,Nam,4.9,8.025,5.5,1.6,3.45,2.1,67,5.3,426.2,22,13,FALSE
27,Nam,5.7,8.025,5.5,1.6,3.45,2.1,73.1,5.3,426.2,16,15,FALSE
51,Nữ,8.5,8.025,5.5,1.6,3.45,2.1,125.5,6.2,426.2,48,36,TRUE
11,Nữ,5.6,8.025,5.5,1.6,3.45,2.1,66.5,5.1,426.2,28,21,FALSE
53,Nữ,7.5,8.025,5.5,1.6,3.45,2.1,105.7,5.3,426.2,30,15,TRUE
79,Nữ,6.1,8.025,5.5,1.6,3.45,2.1,112.9,5.3,426.2,29,22,FALSE
44,Nữ,12.5,8.025,5.5,1.6,3.45,2.1,103.2,5.3,426.2,40,29,TRUE
1,Nữ,5.6,8.025,5.5,1.6,3.45,2.1,39,4.3,426.2,63,33,FALSE
73,Nam,7.2,8.025,5.1,1.6,3.45,6.1,77,6.5,424.7,38,27,TRUE
62,Nữ,12.7,8.025,5.5,1.6,3.45,2.1,135.4,10.3,426.2,42,62,TRUE
55,Nữ,5.6,8.025,5.5,1.6,3.45,2.1,88.3,5.9,426.2,20,15,FALSE
33,Nam,5.6,8.025,5.5,1.6,3.45,2.1,59,5.3,426.2,19,41,FALSE
43,Nam,5.3,8.025,5.5,1.6,3.45,0.8,85.2,5.3,426.2,18,18,FALSE
38,Nam,9.3,8.025,5.5,1.6,3.45,2.1,84.2,5.3,426.2,28,23,TRUE
46,Nữ,6.4,8.025,5.5,1.6,3.45,2.1,87.9,8.3,426.2,39,31,FALSE
20,Nữ,6.4,8.025,5.5,1.6,3.45,2.1,100.7,3.6,426.2,18,14,FALSE
65,Nam,12.7,9.42,5.8,1.6,3.45,6,85.2,5.3,426.2,25,21.6,TRUE
47,Nữ,5.6,8.025,5.5,1.6,3.45,2.1,85.2,15.7,426.2,21.5,15.4,FALSE
42,Nam,5.6,8.025,5.8,1.6,3.45,2.6,85.2,5.3,426.2,16,16,FALSE
62,Nữ,13.4,8.025,5,1.6,3.45,1.5,136,13.1,426.2,72,94,TRUE
55,Nữ,10.6,8.025,5.5,1.6,3.45,2.1,119,5.3,426.2,17,21,TRUE
46,Nữ,5.2,8.025,5.5,1.6,3.45,2.1,85.2,3.8,426.2,79,99,FALSE
58,Nữ,6,8.025,5.5,1.6,3.45,2.1,90.1,4.7,426.2,56,28,FALSE
50,Nữ,8.3,8.025,7.5,1.6,3.45,11.6,85.3,5.3,426.2,67,42,TRUE
56,Nam,5.6,8.025,6.6,1.6,3.45,9,85.2,5.3,426.2,20,15,FALSE
77,Nam,6,8.025,5.5,1.6,3.45,2.1,86.5,4.9,426.2,41,40,FALSE
32,Nữ,8.7,8.025,5.5,1.6,3.45,2.1,98.9,4.6,426.2,27,57,TRUE
2,Nữ,6.9,8.025,5.5,1.6,3.45,2.1,40,5.3,426.2,32,19,FALSE
57,Nam,9.5,8.03,7.5,2.4,3.45,1.8,85.2,5.3,426.2,25,21.6,TRUE
45,Nam,6,8.025,5.5,1.6,3.45,2.1,87.8,5.3,426.2,21,18,FALSE
52,Nam,6.1,8.025,5.5,1.6,3.45,2.1,72.6,4.4,426.2,25,21.6,FALSE
66,Nam,6.8,8.025,5.5,1.6,3.45,2.1,66,5.3,426.2,23,12,FALSE
61,Nam,6.7,8.025,5.5,1.6,3.45,2.4,85.2,5.3,426.2,31,22,FALSE
12,Nữ,4,8.025,5.5,1.6,3.45,2.1,63.4,5.3,426.2,20,16,FALSE
29,Nam,4,8.025,5.5,1.6,3.45,2.1,68.9,5.3,426.2,26.3,24.9,FALSE
70,Nam,5.4,8.025,5.5,1.6,3.45,2.1,96.6,7.3,426.2,65,46,FALSE
55,Nam,7.4,8.025,5.3,1.6,3.45,3.3,75.8,6.1,312,23,22,TRUE
63,Nữ,5.6,8.025,5.3,2.3,3.45,1.4,85.2,7.1,426.2,30,26,FALSE
55,Nam,5.3,8.025,5.3,1.9,3.45,1.4,79.7,7.9,426.2,23,19,FALSE
75,Nam,6.3,8.025,3.4,1.3,3.45,2.5,77.9,2.4,426.2,30,21,FALSE
31,Nam,6.9,8.025,5.5,1.6,3.45,2.1,62.4,5.3,426.2,16,13,FALSE
64,Nữ,4.8,8.025,5,1.4,3.45,1,69.8,2.8,426.2,10,18,FALSE
9,Nữ,5.6,8.025,5.5,1.6,3.45,2.1,93.1,10,426.2,58,25,FALSE
65,Nam,6.2,8.025,5.5,1.6,3.45,2.1,85.2,6.6,426.2,22,18,FALSE
59,Nam,7.1,8.025,7,1.6,3.45,1.9,85.2,5.3,426.2,18,20,TRUE
55,Nữ,9.7,8.025,5.5,1.6,3.45,2.1,89.4,5.8,426.2,21,28,TRUE
84,Nam,15.3,9.02,3.9,1.6,3.45,2.2,198.4,8.6,426.2,42,26,TRUE
2,Nam,5.8,8.025,5.5,1.6,3.45,2.1,49,5.1,426.2,57,32,FALSE
62,Nam,11.7,8.025,5.5,1.6,3.45,2.1,113.5,12.3,426.2,47,31,TRUE
31,Nam,7.5,8.025,5.5,1.6,3.45,2.1,71.5,5.3,426.2,30,36,TRUE
39,Nam,5.6,8.025,5.5,1.6,3.45,2.1,71.1,5.3,426.2,19,14,FALSE
39,Nữ,5.5,8.025,6,1.6,3.45,0.8,68.7,5.2,426.2,308,120,FALSE
92,Nam,5.5,8.025,5.6,1.6,3.45,2.1,56.1,4.5,426.2,24,13,FALSE
39,Nam,8.4,8.025,5.5,1.6,3.45,2.1,84.4,5.3,426.2,15,13,TRUE
27,Nam,4,8.025,5.5,1.6,3.45,2.1,72.4,5.3,426.2,20,12,FALSE
24,Nam,4.8,8.025,5.5,1.6,3.45,2.1,69,2.6,426.2,16,13,FALSE
24,Nam,4.3,8.025,5.5,1.6,3.45,2.1,74.3,5.3,426.2,17,15,FALSE
61,Nữ,10.4,8.025,5.5,1.6,3.45,2.1,85.9,5.2,426.2,166,73,TRUE
35,Nữ,7.5,8.025,5.5,1.6,3.45,2.1,96.3,5.2,426.2,37,59,TRUE
58,Nam,18.9,8.025,5.5,1.6,3.45,2.1,80,4,426.2,30,30,TRUE
69,Nam,6,8.025,5.5,1.6,3.45,2.1,64.8,5.2,426.2,38,31,FALSE
23,Nam,6,8.025,5.5,1.6,3.45,2.1,97.9,6.9,426.2,19,12,FALSE
80,Nam,8.6,8.025,5.5,1.6,3.45,2.1,61.2,3.1,426.2,18,11,TRUE
18,Nam,5.7,8.025,5.5,1.6,3.45,2.1,74,5.3,426.2,16,15,FALSE
20,Nam,4,8.025,5.5,1.6,3.45,2.1,78,5.3,426.2,33,39,FALSE
6,Nam,6.8,8.025,5.5,1.6,3.45,2.1,52.3,3.7,426.2,12,34,FALSE
56,Nam,15.3,8.025,5.5,1.6,3.45,2.1,85.2,5.3,426.2,49,46,TRUE
33,Nữ,5.6,8.025,5.5,1.6,3.45,2.1,155,9.6,426.2,87,54,FALSE
44,Nam,7.4,8.025,5.5,1.6,3.45,2.1,74.9,5.3,426.2,30,24,TRUE
53,Nam,5.4,8.025,5.5,1.6,3.45,2.1,83,7,426.2,19,14,FALSE
61,Nam,8.8,8.025,5.2,1.6,3.45,4.4,76.3,6.3,426.2,23,21,TRUE
49,Nữ,7,8.025,5.5,1.6,3.45,2.1,145,8.6,426.2,25,31,TRUE
53,Nữ,7.4,8.025,5.5,1.6,3.45,2.1,111.5,5.3,426.2,265,303,TRUE
10,Nam,5.7,8.025,5.5,1.6,3.45,2.1,68.6,5.3,426.2,29,19,FALSE
71,Nữ,6.7,8.025,5.5,1.6,3.45,2.1,119.7,5.3,426.2,48,32,FALSE
24,Nữ,5.6,8.025,5.5,1.6,3.45,2.1,94.5,5.4,426.2,23,17,FALSE
3,Nam,3,8.025,5.5,1.6,3.45,2.1,30.3,1.9,426.2,59,28,FALSE
41,Nam,5.6,8.025,5.5,1.6,3.45,2.1,71.4,6.5,426.2,21,18,FALSE
58,Nam,9.4,12.35,8.5,1.9,3.45,4.1,65.9,4.6,426.2,25,21.6,TRUE
48,Nữ,10.7,8.025,8.1,1.6,3.45,20.2,67.1,5.3,426.2,173,65,TRUE
30,Nữ,7,8.025,5.5,1.6,3.45,2.1,94.6,5.3,426.2,129,84,TRUE
20,Nam,4.7,8.025,5.5,1.6,3.45,2.1,61.2,5.3,426.2,15,13,FALSE
26,Nam,5.6,8.025,5.5,1.6,3.45,2.1,67.2,5.3,426.2,19,25,FALSE
37,Nữ,6.2,8.025,6.6,1.6,3.45,1,86.4,6.6,268.2,27,22,FALSE
53,Nam,6.1,8.025,4.8,1.6,3.45,1.6,79,8.7,426.2,28,37,FALSE
59,Nam,21.5,9.2,3.7,1,3.45,3.9,85.2,5.3,426.2,25,21.6,TRUE
51,Nam,8.5,8.025,5.5,1.6,3.45,2.1,68.6,5.3,426.2,23,18,TRUE
67,Nam,7,8.025,7.2,1.7,3.45,4.2,86.6,6.3,426.2,29,33,TRUE
62,Nam,6.8,8.025,5.5,1.6,3.45,2.1,72.2,6.5,426.2,20,31,FALSE
53,Nữ,6,8.025,5.5,1.6,3.45,2.1,86.3,7.1,491.1,36,34,FALSE
58,Nam,6.8,8.025,5.5,1.6,3.45,2.1,69.7,5.9,426.2,25,21.6,FALSE
59,Nữ,6.2,8.025,5.5,1.6,3.45,2.1,141.7,5.3,426.2,31,26,FALSE
54,Nam,5.6,8.025,5.4,1.6,3.45,1,85.2,5.3,426.2,30,20,FALSE
33,Nữ,7.7,8.025,5.5,1.6,3.45,2.1,89,5.3,426.2,38,21,TRUE
17,Nữ,6,8.025,5.5,1.6,3.45,2.1,98,5.3,426.2,20,20,FALSE
20,Nam,6,8.025,5.5,1.6,3.45,2.1,62,2.5,426.2,16,14,FALSE
76,Nam,9.1,8.025,5.5,1.6,3.45,2.1,110.6,7,426.2,44,26,TRUE
77,Nam,9.6,8.025,5.5,1.6,3.45,2.1,85,5.3,426.2,27,21,TRUE
51,Nam,7.8,8.025,5.5,1.6,3.45,2.1,82.4,9.6,426.2,17,25,TRUE
78,Nữ,6.5,8.025,5.6,1.6,3.45,0.9,79,5.3,426.2,21,15,FALSE
56,Nam,9.5,8.025,5.9,1.6,3.45,8.1,69,7.9,367,29,26,TRUE
73,Nữ,5.6,8.025,5.8,1.2,3.45,1.9,98.9,5.2,426.2,34,27,FALSE
42,Nữ,5,9.4,6,1.7,3.45,2.7,85.2,5.3,426.2,25,21.6,TRUE
55,Nam,9.6,8.02,5.5,1.6,3.45,2.1,85.2,5.3,426.2,22,22,TRUE
49,Nam,4.6,8.025,4.5,1.7,3.45,1.2,74.7,3.2,426.2,18,13,FALSE
41,Nam,5.4,8.025,5.5,1.6,3.45,2.1,66.5,4.2,426.2,59,51,FALSE
28,Nam,5.6,8.025,5.5,1.6,3.45,2.1,42.4,4.8,341.1,26,27,FALSE
63,Nam,5.6,8.025,6.6,1.4,3.45,1.7,85.2,5.3,426.2,25,21.6,FALSE
68,Nữ,8.5,8.1,5.5,1.6,3.45,2.1,185,15.6,426.2,25,21.6,TRUE
76,Nam,5.8,8.025,5.3,1.6,3.45,2.1,81.7,5.6,420.8,24,19,FALSE
56,Nữ,5.7,8.025,8,1.8,3.45,4.5,135.9,6.6,752.3,47,30,FALSE
57,Nữ,10.7,8.025,5.5,1.6,3.45,2.1,93.5,5.3,426.2,53,50,TRUE
34,Nam,5.7,8.025,5.5,1.6,3.45,2.1,86.2,5.4,426.2,36,37,FALSE
84,Nam,5.6,8.025,5.5,1.6,3.45,2.1,72.6,5.3,426.2,23,11,FALSE
63,Nữ,7.7,8.025,5.5,1.6,3.45,2.1,126,5.8,426.2,26,21,TRUE
72,Nữ,6.2,8.025,5.5,1.6,3.45,2.1,96,7.5,289.3,36,20,FALSE
37,Nữ,3.5,8.025,5.5,1.6,3.45,2.1,83.6,5.3,426.2,37,32,FALSE
25,Nam,5.5,8.025,5.5,1.6,3.45,2.1,61,5.3,426.2,16,11,FALSE
65,Nữ,5.4,8.025,5.5,1.6,3.45,2.1,81.4,5.3,426.2,74,25,FALSE
38,Nam,5.6,8.025,5.5,1.6,3.45,2.1,76.6,5.3,426.2,28,18,FALSE
1,Nữ,5.6,8.025,5.5,1.6,3.45,2.1,28.9,2.3,426.2,30,18,FALSE
70,Nữ,5.9,8.025,5.8,1.6,3.45,1.7,85.2,5.3,545.9,39,41,FALSE
76,Nữ,6.3,8.025,6.5,2,3.45,2.8,125.2,8.2,567.1,21,12,FALSE
56,Nam,5.3,8.025,5.5,1.6,3.45,2.1,78.2,6.6,426.2,29,29,FALSE
38,Nam,7.5,8.025,5.5,1.6,3.45,2.1,81.4,5.4,426.2,23,21,TRUE
17,Nam,5.7,8.025,5.5,1.6,3.45,2.1,85.2,5.3,426.2,13,16,FALSE
68,Nam,6.7,8.025,6.4,1.6,3.45,3.2,78.8,5.3,426.2,25,15,FALSE
29,Nam,5.6,8.025,5.5,1.6,3.45,2.1,72.8,2.4,426.2,24,21,FALSE
18,Nam,5.6,8.025,5.5,1.6,3.45,2.1,68.9,2,426.2,12,12,FALSE
27,Nam,8.6,8.025,5.5,1.6,3.45,2.1,51.6,5.3,426.2,18,13,TRUE
19,Nam,6.4,8.025,5.5,1.6,3.45,2.1,56.8,5.3,426.2,19,11,FALSE
40,Nữ,8.5,8.025,5.5,1.6,3.45,2.1,96.3,7,426.2,34,27,TRUE
24,Nam,5.6,8.025,5.5,1.6,3.45,2.1,72.1,5.3,426.2,40,31,FALSE
32,Nam,6.9,8.025,5.5,1.6,3.45,2.1,84.5,3.2,426.2,20,13,FALSE
53,Nam,7.1,8.025,5.5,1.6,3.45,2.1,75.8,5.7,426.2,29,33,TRUE
60,Nam,6.3,8.025,5.5,1.6,3.45,2.1,85.2,6.9,426.2,25,11,FALSE
54,Nam,6.2,8.025,6.5,2.4,3.45,0.8,102.8,8.3,426.2,25,27,FALSE
68,Nam,6.6,8.025,5.5,1.6,3.45,2.1,63,4.1,146.8,23,18,FALSE
43,Nữ,5.6,8.025,6.8,1.6,3.45,9.7,85.2,5.3,426.2,102,55,FALSE
42,Nam,4,8.025,5.5,1.6,3.45,2.1,65.6,3.5,426.2,23,15,FALSE
28,Nữ,5.6,8.025,5.5,1.6,3.45,2.1,58.9,3.1,426.2,20,15,FALSE
49,Nam,15.3,8.025,6.9,1.4,3.45,5,65.5,5,426.2,28,52,TRUE
2,Nữ,5.6,8.025,5.5,1.6,3.45,2.1,139.3,18.7,426.2,63,27,FALSE
7,Nữ,5.6,8.025,5.5,1.6,3.45,2.1,52.3,4.2,426.2,25,21.6,FALSE
17,Nam,7.1,8.025,5.5,1.6,3.45,2.1,81,3.6,426.2,35,28,TRUE
31,Nam,5.6,8.025,5.5,1.6,3.45,2.1,88.2,5.3,426.2,28,18,FALSE
26,Nữ,5,8.025,4.2,1.6,3.45,0.7,85.2,5.3,426.2,31,31,FALSE
57,Nam,5.6,8.025,3.9,1.6,3.45,2.8,85.2,5.3,354,34,23,FALSE
59,Nam,5.6,8.025,5.5,1.6,3.45,2.1,51.3,5.3,426.2,63,33,FALSE
37,Nam,4.8,8.025,5.5,1.6,3.45,2.1,70.3,5.3,426.2,48,46,FALSE
30,Nam,5.9,8.025,5.5,1.6,3.45,2.1,59.7,5.3,426.2,17,12,FALSE
66,Nữ,8.1,8.025,5.5,1.6,3.45,2.1,121.1,9.6,426.2,39,38,TRUE
84,Nữ,6,8.025,5.5,1.6,3.45,2.1,171.8,14.7,426.2,30,34,FALSE
29,Nam,5.6,8.025,5.5,1.6,3.45,2.1,58.9,2.3,426.2,24,20,FALSE
1,Nữ,5.6,8.025,5.5,1.6,3.45,2.1,35.6,2.6,426.2,49,18,FALSE
84,Nữ,5.6,8.025,6.7,1.7,3.45,2.3,85.2,5.3,426.2,25,21.6,FALSE
76,Nữ,6.2,8.025,5.1,2.2,3.45,1.8,138.5,11.1,426.2,22,14,FALSE
79,Nam,8.3,8.025,5.7,1.9,3.45,1.3,126.2,9.2,426.2,21,12,TRUE
66,Nam,5.7,8.025,4.4,1.6,3.45,1,85.1,8.1,426.2,31,20,FALSE
55,Nam,9.7,8.025,5.1,1.6,3.45,1.7,64.2,4.5,426.2,27,50,TRUE
50,Nam,4.7,8.025,5.5,1.6,3.45,2.1,85.2,5.8,426.2,19,13,FALSE
19,Nam,5.6,8.025,5.5,1.6,3.45,2.1,66.8,5.3,426.2,20,14,FALSE
48,Nam,5.7,8.025,5.5,1.6,3.45,2.1,122.9,5.3,426.2,26,12,FALSE
10,Nữ,5.6,8.025,5.5,1.6,3.45,2.1,68,5.3,426.2,23,17,FALSE
27,Nam,5.7,8.025,5.5,1.6,3.45,2.1,70.4,5.4,426.2,15,19,FALSE
32,Nam,8.3,8.025,5,1.6,3.45,1.6,68.2,5.3,426.2,37,14,TRUE
57,Nữ,5.6,8.025,5.5,1.6,3.45,2.1,85.2,6.6,426.2,25,26,FALSE
70,Nữ,7.7,8.025,6,1.6,3.45,1.6,89.9,7.2,445.6,26,14,TRUE
44,Nam,6.4,8.025,5.5,1.6,3.45,2.1,85.2,4.4,426.2,16,18,FALSE
62,Nam,5.6,8.025,5.1,1.3,3.45,7.5,85.2,5.3,426.2,25,21.6,FALSE
3,Nữ,7.3,8.025,5.5,1.6,3.45,2.1,39.6,5.3,426.2,26,13,TRUE
3,Nam,5.6,8.025,5.5,1.6,3.45,2.1,33.2,2.1,426.2,21,13,FALSE
31,Nữ,5.1,8.025,5.5,1.6,3.45,2.1,95.4,4.3,278.9,40,23,FALSE
71,Nữ,5.4,8.025,5.5,1.6,3.45,2.1,119,7.9,426.2,26,23,FALSE
40,Nam,8.7,8.025,5.5,1.6,3.45,2.1,84.4,5.3,426.2,31,16,TRUE
30,Nữ,4.6,8.025,5.5,1.6,3.45,2.1,77,5.3,426.2,63,47,FALSE
16,Nam,4.4,8.025,5.5,1.6,3.45,2.1,58.8,5.3,426.2,26,13,FALSE
25,Nam,6.4,8.025,5.5,1.6,3.45,2.1,75.8,5.3,426.2,26,23,FALSE
17,Nam,4,8.025,5.5,1.6,3.45,2.1,77.4,5.3,426.2,36,13,FALSE
60,Nữ,16.4,8.025,5.5,1.6,3.45,2.1,104.6,5.2,426.2,46,23,TRUE
22,Nữ,5.6,8.025,5.5,1.6,3.45,2.1,90,5.3,426.2,40,28,FALSE
58,Nữ,6.7,8.025,5.5,1.6,3.45,2.1,88.8,5.3,426.2,26.3,24.7,FALSE
59,Nam,5.7,8.025,5.5,1.6,3.45,2.1,70.5,4.7,426.2,29,23,FALSE
44,Nam,7.9,8.025,5.5,1.6,3.45,2.1,70.8,5.3,426.2,21.2,23.8,TRUE
56,Nam,6.9,8.025,5.5,1.6,3.45,2.1,83.4,4.9,426.2,23,17,FALSE
39,Nam,4.6,8.025,5.5,1.6,3.45,2.1,74.3,5.3,426.2,23,11,FALSE
57,Nam,10,8.025,5.5,1.6,3.45,2.1,86.5,5.3,426.2,26,22,TRUE
80,Nữ,9.1,8.025,5.5,1.6,3.45,2.1,91.4,4.6,426.2,36,25,TRUE
17,Nam,5.6,8.025,5.5,1.6,3.45,2.1,81.6,5.3,426.2,31,30,FALSE
18,Nam,4.6,8.025,5.5,1.6,3.45,2.1,69,5.3,426.2,19,10,FALSE
19,Nam,5.6,8.025,5.5,1.6,3.45,2.1,87,3.9,426.2,26,25,FALSE
41,Nam,5.7,8.025,5.5,1.6,3.45,2.1,87.7,6.2,426.2,31,21.6,FALSE
57,Nam,7.2,8.025,5.5,1.6,3.45,2.1,68.6,4.1,426.2,33,19,TRUE
15,Nữ,5.1,8.025,5.5,1.6,3.45,2.1,76.1,5.3,426.2,34,17,FALSE
2,Nữ,3,8.025,5.5,1.6,3.45,2.1,45,9.5,426.2,90,40,FALSE
2,Nữ,5.7,8.025,5.5,1.6,3.45,2.1,41,4.8,426.2,39,14,FALSE
3,Nam,8.5,8.025,5.5,1.6,3.45,2.1,37,5.1,426.2,49,44,TRUE
3,Nam,5.5,8.025,5.5,1.6,3.45,2.1,37,4.7,426.2,33,14,FALSE
2,Nữ,3.4,8.025,5.5,1.6,3.45,2.1,43.1,4.3,426.2,72,42,FALSE
2,Nam,5.5,8.025,5.5,1.6,3.45,2.1,42.1,4.1,426.2,36,14,FALSE
2,Nam,4.6,8.025,5.5,1.6,3.45,2.1,33.7,2.6,426.2,43,16,FALSE
5,Nam,4,8.025,5.5,1.6,3.45,2.1,46.7,5.2,426.2,41,15,FALSE
24,Nam,6.2,8.025,5.5,1.6,3.45,2.1,52.3,5.3,426.2,22,12,FALSE
41,Nữ,6.3,8.025,5.5,1.6,3.45,2.1,78.3,5.3,426.2,18,12,FALSE
2,Nam,5.6,8.025,5.5,1.6,3.45,2.1,48,5.3,426.2,30,13,FALSE
53,Nam,7.5,8.025,5.5,1.6,3.45,2.1,75.6,4.5,426.2,22,17,TRUE
53,Nam,8.2,8.025,5.5,1.6,3.45,2.1,84,4.3,426.2,16.5,12,TRUE
3,Nữ,4.8,8.025,5.5,1.6,3.45,2.1,47.1,4.1,426.2,39,18,FALSE
6,Nam,5,8.025,5.5,1.6,3.45,2.1,52.4,4.3,426.2,28,14,FALSE
21,Nam,5.8,8.025,5.5,1.6,3.45,2.1,56.8,5.3,426.2,25,14,FALSE
65,Nữ,18.5,8.025,5.5,1.6,3.45,2.1,103.1,3.2,426.2,175,83,TRUE
32,Nữ,3.9,8.025,5.5,1.6,3.45,2.1,65.2,5.3,426.2,29.3,26.4,FALSE
35,Nam,5.5,8.025,5.5,1.6,3.45,2.1,73.3,5.3,426.2,21,17,FALSE
1,Nữ,5.9,8.025,5.5,1.6,3.45,2.1,32.6,4.7,426.2,33,28,FALSE
25,Nam,5.6,8.025,5.5,1.6,3.45,2.1,64.7,3,426.2,18,13,FALSE
15,Nữ,5.6,8.025,5.5,1.6,3.45,2.1,104.2,5.3,426.2,46,29,FALSE
1,Nữ,6.4,8.025,5.5,1.6,3.45,2.1,48,2.5,426.2,40,30,FALSE
2,Nữ,4.4,8.025,5.5,1.6,3.45,2.1,37.4,5,426.2,23,34,FALSE
2,Nam,4.5,8.025,5.5,1.6,3.45,2.1,43.1,5.8,426.2,52,32,FALSE
2,Nữ,5.6,8.025,5.5,1.6,3.45,2.1,45,5.3,426.2,42,24,FALSE
65,Nữ,11.6,8.025,5.5,1.6,3.45,2.1,85.9,14.1,426.2,12,16,TRUE
49,Nữ,2.6,8.025,5.5,1.6,3.45,2.1,95.6,4.1,426.2,58,21,FALSE
12,Nữ,7,8.025,5.5,1.6,3.45,2.1,59,5.3,426.2,26,15,TRUE
41,Nữ,7.4,8.025,5.5,1.6,3.45,2.1,105.3,5.3,426.2,13,15,TRUE
21,Nam,5.2,8.025,5.5,1.6,3.45,2.1,75.4,5.3,426.2,18,13,FALSE
2,Nữ,5,8.025,5.5,1.6,3.45,2.1,40,2.5,426.2,82,39,FALSE
14,Nam,4.8,8.025,5.5,1.6,3.45,2.1,80.4,3.8,426.2,22,14,FALSE
66,Nam,7.7,8.025,5.8,1.6,3.45,1.2,73,3.9,426.2,28,31,TRUE
6,Nữ,4.6,8.025,5.5,1.6,3.45,2.1,45.2,5.3,426.2,26,11,FALSE
63,Nữ,7.8,8.025,5.5,1.6,3.45,2.1,151.5,8.2,368.6,37,66,TRUE
59,Nam,7.2,8.025,5.5,1.6,3.45,2.1,116.8,7,464.4,21,12,TRUE
42,Nam,5.6,8.025,5.5,1.6,3.45,2.1,75.6,2.8,426.2,22,13,FALSE
65,Nữ,5.3,8.025,5.5,1.6,3.45,2.1,187,5.3,426.2,29,11,FALSE
29,Nam,7,8.025,5.5,1.6,3.45,2.1,76.5,5.3,426.2,21,15,TRUE
2,Nữ,4.7,8.025,5.5,1.6,3.45,2.1,36.1,5,426.2,35,16,FALSE
63,Nam,7,8.025,3.7,1.6,3.45,1.3,719.5,24.5,426.2,32,24,TRUE
27,Nữ,5.6,8.025,5.5,1.6,3.45,2.1,100.6,5.3,426.2,25,47,FALSE
35,Nữ,5.6,8.025,5.5,1.6,3.45,2.1,72,5.3,426.2,32,39,FALSE
34,Nam,5,8.025,4.2,1.6,3.45,0.6,76.9,4.9,302.6,25,20,FALSE
43,Nam,5.2,8.025,5.5,1.6,3.45,2.1,78.4,5.3,426.2,19,11,FALSE
25,Nam,3.7,8.025,5.5,1.6,3.45,2.1,70.1,5.3,426.2,12,16,FALSE
53,Nam,6.4,8.025,5.5,1.6,3.45,2.1,91.1,6.8,426.2,43,27,FALSE
61,Nam,5.4,8.025,5.5,1.6,3.45,2.1,83.5,5.4,426.2,20,24,FALSE
44,Nữ,4.3,8.025,5.5,1.6,3.45,2.1,79.2,2.5,426.2,20,11,FALSE
54,Nam,12.8,8.025,5.5,1.6,3.45,2.1,84.7,5.7,426.2,30,37,TRUE
13,Nữ,6,8.025,5.5,1.6,3.45,2.1,60.6,5.3,426.2,27,14,FALSE
23,Nam,3.4,8.025,5.5,1.6,3.45,2.1,66.9,5.3,426.2,22,15,FALSE
21,Nam,4.9,8.025,5.5,1.6,3.45,2.1,72.1,3,426.2,11.9,28.6,FALSE
36,Nữ,5.1,8.025,5.5,1.6,3.45,2.1,83.5,5.3,426.2,36,24,FALSE
50,Nam,5.6,8.025,5.5,1.6,3.45,2.1,76.5,4.2,426.2,29,13,FALSE
51,Nam,4.5,8.025,5.5,1.6,3.45,2.1,71.8,7,426.2,37,36,FALSE
17,Nữ,7.3,8.025,5.5,1.6,3.45,2.1,96,4.8,426.2,92,66,TRUE
59,Nam,7.1,8.025,5.5,1.6,3.45,2.1,82.1,5.3,426.2,18,12,TRUE
52,Nam,6.3,8.025,4.2,1.6,3.45,1,85.2,5.3,426.2,57,84,FALSE
40,Nam,4.2,8.025,5.5,1.6,3.45,2.1,62.6,5.3,426.2,32.3,20.1,FALSE
31,Nam,5,8.025,5.5,1.6,3.45,2.1,77.9,5.1,426.2,25.6,12.3,FALSE
17,Nam,5.6,8.025,5.5,1.6,3.45,2.1,66.3,5.3,426.2,11,17,FALSE
49,Nam,6.8,8.025,5.5,1.6,3.45,2.1,68.6,4.3,426.2,24,14,FALSE
67,Nam,6.3,8.025,5.5,1.6,3.45,2.1,67.5,5.6,426.2,31,16,FALSE
10,Nam,5.6,8.025,5.5,1.6,3.45,2.1,62.5,2.7,426.2,28,14,FALSE
67,Nam,7.7,8.025,5.5,1.6,3.45,2.1,159.2,12.3,426.2,23,21,TRUE
53,Nam,4.6,8.025,5.5,1.6,3.45,2.1,80.2,4,242.9,19,23,FALSE
10,Nam,6.6,8.025,5.5,1.6,3.45,2.1,60.3,4.5,426.2,25.6,15.1,FALSE
69,Nữ,8.6,8.025,5.5,1.6,3.45,2.1,117.7,5.3,426.2,23,21,TRUE
32,Nam,5.1,8.025,5.5,1.6,3.45,2.1,77.2,5.3,426.2,14,19,FALSE
62,Nữ,5.9,8.025,5.5,1.6,3.45,2.1,88.3,5.3,426.2,17,15,FALSE
40,Nam,6.3,8.025,5.5,1.6,3.45,2.1,150.7,7.1,426.2,19,11,FALSE
38,Nam,5.6,8.025,5.5,1.6,3.45,2.1,93,5.8,426.2,25,20,FALSE
18,Nữ,9.6,8.025,5.5,1.6,3.45,2.1,125,6.2,426.2,38,38,TRUE
25,Nam,5.7,8.025,5.5,1.6,3.45,2.1,104.2,5.3,426.2,20,11,FALSE
56,Nam,13.5,8.025,4.4,1.3,3.45,2.6,85.2,5.3,426.2,25,21.6,TRUE
65,Nam,7.2,8.025,6.5,2.2,3.45,2.8,92,4.3,426.2,21,27,TRUE
47,Nam,5.2,8.025,5.5,1.6,3.45,4.5,72.6,5.3,426.2,27,37,FALSE
16,Nam,3.6,8.025,5.5,1.6,3.45,2.1,69.6,2.4,426.2,30.2,19.5,FALSE
57,Nữ,6.6,8.025,5.5,1.6,3.45,2.1,74.6,4.5,426.2,33,21,FALSE
39,Nam,5,8.025,5.5,1.6,3.45,2.1,84.9,5.3,426.2,18,33,FALSE
84,Nam,7,8.025,5.5,1.6,3.45,2.1,89.3,5.3,426.2,17,15,TRUE
72,Nam,7.5,8.025,5.5,1.6,3.45,2.1,99.9,5.3,426.2,25,23,TRUE
44,Nữ,7.7,8.025,5.5,1.6,3.45,2.1,107,5.3,426.2,48,59,TRUE
32,Nam,3.7,8.025,5.5,1.6,3.45,2.1,62.1,5.3,426.2,40,20,FALSE
19,Nam,3.8,8.025,5.5,1.6,3.45,2.1,83.3,3.5,426.2,20,16,FALSE
62,Nữ,7.9,8.025,5.5,1.6,3.45,2.1,117.6,5.6,426.2,36,16,TRUE
51,Nam,5.6,8.025,5.5,1.6,3.45,2.1,90.4,4.3,426.2,34,37,FALSE
88,Nữ,5.7,8.025,5.5,1.6,3.45,2.1,96.6,8.6,426.2,13,20,FALSE
53,Nữ,5.6,8.025,5.3,1.6,3.45,5.9,107.4,7.8,426.2,40,41,FALSE
35,Nữ,8.5,8.025,5.5,1.6,3.45,2.1,84.8,4.4,426.2,42,52,TRUE
58,Nam,5.6,8.025,5.5,1.6,3.45,2.1,87.1,6.4,426.2,24,19,FALSE
68,Nữ,4.6,8.025,5.5,1.6,3.45,2.1,100.1,5.5,426.2,40,27,FALSE
54,Nam,10.3,8.025,5.5,1.6,3.45,2.1,71,5.3,426.2,35,28,TRUE
49,Nam,7.7,8.025,5.5,1.6,3.45,2.1,85.2,5.3,426.2,25,25,TRUE
88,Nam,9.7,8.025,5.5,1.6,3.45,2.1,93.6,7.1,426.2,21,12.4,TRUE
69,Nam,13.1,8.7,7,1.6,3.45,1.4,79.8,10.9,426.2,22,21,TRUE
5,Nam,5.6,8.025,5.5,1.6,3.45,2.1,48.8,2.4,426.2,26,12,FALSE
50,Nam,7.4,8.025,4.5,1.1,3.45,1.4,96.7,11.7,474.8,16,14,TRUE
55,Nam,6.1,8.025,5.5,1.6,3.45,2.1,65.8,5.3,426.2,19,21,FALSE
31,Nữ,5.6,8.025,5.5,1.6,3.45,2.1,88.4,3.2,432.2,29,17,FALSE
66,Nữ,7.9,8.025,5.5,1.6,3.45,2.1,88.7,5.5,560.9,132,70,TRUE
62,Nữ,7,8.025,5.9,1.6,3.45,4.7,85.2,5.3,722.7,33,26,TRUE
76,Nam,5.1,8.025,5.5,1.6,3.45,2.1,64.6,7.6,426.2,18,20,FALSE
66,Nam,7,8.025,6.3,1.6,3.45,1.2,85.2,5.3,426.2,25,21.6,TRUE
69,Nam,5.5,8.025,4.9,1.5,3.45,1.9,74.2,4.4,426.2,34,24,FALSE
3,Nữ,4.1,8.025,5.5,1.6,3.45,2.1,38.6,2.2,426.2,36,13,FALSE
27,Nữ,5.6,8.025,5.5,1.6,3.45,2.1,104.7,6.7,426.2,31,32,FALSE
55,Nam,6.2,8.025,4.2,1.4,3.45,3.6,65.3,7.6,426.2,34,38,FALSE
57,Nam,6.9,8.025,5.5,1.6,3.45,2.1,85.2,5.3,426.2,271,252,FALSE
61,Nam,5.4,8.025,5.5,1.6,3.45,2.1,85.2,5.3,426.2,29,24,FALSE
60,Nữ,5.3,8.025,4.1,1.6,3.45,2.4,85.2,5.3,342.7,20,23,FALSE
33,Nam,7.1,8.025,5.5,1.6,3.45,2.1,78.9,5.3,426.2,30,30,TRUE
20,Nam,5.2,8.025,5.5,1.6,3.45,2.1,71.4,5.3,426.2,17,13,FALSE
29,Nam,4,8.025,5.5,1.6,3.45,2.1,75.3,3,426.2,21,12,FALSE
83,Nam,8.1,8.025,5.5,1.6,3.45,2.1,74.6,5.3,426.2,26,18,TRUE
50,Nam,4.9,8.025,5.5,1.6,3.45,2.1,73,5.3,426.2,15,13,FALSE
70,Nữ,4.7,8.025,3.9,1.6,3.45,0.7,85,5.5,426.2,30,13,FALSE
43,Nam,6.6,8.025,5.5,1.6,3.45,2.1,73.5,2.6,426.2,22,29,FALSE
63,Nam,6.3,8.025,5.5,1.6,3.45,2.1,73.7,5.3,426.2,30,24,FALSE
46,Nữ,12.1,8.025,5.5,1.6,3.45,2.1,64.4,5.3,426.2,118,167,TRUE
54,Nam,8.9,8.025,4.9,1.6,3.45,2.5,74,5.3,426.2,18,17,TRUE
47,Nữ,5.3,8.025,5.5,1.6,3.45,2.1,85.2,5.3,426.2,63,42,FALSE
41,Nam,3.8,8.025,5.5,1.6,3.45,2.1,69.8,4.3,426.2,26,27,FALSE
43,Nam,4.4,8.025,5.5,1.6,3.45,2.1,63.7,6.5,426.2,94,58,FALSE
18,Nam,6.3,8.025,5.5,1.6,3.45,2.1,66,5.3,426.2,12,12,FALSE
32,Nữ,7.9,8.025,5.5,1.6,3.45,2.1,136.3,14.2,426.2,53,41,TRUE
53,Nam,6.6,8.025,5.5,1.6,3.45,2.1,84.6,4.6,426.2,26,22,FALSE
66,Nam,18.6,8.025,5.5,1.6,3.45,2.1,69.4,3.5,426.2,14,14,TRUE
34,Nam,5.6,8.025,5.5,1.6,3.45,2.1,81.9,3.3,426.2,26,15,FALSE
44,Nam,11.6,8.025,5.6,1.6,3.45,3.2,78.7,4.6,426.2,25,21.6,TRUE
18,Nữ,5.1,8.025,5.5,1.6,3.45,2.1,75.8,6.4,426.2,51,37,FALSE
67,Nam,5.4,8.025,4.3,1.6,3.45,1.1,90.9,5.3,426.2,27,16,FALSE
46,Nữ,5.4,8.025,5.5,1.6,3.45,2.1,227.8,18.2,426.2,14,13,FALSE
40,Nam,6.6,8.025,4.3,1.6,3.45,1.6,85.2,5.3,426.2,14,22,FALSE
6,Nữ,3.6,8.025,5.5,1.6,3.45,2.1,56,5.3,426.2,34,11,FALSE
33,Nam,4,8.025,5.5,1.6,3.45,2.1,66,2.6,426.2,21,11,FALSE
60,Nữ,8,8.025,5.5,1.6,3.45,2.1,130.6,5.3,426.2,31,36,TRUE
72,Nữ,5.6,8.025,5.5,1.6,3.45,2.1,93.8,5.8,426.2,18,17,FALSE
45,Nữ,5.6,8.025,5.5,1.6,3.45,2.1,129.5,7.7,426.2,18,12,FALSE
67,Nam,5.5,8.025,5.7,1.6,3.45,1.4,73.7,6.1,426.2,26,22,FALSE
46,Nữ,5.5,8.025,5.5,1.6,3.45,2.1,80.6,5.9,426.2,27,18,FALSE
58,Nữ,6.3,8.025,5.2,2.1,3.45,2.7,93.2,2.8,484,22,28,FALSE
4,Nữ,5.1,8.025,5.5,1.6,3.45,2.1,44.3,3.3,426.2,30,19,FALSE
32,Nam,4.8,8.025,5.5,1.6,3.45,2.1,52.2,5.3,426.2,12,13,FALSE
9,Nam,5.6,8.025,5.5,1.6,3.45,2.1,57,3,426.2,22,12,FALSE
39,Nam,6.2,8.025,5.5,1.6,3.45,2.1,85.2,5.3,426.2,25,19,FALSE
81,Nam,9.8,8.025,5.2,1.6,3.45,3.4,84.3,7.3,426.2,31,24,TRUE
68,Nam,14.4,8.025,5.5,1.6,3.45,2.1,69,5.8,426.2,524,433,TRUE
64,Nữ,6.5,8.025,5.5,1.6,3.45,2.1,85.2,5.3,426.2,31,39,FALSE
44,Nam,4.7,8.025,5.5,1.6,3.45,2.1,80.9,5.3,426.2,19,15,FALSE
40,Nam,4.9,8.025,5.5,1.6,3.45,2.1,62.8,5.3,426.2,31,32,FALSE
24,Nam,4.7,8.025,5.5,1.6,3.45,2.1,64,5.3,426.2,19,19,FALSE
72,Nam,7.4,8.025,5.7,1.6,3.45,1.1,79.2,4.8,426.2,18,18,TRUE
84,Nam,6,8.025,5.5,1.6,3.45,2.1,66.1,7,426.2,21,17,FALSE
50,Nữ,5.7,8.025,5.5,1.6,3.45,2.1,117.8,5.2,426.2,23,13,FALSE
69,Nam,8.6,8.025,5,1.6,3.45,1,73.5,5.9,426.2,35,32,TRUE
33,Nam,8.3,8.025,7,1.6,3.45,1.5,82.7,3.9,426.2,19,12,TRUE
66,Nam,18.1,9.49,6,1.7,3.45,3.1,77.7,3.8,426.2,25,21.6,TRUE
69,Nữ,5.1,8.025,5.5,1.6,3.45,2.1,77.7,8.2,426.2,25,21.6,FALSE
89,Nữ,9.5,8.025,5.5,1.6,3.45,2.1,108.9,3.9,426.2,24,29,TRUE
89,Nam,6.2,8.025,6.6,1.7,3.45,2.5,72.9,2.4,325.5,26,29,FALSE
65,Nữ,4.8,8.025,5.5,1.6,3.45,2.1,71,2.6,426.2,40,43,FALSE
69,Nữ,5.6,8.025,5.2,1.6,3.45,2.7,85.2,5.3,461.8,19,20,FALSE
69,Nam,15.5,8.025,4.1,1.6,3.45,1.5,85.2,5.3,426.2,25,21.6,TRUE
2,Nữ,4.4,8.025,5.5,1.6,3.45,2.1,42,5.5,426.2,51,25,FALSE
61,Nữ,5.5,8.025,5.5,1.6,3.45,2.1,77.1,5.3,426.2,51,37,FALSE
2,Nam,4.7,8.025,5.5,1.6,3.45,2.1,41,2.4,426.2,63,23,FALSE
60,Nam,5.1,8.025,8,1.7,3.45,4.6,82.8,7.1,426.2,41,36,FALSE
6,Nam,5.2,8.025,5.5,1.6,3.45,2.1,85.2,5.3,426.2,26,13,FALSE
56,Nam,5.6,8.025,5.5,1.6,3.45,2.1,90.1,5.3,519,17,13,FALSE
44,Nam,6.3,8.025,5.5,1.6,3.45,2.1,72.1,5.3,426.2,15,16,FALSE
65,Nữ,4.2,8.025,5.5,1.6,3.45,2.1,93.1,5.3,426.2,32,31,FALSE
31,Nữ,5.6,8.025,5.5,1.6,3.45,2.1,100.3,5.3,426.2,28,43,FALSE
19,Nữ,5.6,8.025,5.5,1.6,3.45,2.1,109.9,5.3,426.2,22,12,FALSE
21,Nữ,5.6,8.025,5.5,1.6,3.45,2.1,78.2,5.5,426.2,17,19,FALSE
68,Nam,5.3,8.025,5.7,1.6,3.45,1.9,88.6,5.3,426.2,20,19,FALSE
43,Nam,7.2,8.025,5.5,1.6,3.45,2.1,80,5.3,426.2,19,12,TRUE
28,Nam,3.6,8.025,5.5,1.6,3.45,2.1,68.6,5.3,426.2,22,21,FALSE
42,Nam,4.7,8.025,5.5,1.6,3.45,2.1,80,5.3,426.2,23,13,FALSE
57,Nam,5.1,8.025,4.1,1.6,3.45,0.8,70.3,5.3,426.2,21,15,FALSE
46,Nam,4.6,8.025,5.5,1.6,3.45,2.1,62.2,5.3,426.2,18.5,24.4,FALSE
72,Nam,4.1,8.025,5.5,1.6,3.45,2.1,90.5,5.9,426.2,30,19,FALSE
51,Nam,6.7,8.025,5.5,1.6,3.45,2.1,68.4,5.9,426.2,15,20,FALSE
69,Nữ,5.6,8.025,5.1,2.1,3.45,3.4,96.1,9.4,426.2,33,27,FALSE
74,Nữ,6.3,8.025,5.3,1.6,3.45,2.5,86.6,5.4,426.2,22,17,FALSE
38,Nam,4.9,8.025,5.5,1.6,3.45,2.1,64.5,5.3,426.2,17,15,FALSE
51,Nam,9,8.025,3.8,1.6,3.45,0.6,64.8,2.7,426.2,87,143,TRUE
43,Nữ,5.6,8.025,5.7,1.6,3.45,4.6,85.2,5.3,513.1,345,311,FALSE
75,Nữ,5.91,8.025,5.1,1.6,3.45,1.42,182.3,7.2,591.7,16,15,FALSE
28,Nữ,5,8.025,5.5,1.6,3.45,2.1,101.1,3.5,426.2,20,19,FALSE
50,Nữ,9,8.025,3.6,1.6,3.45,1.9,106.7,6.9,426.2,256,21.6,TRUE
34,Nam,5.6,8.025,5.5,1.6,3.45,2.1,59.4,3.8,426.2,24,28,FALSE
56,Nữ,5.4,8.025,7,1.6,3.45,1.7,102.2,6.5,426.2,25,28,FALSE
72,Nam,5.6,8.025,4.4,1.6,3.45,1.1,80.6,6.8,426.2,23,19,FALSE
59,Nam,6,8.025,5.5,1.6,3.45,2.1,78.5,5.3,426.2,25,19,FALSE
63,Nam,3.5,8.025,5.5,1.6,3.45,2.1,59.4,6.4,426.2,18,16,FALSE
64,Nam,7.5,8.025,5.5,1.6,3.45,2.1,103.8,6,426.2,51,43,TRUE
38,Nam,5.6,8.025,5.5,1.6,3.45,2.1,84.5,5.1,426.2,23,21,FALSE
50,Nữ,18.6,8.025,5.5,1.6,3.45,2.1,93.3,5.3,426.2,34,32,TRUE
65,Nữ,3.9,8.025,5.5,1.6,3.45,2.1,110,5.9,426.2,28,23,FALSE
26,Nam,5.3,8.025,5.5,1.6,3.45,2.1,79,2.8,426.2,38,45,FALSE
76,Nam,26.7,8.025,6.7,1.6,3.45,4.1,81,4.2,426.2,31,21,TRUE
52,Nữ,4.1,8.025,5.5,1.6,3.45,2.1,110.4,11.6,426.2,31,20,FALSE
70,Nam,10.7,8.025,4.9,1.6,3.45,1.3,70.5,4.8,426.2,24,20,TRUE
55,Nữ,12.2,8.025,5.5,1.6,3.45,2.1,73.7,6.5,426.2,157,70,TRUE
31,Nam,5.6,8.025,5.5,1.6,3.45,2.1,85,5.3,426.2,85,20,FALSE
47,Nam,5.2,8.025,6.1,1.6,3.45,1.2,85.2,5.3,426.2,20,15,FALSE
40,Nam,5.1,8.025,5.5,1.6,3.45,2.1,66.9,5.3,426.2,21,12,FALSE
23,Nam,4.9,8.025,5.5,1.6,3.45,2.1,53.5,5.3,426.2,21,17,FALSE
29,Nam,6.8,8.025,5.5,1.6,3.45,2.1,70.3,7.3,426.2,17,13,FALSE
38,Nam,8,8.025,5.5,1.6,3.45,2.1,54,5.3,426.2,16,15,TRUE
1,Nam,7,8.025,5.5,1.6,3.45,2.1,39,3.4,426.2,51,28,TRUE
56,Nam,6.1,8.025,5.5,1.6,3.45,2.1,92.1,4.2,426.2,21,12,FALSE
64,Nam,7.2,8.025,5.5,1.6,3.45,2.1,133.5,8.8,426.2,24,29,TRUE
82,Nam,2.9,8.025,5.5,1.6,3.45,2.1,94,7.5,426.2,45,27,FALSE
47,Nam,5.7,8.025,5.5,1.6,3.45,2.1,82.7,5.7,426.2,21,27,FALSE
29,Nam,5.6,8.025,5.5,1.6,3.45,2.1,83,5.3,426.2,22,20,FALSE
17,Nữ,5.6,8.025,5.5,1.6,3.45,2.1,111.8,5.8,426.2,22,17,FALSE
70,Nam,14.9,8.025,5,1.6,3.45,1.6,85.2,6.2,426.2,14,20,TRUE
49,Nữ,11.2,8.025,5.7,1.2,3.45,2.7,84.8,6.6,382.8,25,21.6,TRUE
35,Nữ,6.5,8.025,5.5,1.6,3.45,2.1,107.5,5.3,426.2,22,18,FALSE
2,Nữ,5.3,8.025,5.5,1.6,3.45,2.1,37,2,426.2,61,30,FALSE
60,Nữ,4.8,8.025,5.5,1.6,3.45,2.1,98.5,8,426.2,26,25,FALSE
26,Nam,4.5,8.025,5.5,1.6,3.45,2.1,74.2,4.3,484.8,19,15,FALSE
39,Nữ,5.6,8.025,5.5,1.6,3.45,2.1,81.2,5.3,426.2,18,18,FALSE
48,Nữ,4.8,8.025,5.2,1.6,3.45,2.1,86,4.5,426.2,17,14,FALSE
66,Nam,9,8.025,5.5,1.6,3.45,2.1,85.2,5.3,426.2,43,29,TRUE
37,Nam,5.8,8.025,5.5,1.6,3.45,2.1,58.4,5.3,426.2,21,20,FALSE
88,Nữ,4.2,8.025,4.6,1.6,3.45,1.4,155,6.4,426.2,26,17,FALSE
72,Nam,8,8.025,8.7,1.7,3.45,4.1,67,12,426.2,25,19,TRUE
6,Nam,3.6,8.025,5.5,1.6,3.45,2.1,59,5.3,426.2,21,12,FALSE
51,Nữ,7.2,8.025,5.5,1.6,3.45,2.1,74.7,5.3,426.2,34,23,TRUE
74,Nam,6.6,8.025,5.5,1.6,3.45,2.1,113.7,6,426.2,25,21.6,FALSE
28,Nam,6.3,8.025,5.5,1.6,3.45,2.1,67.7,5.3,426.2,15,14,FALSE
51,Nam,6.7,8.025,5.5,1.6,3.45,2.1,83,5.3,426.2,16,17,FALSE
60,Nam,5.6,8.025,6.3,1.5,3.45,5.1,84.7,6.8,426.2,20,21,FALSE
40,Nữ,5.6,8.025,5.5,1.6,3.45,2.1,85.2,5.3,508.7,37,23,FALSE
40,Nam,7.5,8.025,5.5,1.6,3.45,2.1,93,4.9,426.2,32,16,TRUE
98,Nữ,5,8.025,6.1,1.6,3.45,1.9,107.9,13.2,531,33,24,FALSE
23,Nam,5.6,8.025,5.5,1.6,3.45,2.1,58.2,5.3,426.2,25,20,FALSE
20,Nữ,5.5,8.025,5.5,1.6,3.45,2.1,103.3,3.4,426.2,39,33,FALSE
36,Nữ,6.8,8.025,5.5,1.6,3.45,2.1,84.6,3.2,426.2,25,16,FALSE
63,Nam,6.3,9.5,4.4,2.1,3.45,1.3,85.2,5.3,426.2,25,21.6,TRUE
37,Nữ,6,8.025,5.5,1.6,3.45,2.1,86.7,2.8,336.1,19,18,FALSE
65,Nữ,5.9,8.025,5.5,1.6,3.45,2.1,81.7,6.7,426.2,27,30,FALSE
36,Nữ,5.6,8.025,5.5,1.6,3.45,2.1,116.6,5.3,426.2,17,23,FALSE
28,Nam,4.7,8.025,5.5,1.6,3.45,2.1,51.8,5.3,426.2,24,14,FALSE
16,Nam,5.6,8.025,5.5,1.6,3.45,2.1,59.5,5.3,426.2,14,11,FALSE
65,Nam,13.3,8.025,5,1.5,3.45,1,85.2,6.7,426.2,26,20,TRUE
40,Nam,5.6,8.025,5.5,1.6,3.45,2.1,113.8,4.9,426.2,44,36,FALSE
70,Nam,6.5,8.025,5.5,1.6,3.45,2.1,68.2,5.3,426.2,25,15,FALSE
41,Nam,6.1,8.025,5.5,1.6,3.45,2.1,86.1,5.3,426.2,19,18,FALSE
42,Nam,5.1,8.025,5.5,1.6,3.45,2.1,70.1,5.3,426.2,22,21,FALSE
28,Nam,4.8,8.025,5.5,1.6,3.45,2.1,63.2,5.3,426.2,17,13,FALSE
24,Nam,4,8.025,5.5,1.6,3.45,2.1,75.2,5.3,426.2,36,40,FALSE
76,Nam,10,8.025,5.4,1.6,3.45,1.2,80.4,11,426.2,18,16,TRUE
36,Nam,4.9,8.025,5.5,1.6,3.45,2.1,67.7,5.3,426.2,14,13,FALSE
33,Nam,5.4,8.025,5.5,1.6,3.45,2.1,75.9,5.3,426.2,18,14,FALSE
36,Nam,5.5,8.025,5.5,1.6,3.45,2.1,65,5.3,426.2,22,20,FALSE
14,Nữ,5.1,8.025,5.5,1.6,3.45,2.1,82.6,5.3,426.2,16,15,FALSE
32,Nam,4.5,8.025,5.5,1.6,3.45,2.1,58,4.6,426.2,22,16,FALSE
36,Nam,7.9,8.025,5.5,1.6,3.45,2.1,76.2,5.3,426.2,14,10,TRUE
61,Nam,7.4,8.025,5.5,1.6,3.45,2.1,74.4,4.4,426.2,20,17,TRUE
76,Nam,6.8,8.025,5.5,1.6,3.45,2.1,113.1,4.2,426.2,22,11,FALSE
85,Nam,4.8,8.025,5.5,1.6,3.45,2.1,260,19.6,426.2,20,14,FALSE
39,Nữ,6.1,8.025,5.5,1.6,3.45,2.1,79.3,4.4,426.2,23,18,FALSE
27,Nam,5.6,8.025,5.5,1.6,3.45,2.1,76.5,6.1,426.2,21,19,FALSE
75,Nam,36.2,8.025,10,2.5,3.45,13.2,67.8,7.4,426.2,25,58,TRUE
48,Nữ,6.5,8.025,5.1,1.1,3.45,4.4,82,5.4,426.2,25,55,FALSE
16,Nam,5.6,8.025,5.5,1.6,3.45,2.1,59.2,2.1,426.2,14,10,FALSE
65,Nữ,10.1,8.025,5.5,1.6,3.45,2.1,136.7,21.4,535.4,12,17,TRUE
53,Nam,7.4,8.025,5.5,1.6,3.45,2.1,87.1,8.9,426.2,17,18,TRUE
68,Nữ,9.2,8.025,5.5,1.6,3.45,2.1,79,5.3,426.2,29,18,TRUE
54,Nam,9,8.025,6.5,1.4,3.45,4.2,77.3,4.3,426.2,22,14,TRUE
65,Nam,9.1,8.025,5.5,1.6,3.45,2.1,70,5.3,426.2,26,23,TRUE
67,Nữ,6.8,8.025,5.5,1.6,3.45,1,87.9,7,426.2,20,22,FALSE
48,Nữ,6.6,8.025,5.5,1.6,3.45,2.1,83.6,8.8,510.4,31,40,FALSE
56,Nữ,7,8.025,6.7,1.6,3.45,1.3,85.2,5.3,426.2,94,113,TRUE
54,Nữ,9.5,8.025,5.5,1.6,3.45,2.1,86.9,5.3,426.2,31,47,TRUE
32,Nam,5.6,8.025,5.5,1.6,3.45,2.1,82.1,5.3,426.2,27,22,FALSE
59,Nữ,3.9,8.025,5.5,1.6,3.45,2.1,95,4.8,426.2,19,16,FALSE
69,Nam,3,8.025,5.5,1.6,3.45,2.1,84.9,3,426.2,25,16,FALSE
47,Nam,5.1,8.025,5.5,1.6,3.45,2.1,74.1,5.3,426.2,23,12,FALSE
58,Nam,7.1,8.025,5.5,1.6,3.45,2.1,85.1,4.8,426.2,24,15,TRUE
44,Nữ,6.4,8.025,5.1,1.8,3.45,1,97.1,7.6,341.2,21,17,FALSE
63,Nữ,5.4,8.025,4.2,1.5,3.45,2.3,78.7,4.2,426.2,32,23,FALSE
80,Nữ,9.5,8.025,5.5,1.6,3.45,2.1,96.2,10.1,426.2,22,16,TRUE
59,Nữ,14.3,8.025,5.5,1.6,3.45,2.1,87.4,4.7,426.2,71,34,TRUE
40,Nam,6.7,8.025,5.5,1.6,3.45,2.1,85.2,5.3,426.2,17,13,FALSE
74,Nam,6.4,8.025,5.5,1.6,3.45,2.1,91.2,5.3,426.2,28,26,FALSE
91,Nữ,7,8.025,5.5,1.6,3.45,2.1,85.6,5.3,426.2,26,20,TRUE
68,Nữ,5.6,8.025,5.5,1.6,3.45,2.1,127.6,5.3,426.2,17,20,FALSE
62,Nam,7.2,8.025,5.5,1.6,3.45,2.1,103.3,5.9,426.2,27,23,TRUE
49,Nữ,8.4,8.025,5.5,1.6,3.45,2.1,73,5.3,426.2,45,38,TRUE
18,Nam,5.4,8.025,5.5,1.6,3.45,2.1,70.3,5.3,426.2,22,17,FALSE
22,Nam,4.9,8.025,5.5,1.6,3.45,2.1,56.6,3.6,426.2,26,23,FALSE
65,Nam,5.2,8.025,5.5,1.6,3.45,2.1,82,5.2,426.2,25,15,FALSE
65,Nữ,6.2,8.025,5.5,1.6,3.45,2.1,69.9,3.9,426.2,24,15,FALSE
62,Nam,6.4,8.025,5.5,1.6,3.45,2.1,83.5,5.3,426.2,24,23,FALSE
43,Nam,4.3,8.025,5.5,1.6,3.45,2.1,80.9,5.3,426.2,18,17,FALSE
40,Nam,4.1,8.025,4.6,1.6,3.45,2.7,64.1,4.3,426.2,23,33,FALSE
44,Nữ,9.7,8.025,6.3,1.6,3.45,1.5,57.6,2.6,426.2,115,71,TRUE
65,Nữ,7.3,8.025,5.5,1.6,3.45,2.1,124.6,7.5,426.2,23,21,TRUE
25,Nam,5.6,8.025,5.5,1.6,3.45,2.1,64.2,5.3,426.2,25,17,FALSE
58,Nữ,5.8,8.025,5.5,1.6,3.45,2.1,75.2,5.3,426.2,23,16,FALSE
48,Nam,9.7,8.025,5.5,1.6,3.45,2.1,57.4,5.3,489.5,18,21,TRUE
69,Nữ,5.8,8.025,5.5,1.6,3.45,2.1,106.5,5.3,426.2,24,27,FALSE
60,Nữ,3.9,8.025,5.5,1.6,3.45,2.1,113,3.7,426.2,40,21,FALSE
105,Nam,10.2,8.025,5.5,1.6,3.45,2.1,78.2,4.8,426.2,20,16,TRUE
50,Nữ,4.3,8.025,4.2,1.2,3.45,2,73.6,6.2,383,21,18,FALSE
32,Nữ,7.3,8.025,6.9,1.6,3.45,6.4,88.8,4.5,426.2,60,109,TRUE
19,Nữ,5.6,8.025,5.5,1.6,3.45,2.1,111.8,5,426.2,45,28,FALSE
36,Nam,6.3,8.025,5.5,1.6,3.45,2.1,76.1,5.7,426.2,15,18,FALSE
53,Nam,6.4,8.025,7.1,1.5,3.45,2.8,71.1,7.8,426.2,23,21,FALSE
8,Nữ,2.7,8.025,5.5,1.6,3.45,2.1,44,3,426.2,15,34,FALSE
9,Nữ,4.3,8.025,5.5,1.6,3.45,2.1,58,5.3,426.2,21,15,FALSE
17,Nam,4.5,8.025,5.5,1.6,3.45,2.1,49.7,1.7,426.2,16,15,FALSE
54,Nam,6.5,8.025,5.5,1.6,3.45,2.1,78.9,5,426.2,19,15,FALSE
70,Nam,15.7,8.025,5.5,1.6,3.45,2.1,96.8,3.8,426.2,29,33,TRUE
46,Nữ,19.7,8.025,5.5,1.6,3.45,2.1,69.3,2.5,426.2,286,135,TRUE
81,Nữ,5.5,8.025,5.5,1.6,3.45,2.1,104.5,8.2,426.2,16,13,FALSE
46,Nam,6.1,8.025,5.8,1.5,3.45,3,78.4,5.6,426.2,19,23,FALSE
64,Nữ,5.8,8.025,5.3,1.6,3.45,1.3,79.9,5.5,426.2,25,21,FALSE
64,Nam,8.2,8.025,8.7,1.9,3.45,12.4,78,4.1,426.2,28,16,TRUE
85,Nữ,6.1,8.025,4.2,1.4,3.45,1,86.4,7.3,426.2,22,15,FALSE
66,Nữ,10.3,8.025,4.4,1.6,3.45,1.4,103.3,6.3,426.2,33,28,TRUE
39,Nam,5.6,8.025,5.5,1.6,3.45,2.1,60.1,5.7,426.2,16,16,FALSE
66,Nam,11.6,8.025,5.5,1.6,3.45,2.1,80,5.9,426.2,13,14,TRUE
43,Nữ,5.6,8.025,5.5,1.6,3.45,2.1,76.3,3.8,426.2,34,24,FALSE
66,Nữ,6.8,8.025,5.5,1.6,3.45,2.1,94,5.9,426.2,25,21.6,FALSE
63,Nữ,8.8,8.025,5.5,1.6,3.45,2.1,93.5,10.6,426.2,31,37,TRUE
37,Nam,3.2,8.025,5.5,1.6,3.45,2.1,67.1,4.7,426.2,19,12,FALSE
65,Nữ,10.7,10.63,4.1,1.3,3.45,6.8,92.8,6.3,426.2,18,29,TRUE
59,Nam,7.8,8.025,5.5,1.6,3.45,2.1,74,5.3,426.2,26,18,TRUE
43,Nam,5.9,8.025,5.6,1.6,3.45,1.8,80.5,5.3,426.2,31,16,FALSE
39,Nữ,9.2,8.025,5.5,1.6,3.45,2.1,121.3,5.3,426.2,36,46,TRUE
63,Nam,6.8,8.025,5.5,1.6,3.45,2.1,72.4,5.3,426.2,46,25,FALSE
63,Nữ,5.1,8.025,4.8,1.2,3.45,2.3,105,5.3,508.6,46,49,FALSE
70,Nữ,6.4,8.025,5.5,1.6,3.45,2.1,76,5.3,426.2,101,315,FALSE
62,Nam,7.3,8.025,5.5,1.6,3.45,2.1,86.9,5.3,426.2,41,18,TRUE
15,Nam,5,8.025,5.5,1.6,3.45,2.1,50.7,3.6,426.2,36,16,FALSE
30,Nữ,5.2,8.025,5.5,1.6,3.45,2.1,77.1,5.3,426.2,36,34,FALSE
37,Nữ,8,8.025,2.9,1.6,3.45,1.6,81.7,5.3,426.2,127,43,TRUE
82,Nam,8.1,8.025,5.5,1.6,3.45,2.1,81.8,4.4,426.2,37,13,TRUE
18,Nam,3.2,8.025,5.5,1.6,3.45,2.1,59.4,5.3,426.2,26,15,FALSE
77,Nữ,7,8.025,5.9,1.6,3.45,2.6,235.7,9.5,426.2,25,13,TRUE
41,Nữ,5,8.025,5.5,1.6,3.45,2.1,72.4,5.7,426.2,30,31,FALSE
15,Nam,3.2,8.025,5.5,1.6,3.45,2.1,68.8,5.3,426.2,33,21,FALSE
2,Nữ,6,8.025,5.5,1.6,3.45,2.1,42.4,2.6,426.2,25.3,20.1,FALSE
36,Nữ,5.6,8.025,5.5,1.6,3.45,2.1,96.5,5.3,426.2,47,42,FALSE
17,Nam,3.9,8.025,5.5,1.6,3.45,2.1,57.9,5.3,426.2,31,15,FALSE
53,Nữ,6.3,8.025,4.9,1.6,3.45,1.7,113,10,695,131,189,FALSE
1,Nam,5.6,8.025,5.5,1.6,3.45,2.1,42.1,2.3,426.2,17.6,21.2,FALSE
2,Nữ,5.6,8.025,5.5,1.6,3.45,2.1,41.7,4,426.2,24.3,14.6,FALSE
2,Nữ,5.6,8.025,5.5,1.6,3.45,2.1,43.1,2,426.2,14.5,10.9,FALSE
30,Nữ,5.6,8.025,5.5,1.6,3.45,2.1,117.6,4.5,426.2,25.3,26.9,FALSE
44,Nam,5.2,8.025,5.5,1.6,3.45,2.1,70.2,3.5,426.2,20.1,19.6,FALSE
7,Nữ,6,8.025,5.5,1.6,3.45,2.1,67.1,5.3,426.2,25,18.4,FALSE
48,Nữ,20.3,8.025,12.8,1.6,3.45,26.2,64,8.4,426.2,158,92,TRUE
58,Nữ,4.6,8.025,5.5,1.6,3.45,2.1,78.2,5.4,426.2,14.5,20.3,FALSE
3,Nữ,5.3,8.025,5.5,1.6,3.45,2.1,40.3,5.3,426.2,15.6,20,FALSE
65,Nữ,13,8.025,5.5,1.6,3.45,2.1,162.2,6.6,426.2,123,77,TRUE
22,Nam,4.5,8.025,5.5,1.6,3.45,2.1,64.9,3,426.2,22.3,16.1,FALSE
60,Nam,8,8.025,5.5,1.6,3.45,2.1,59,5.2,426.2,15.6,19.1,TRUE
61,Nữ,4.6,8.025,5.5,1.6,3.45,2.1,183,7.9,426.2,15.9,30.6,FALSE
1,Nữ,5.6,8.025,5.5,1.6,3.45,2.1,45,2,426.2,14,22.8,FALSE
17,Nam,2.1,8.025,5.5,1.6,3.45,2.1,53.7,3.8,426.2,18.5,25.5,FALSE
42,Nữ,6,8.025,5.5,1.6,3.45,2.1,89.7,7.1,426.2,127,89,FALSE
62,Nam,6.5,8.025,5.5,1.6,3.45,2.1,65.4,2.9,426.2,42,32,FALSE
49,Nữ,6,8.025,7.7,1.9,3.45,8.1,91,5,426.2,40,43,FALSE
48,Nam,6,8.025,5.6,1.4,3.45,2.6,85.2,5.3,426.2,25,21.6,FALSE
53,Nữ,14,10.6,6.2,1.2,3.45,2.7,85.2,5.3,426.2,25,21.6,TRUE
59,Nam,5,8.025,5.5,1.6,3.45,2.1,98.4,5.3,426.2,30,18,FALSE
23,Nam,5.6,8.025,5.5,1.6,3.45,2.1,57,3.7,426.2,24,51,FALSE
27,Nam,7,8.025,5.5,1.6,3.45,2.1,70,5.1,426.2,20,29,TRUE
14,Nam,5.6,8.025,5.5,1.6,3.45,2.1,66.4,5.3,426.2,25,15,FALSE
25,Nữ,5.6,8.025,3.9,1.6,3.45,9.7,103,5.3,426.2,32,34,FALSE
41,Nữ,6,8.025,5.5,1.6,3.45,2.1,90.5,5.3,426.2,16,21.6,FALSE
21,Nam,6,8.025,5.5,1.6,3.45,2.1,59.6,5.3,426.2,23,13,FALSE
53,Nam,5,8.025,5.7,1.1,3.45,2.1,76.2,6,426.2,24,15,FALSE
60,Nam,6,8.025,5.5,1.6,3.45,2.1,81.6,8.5,426.2,24,17,FALSE
44,Nam,5.6,8.025,5.5,1.6,3.45,2.1,77.3,7.5,426.2,14,15,FALSE
22,Nam,5,8.025,5.5,1.6,3.45,2.1,54.1,5.3,426.2,16,12,FALSE
43,Nam,5,8.025,5.5,1.6,3.45,2.1,63.8,4.9,426.2,19,16,FALSE
52,Nam,5,8.025,5.5,1.6,3.45,2.1,67.6,5.3,426.2,27,18,FALSE
19,Nam,6,8.025,5.5,1.6,3.45,2.1,55,5.3,426.2,23,20,FALSE
36,Nữ,6,8.025,6.2,1.7,3.45,4.8,83,6.8,539.5,33,53,FALSE
41,Nam,6,8.025,4.5,1.6,3.45,2.2,124,8.1,426.2,36,41,FALSE
64,Nam,5,8.025,5.5,1.6,3.45,2.1,74.6,5.3,426.2,27,15,FALSE
46,Nam,5.6,8.025,5.8,1.6,3.45,2.5,85.2,5.3,426.2,16,18,FALSE
32,Nam,4,8.025,5.5,1.6,3.45,2.1,86,5.3,426.2,21,10,FALSE
65,Nam,4,8.025,5.5,1.6,3.45,2.1,79.6,5.3,426.2,20,17,FALSE
52,Nam,7,8.025,5.5,1.6,3.45,2.1,103.8,6.6,426.2,43,30,TRUE
18,Nữ,5.6,8.025,5.5,1.6,3.45,2.1,99,3,426.2,16,16,FALSE
42,Nam,30,13.5,5.5,1.6,3.45,2.1,114,12.7,426.2,15,16,TRUE
40,Nữ,5.6,8.025,5.5,1.6,3.45,2.1,91,5.3,426.2,33,35,FALSE
48,Nam,7,8.025,5.5,1.6,3.45,2.1,59.5,5.3,426.2,30,31,TRUE
29,Nam,6,8.025,5.5,1.6,3.45,2.1,74,4.4,426.2,17,15,FALSE
31,Nam,3.9,8.025,5.5,1.6,3.45,2.1,66,5.3,426.2,18,14,FALSE
57,Nam,5,8.025,5.5,1.6,3.45,2.1,71.1,6.7,426.2,35,44,FALSE
28,Nam,6,8.025,5.5,1.6,3.45,2.1,66.6,5.3,426.2,25,15,FALSE
83,Nam,5,8.025,4,1.6,3.45,2.2,85.2,5.3,426.2,25,21.6,FALSE
22,Nữ,5,8.025,5.5,1.6,3.45,2.1,92.5,3.8,426.2,23,13,FALSE
46,Nữ,92,8.025,5.5,1.6,3.45,2.1,5.7,5.3,426.2,27,25,TRUE
68,Nam,7,8.025,5.5,1.6,3.45,2.1,148.5,20.1,426.2,22,15,TRUE
72,Nữ,4,8.025,5.5,1.6,3.45,2.1,70.7,7.2,426.2,105,67,FALSE
69,Nam,6,8.025,5.5,1.6,3.45,2.1,71.9,5.3,426.2,24,34,FALSE
49,Nam,5.7,8.025,5.5,1.6,3.45,2.1,87,5.3,426.2,22,13,FALSE
89,Nam,7,8.025,5.5,1.6,3.45,2.1,85.6,5.3,426.2,15,16,TRUE
69,Nữ,5,8.025,5.5,1.6,3.45,2.1,110.5,5.3,426.2,22,15,FALSE
60,Nam,5,8.025,5.1,1.6,3.45,3.3,70.5,5.3,426.2,22,18,FALSE
41,Nữ,5,8.025,5.4,1.6,3.45,1,98.7,5.3,534.5,30,31,FALSE
44,Nữ,5.6,8.025,4.9,1.6,3.45,2.1,85.2,5.3,530.4,39,36,FALSE
66,Nam,4,8.025,5.8,1.6,3.45,1.5,68.6,5.3,253.5,29,21,FALSE
56,Nữ,5.6,8.025,6.3,1.6,3.45,2.1,85.2,5.3,426.2,72,90,FALSE
29,Nữ,7,8.025,5.5,1.6,3.45,2.1,71.2,5.3,426.2,37,52,TRUE
46,Nữ,7,8.025,5.5,1.6,3.45,2.1,84.9,5.3,426.2,28,15,TRUE
40,Nam,4,8.025,5.5,1.6,3.45,2.1,109.3,5.3,426.2,154,154,FALSE
22,Nam,4.6,8.025,5.5,1.6,3.45,2.1,62.3,4.2,426.2,14,15,FALSE
26,Nam,5,8.025,5.5,1.6,3.45,2.1,67,5.3,426.2,15.2,20,FALSE
61,Nam,5,8.025,5.5,1.6,3.45,2.1,81.4,5.3,426.2,26,42,FALSE
76,Nam,6,8.025,5.5,1.6,3.45,2.1,67,5.3,426.2,23,14,FALSE
68,Nữ,5,8.025,5.3,1.4,3.45,1,89.2,6.5,509.3,27,17,FALSE
45,Nữ,4,8.025,5.5,1.6,3.45,2.1,85.2,5.3,426.2,41,43,FALSE
59,Nam,10,8.025,5.5,1.6,3.45,2.1,74.7,10,426.2,18,19,TRUE
53,Nữ,5.6,8.025,5.5,1.6,3.45,2.1,114,4.9,426.2,26,27,FALSE
38,Nam,7,8.025,5.5,1.6,3.45,2.1,83.3,5.3,426.2,17,14,TRUE
51,Nữ,6,8.025,5.5,1.6,3.45,2.1,82.1,3.3,349.7,30,35,FALSE
56,Nam,5,8.025,7.2,1.3,3.45,5.3,93,5.7,426.2,36,47,FALSE
53,Nữ,5.6,8.025,4.9,1.6,3.45,1,85.2,5.3,426.2,21,23,FALSE
2,Nam,3.9,8.025,5.5,1.6,3.45,2.1,46.9,3.8,426.2,35,17,FALSE
19,Nam,4,8.025,5.5,1.6,3.45,2.1,61.5,6.9,426.2,15,16,FALSE
19,Nam,5,8.025,5.5,1.6,3.45,2.1,66,5.3,426.2,23,11,FALSE
44,Nam,4.6,8.025,5.5,1.6,3.45,2.1,81,4.3,426.2,26,23,FALSE
1,Nam,5.6,8.025,5.5,1.6,3.45,2.1,38.9,3.4,426.2,36,14,FALSE
95,Nữ,5,8.025,4.5,1.6,3.45,1.1,88.1,6,426.2,26,15,FALSE
84,Nữ,5,8.025,5.4,1.6,3.45,4.2,85.2,5.3,426.2,25,21.6,FALSE
67,Nữ,6,8.025,5.5,1.6,3.45,2.1,79.6,5.3,426.2,16,31,FALSE
70,Nữ,6,8.025,5.5,1.6,3.45,2.1,149.7,5.3,426.2,23,24,FALSE
69,Nam,4,8.025,5.5,1.6,3.45,2.1,89.8,5.3,426.2,27,14,FALSE
68,Nữ,5.6,8.025,5.1,1.6,3.45,8.6,126,4.1,426.2,74,39,FALSE
68,Nữ,4.7,8.025,5.5,1.6,3.45,2.1,122.2,7.8,426.2,28,20,FALSE
46,Nam,5,8.025,5.5,1.6,3.45,2.1,72,5.3,426.2,23,26,FALSE
58,Nam,5,8.025,5.5,1.6,3.45,2.1,82.8,5.3,426.2,20,15,FALSE
58,Nam,5,8.025,6.6,1.6,3.45,2,81.7,5.3,426.2,27,22,FALSE
29,Nữ,4,8.025,5.5,1.6,3.45,2.1,101,5.3,426.2,24,26,FALSE
31,Nam,3.5,8.025,5.5,1.6,3.45,2.1,69.5,5.3,426.2,18,13,FALSE
51,Nữ,10,8.025,5.5,1.6,3.45,2.1,133,7.6,426.2,37,26,TRUE
74,Nữ,4,8.025,5.5,1.6,3.45,2.1,87,5.3,426.2,31,25,FALSE
57,Nữ,7,8.025,5.5,1.6,3.45,2.1,84.3,4.3,426.2,31,27,TRUE
63,Nam,12,8.025,5.5,1.6,3.45,2.1,97.6,7.8,426.2,30,35,TRUE
44,Nam,5.6,8.025,5.5,1.6,3.45,2.1,78,7,426.2,27,52,FALSE
11,Nữ,4.3,8.025,5.5,1.6,3.45,2.1,69,4.1,426.2,16,12,FALSE
32,Nữ,5.6,8.025,5.5,1.6,3.45,2.1,133.5,7.5,426.2,22,28,FALSE
69,Nữ,10,9.09,7.5,1.5,3.45,3.8,199.9,11,426.2,22,15,TRUE
50,Nam,5.6,8.025,5.5,1.6,3.45,2.1,104,3.5,426.2,28,13,FALSE
56,Nữ,12,8.025,5,1.6,3.45,3.6,99.2,6.3,426.2,75,67,TRUE
28,Nam,5,8.025,5.5,1.6,3.45,2.1,67.7,5.3,426.2,21,17,FALSE
21,Nam,4,8.025,5.5,1.6,3.45,2.1,57.4,5.3,426.2,11,15,FALSE
33,Nam,7,8.025,6.7,1.6,3.45,3.4,69.4,5.3,426.2,21,34,TRUE
39,Nữ,5,8.025,5.2,1.6,3.45,1.7,85.2,5.3,426.2,18,19,FALSE
67,Nữ,6,8.025,5.1,1.6,3.45,1.7,96.9,7.1,534,22,23,FALSE
11,Nữ,5,8.025,5.5,1.6,3.45,2.1,69,5.3,426.2,23,14,FALSE
53,Nữ,8,8.025,5.5,1.6,3.45,2.1,74,5.3,426.2,105,54,TRUE
32,Nam,10,8.025,5.5,1.6,3.45,2.1,66,4.4,426.2,17,13,TRUE
27,Nam,7,8.025,5.5,1.6,3.45,2.1,80.7,4.1,426.2,27,40,TRUE
40,Nữ,9,8.53,6.8,1.6,3.45,9.3,85.2,4.8,426.2,25,35,TRUE
51,Nam,5,8.025,5.5,1.6,3.45,2.1,81.4,2.9,426.2,25,20,FALSE
51,Nam,5,8.025,5.5,1.6,3.45,2.1,78.1,5,426.2,25,14,FALSE
56,Nam,4,8.025,5.5,1.6,3.45,2.1,76.6,7.1,426.2,65,32,FALSE
2,Nam,4,8.025,5.5,1.6,3.45,2.1,36,5,426.2,42,15,FALSE
66,Nữ,6,8.025,5.5,1.6,3.45,2.1,85.2,5.3,426.2,17,15,FALSE
26,Nam,4,8.025,5.5,1.6,3.45,2.1,85.2,5.3,426.2,21,15,FALSE
51,Nữ,3,8.025,5.1,1.6,3.45,1.1,85.2,4.9,426.2,50,55,FALSE
26,Nam,5.6,8.025,5.5,1.6,3.45,2.1,81.2,4.2,426.2,18,12,FALSE
16,Nam,4.2,8.025,5.5,1.6,3.45,2.1,71.3,3.6,426.2,20,16,FALSE
62,Nam,5,8.025,5.5,1.6,3.45,2.1,88.1,5.3,426.2,28,16,FALSE
32,Nam,5.6,8.025,5.5,1.6,3.45,2.1,90.1,5.3,426.2,29,27,FALSE
64,Nam,5,8.025,5.5,1.6,3.45,2.1,70.4,4.4,426.2,28,29,FALSE
47,Nam,4,8.025,5.5,1.6,3.45,2.1,84.1,5.3,426.2,25,23,FALSE
33,Nam,6,8.025,5.5,1.6,3.45,2.1,79,5.3,426.2,16,12,FALSE
17,Nam,5.6,8.025,5.5,1.6,3.45,2.1,73.3,5.3,426.2,20,14,FALSE
41,Nữ,6,8.025,5.5,1.6,3.45,2.1,109,7.2,426.2,22,24,FALSE
70,Nam,4,8.025,5.5,1.6,3.45,2.1,79,6,426.2,16,15,FALSE
51,Nữ,4,8.025,5.5,1.6,3.45,2.1,103.6,5.2,369,79,87,FALSE
52,Nam,4,8.025,5.5,1.6,3.45,2.1,69.8,4.4,426.2,23,18,FALSE
58,Nam,5,8.025,5.5,1.6,3.45,2.1,99.8,5.2,463.4,25,23,FALSE
60,Nam,21,8.025,5.5,1.6,3.45,2.1,74.1,5.3,426.2,52,46,TRUE
12,Nam,5.6,8.025,5.5,1.6,3.45,2.1,64,3.8,426.2,19,15,FALSE
32,Nam,4,8.025,5.5,1.6,3.45,2.1,77,4.9,426.2,21,19,FALSE
55,Nữ,6,8.025,3.8,1.6,3.45,2.4,76,5.4,426.2,18,20,FALSE
70,Nữ,7,8.025,5.5,1.6,3.45,2.1,646,22.7,426.2,62,22,TRUE
68,Nữ,6,8.025,6.7,1.6,3.45,2.8,73,4.2,426.2,17,16,FALSE
52,Nữ,6,8.025,5.5,1.6,3.45,2.1,79.9,5.3,426.2,25,16,FALSE
51,Nam,7,8.025,8.1,1.6,3.45,7.8,85.2,5.3,426.2,25,21.6,TRUE
45,Nữ,5,8.025,5.5,1.6,3.45,2.1,82,5.3,426.2,54,40,FALSE
40,Nữ,7,8.025,5.5,1.6,3.45,2.1,93,5.3,426.2,24,21,TRUE
19,Nam,4,8.025,5.5,1.6,3.45,2.1,68.8,5.3,426.2,19,15,FALSE
29,Nam,5,8.025,5.5,1.6,3.45,2.1,65.2,5.3,426.2,18,15,FALSE
20,Nam,4,8.025,5.5,1.6,3.45,2.1,58.7,5.3,426.2,15,17,FALSE
44,Nam,5,8.025,5.5,1.6,3.45,2.1,88.1,4.2,426.2,20,17,FALSE
38,Nam,5,8.025,5.5,1.6,3.45,2.1,74,3.2,426.2,16,17,FALSE
62,Nam,5,8.025,5.5,1.6,3.45,2.1,55,8.8,426.2,36,19,FALSE
62,Nữ,5,8.025,5.5,1.6,3.45,2.1,280.2,15.1,1007.2,44,34,FALSE
54,Nam,4,8.025,5.5,1.6,3.45,2.1,102.2,5.9,426.2,21,13,FALSE
58,Nam,5,8.025,5.5,1.6,3.45,2.1,79,4.8,426.2,28,19,FALSE
59,Nam,5,8.025,6.5,2,3.45,3.8,58.8,5.9,426.2,21,22,FALSE
56,Nam,5,8.025,5.1,1.4,3.45,1.8,78.1,6.5,426.2,22,18,FALSE
68,Nữ,6,8.025,4,2.4,3.45,2.5,102.2,4,426.2,94,31,FALSE
65,Nam,13,9.69,4.4,1.9,3.45,1.7,85.2,7,426.2,17,20,TRUE
38,Nam,5.6,8.025,5.5,1.6,3.45,2.1,68.4,4.7,426.2,12,13,FALSE
58,Nam,6,8.025,6.6,1.6,3.45,0.8,85.2,5.3,426.2,22,14,FALSE
74,Nam,4.4,8.025,5.5,1.6,3.45,2.1,87.2,4.4,426.2,28,22,FALSE
50,Nam,5,8.025,5.5,1.6,3.45,2.1,76.2,3.8,426.2,15,12,FALSE
51,Nam,4,8.025,5.5,1.6,3.45,2.1,82.3,6.8,426.2,20,15,FALSE
40,Nam,5,8.025,5.5,1.6,3.45,2.1,63,5.3,426.2,297,155,FALSE
44,Nam,5,8.025,5.5,1.6,3.45,2.1,66,5.3,426.2,27,24,FALSE
25,Nam,4,8.025,5.5,1.6,3.45,2.1,73,5.3,426.2,17,10,FALSE
20,Nam,4,8.025,5.5,1.6,3.45,2.1,75.3,5.3,426.2,16,15,FALSE
36,Nam,4,8.025,5.5,1.6,3.45,2.1,71,5.3,426.2,19,15,FALSE
54,Nam,5,8.025,5.5,1.6,3.45,2.1,84,5.3,426.2,18,15,FALSE
65,Nữ,10,4.49,5.5,1.6,3.45,2.1,96.5,10.4,426.2,25,21.6,TRUE
43,Nam,5.6,8.025,5.5,1.6,3.45,2.1,80.9,5.3,426.2,32,18,FALSE
60,Nam,5.6,8.025,5.7,1.6,3.45,1.7,76.6,5.3,426.2,25,21.6,FALSE
75,Nữ,6,8.025,5.5,1.6,3.45,2.1,133,5.3,426.2,31,21,FALSE
6,Nữ,5.6,8.025,5.5,1.6,3.45,2.1,42.7,4,426.2,99,43.9,FALSE
68,Nam,6,8.025,5.5,1.6,3.45,2.1,94.8,5.3,426.2,23,20,FALSE
2,Nam,4,8.025,5.5,1.6,3.45,2.1,44.9,3.4,426.2,103,211,FALSE
58,Nữ,8,8.025,5.5,1.6,3.45,2.1,130,5.3,426.2,20,18,TRUE
84,Nữ,5,8.025,4.4,1.4,3.45,0.8,107.8,7,426.2,19,15,FALSE
66,Nam,7,8.025,5.5,1.6,3.45,2.1,62.7,4.1,426.2,22,21,TRUE
27,Nam,5,8.025,5.5,1.6,3.45,2.1,85.2,5.3,426.2,34,28,FALSE
64,Nam,4,8.025,5.5,1.6,3.45,2.1,80.5,5.1,426.2,16,15,FALSE
15,Nam,5.6,8.025,5.5,1.6,3.45,2.1,66.7,2.5,426.2,26,20,FALSE
32,Nữ,5,8.025,5.5,1.6,3.45,2.1,81.8,3.2,426.2,38,24,FALSE
65,Nam,5.6,8.025,5.4,1.6,3.45,0.5,85.2,5.3,426.2,18,16,FALSE
67,Nữ,5.6,8.025,5.2,1.6,3.45,1.1,157.4,8.5,294.2,25,36,FALSE
68,Nữ,5.6,8.025,3.5,1.6,3.45,1.2,75.4,4.8,426.2,71,63,FALSE
80,Nam,4,8.025,5.5,1.6,3.45,2.1,85,6.6,426.2,24,15,FALSE
69,Nam,6,8.025,5.5,1.6,3.45,2.1,62.8,7.8,426.2,40,28,FALSE
4,Nữ,5,8.025,5.5,1.6,3.45,2.1,45,4.2,426.2,40,21.6,FALSE
44,Nữ,4,8.025,5.5,1.6,3.45,2.1,85.2,5.3,426.2,16,17,FALSE
36,Nữ,5.6,8.025,5.5,1.6,3.45,2.1,83.1,6.4,426.2,32,46,FALSE
59,Nam,5,8.025,6.3,1.6,3.45,1.2,76.6,5.3,311.1,20,13,FALSE
49,Nữ,3.5,8.025,6,1.6,3.45,3.8,76,5.3,426.2,36,39,FALSE
63,Nam,6,7.8,4.9,1.8,3.45,0.9,70,6.7,426.2,31,42,TRUE
47,Nữ,6,8.025,5.5,1.6,3.45,2.1,88,5.9,613.7,19,29,FALSE
35,Nữ,5,8.025,5.5,1.6,3.45,2.1,85.2,5.3,426.2,16,20,FALSE
64,Nam,5,8.025,5.2,1.6,3.45,2,84.3,5.3,426.2,23,18,FALSE
30,Nam,4,8.025,5.5,1.6,3.45,2.1,74,5.3,426.2,27,17,FALSE
28,Nam,4,8.025,5.5,1.6,3.45,2.1,56.4,5.3,426.2,18,14,FALSE
20,Nam,4,8.025,5.5,1.6,3.45,2.1,76,5.3,426.2,34,38,FALSE
48,Nữ,4,8.025,5.5,1.6,3.45,2.1,103.7,7,426.2,25,22,FALSE
93,Nam,7,8.025,2.1,1.6,3.45,0.5,62.8,8.2,426.2,24,16,TRUE
32,Nữ,5.6,8.025,5.5,1.6,3.45,2.1,104.1,5.8,426.2,25,36,FALSE
5,Nam,4,8.025,5.5,1.6,3.45,2.1,43.4,2.8,426.2,44,18,FALSE
38,Nữ,6,8.025,4.7,1.6,3.45,0.8,85.2,5.3,426.2,28,38,FALSE
48,Nam,5,8.025,3.3,1.3,3.45,1.2,84.7,32.3,426.2,43,51,FALSE
42,Nữ,9,8.025,5.5,1.6,3.45,2.1,122.4,7.6,557.5,75,88,TRUE
72,Nam,5,8.025,5.5,1.6,3.45,2.1,75.2,2.4,426.2,21,15,FALSE
35,Nam,5,8.025,5.5,1.6,3.45,2.1,71.9,5.3,426.2,25,31,FALSE
43,Nam,6,8.025,5.5,1.6,3.45,2.1,72,5.3,426.2,32,42,FALSE
72,Nữ,4,8.025,5.5,1.6,3.45,2.1,95.8,3.9,426.2,18,15,FALSE
77,Nam,7,8.025,5.5,1.6,3.45,2.1,68.4,6.1,426.2,13,15,TRUE
18,Nam,5,8.025,5.5,1.6,3.45,2.1,57.3,5.3,426.2,20,15,FALSE
37,Nữ,5.6,8.025,5.5,1.6,3.45,2.1,117.2,7.9,426.2,34,46,FALSE
25,Nữ,5.6,8.025,5.5,1.6,3.45,2.1,70.7,3.2,426.2,49,23,FALSE
54,Nữ,6,8.025,6,2,3.45,3.4,97.5,4.1,426.2,21,42,FALSE
49,Nữ,3,8.025,5.5,1.6,3.45,2.1,84,5.3,426.2,55,23,FALSE
51,Nữ,7,8.025,5.3,1.6,3.45,1.4,110.2,8.2,426.2,53,36,TRUE
26,Nữ,5.6,8.025,5.5,1.6,3.45,2.1,84.9,5.3,426.2,36,78,FALSE
62,Nữ,5,8.025,6.4,1.6,3.45,2.8,104.7,5.3,510.8,22,34,FALSE
57,Nam,5,8.025,3,1.6,3.45,1.5,85.2,5.3,426.2,21,24,FALSE
77,Nữ,5,8.025,6.1,1.6,3.45,3.5,85.2,5.3,579.3,31,23,FALSE
28,Nam,5,8.025,5.5,1.6,3.45,2.1,55,5.3,426.2,20,17,FALSE
77,Nam,8,8.025,5.5,1.6,3.45,2.1,81.1,5.9,426.2,19,16,TRUE
53,Nam,4,8.025,5.5,1.6,3.45,2.1,78.9,5.3,426.2,23,24,FALSE
54,Nữ,6,8.025,5.5,1.6,3.45,2.1,82.2,6.5,426.2,319,124,FALSE
56,Nữ,5,8.025,5.5,1.6,3.45,2.1,75.9,3.3,426.2,28,62,FALSE
51,Nam,5,8.025,3.7,1.3,3.45,1.1,88,4.8,426.2,24,19,FALSE
54,Nữ,6,12.3,4.5,1,3.45,2.3,85.2,4.1,426.2,33,32,TRUE
76,Nữ,8,7.76,3.5,1.3,3.45,0.5,85.2,6.4,426.2,36,30,TRUE
27,Nam,4,8.025,5.5,1.6,3.45,2.1,58.4,5.3,426.2,15,16,FALSE
46,Nữ,10,8.025,5.5,1.6,3.45,2.1,85.5,7.6,447.9,85,134,TRUE
14,Nam,5.6,8.025,5.5,1.6,3.45,2.1,65,5.3,426.2,17,15,FALSE
60,Nam,7,8.025,7.6,1.6,3.45,2.7,85.2,5.3,426.2,25,21.6,TRUE
44,Nam,5,8.025,8.5,1.6,3.45,6.7,85.2,5.3,426.2,25,21.6,FALSE
76,Nữ,6,8.025,5.5,1.6,3.45,2.1,113.1,5.3,426.2,39,18,FALSE
50,Nam,5,8.025,5.5,1.6,3.45,2.1,67.7,5.3,426.2,26,34,FALSE
55,Nam,11,8.025,4.6,1.6,3.45,1.6,85.2,5.3,426.2,19,16,TRUE
62,Nữ,4,8.025,4,1.6,3.45,2.6,276.9,22.2,426.2,24,21,FALSE
66,Nam,5,8.025,5.5,1.6,3.45,2.1,70.9,5.3,426.2,19,20,FALSE
23,Nam,4,8.025,5.5,1.6,3.45,2.1,59.4,5.3,426.2,45,48,FALSE
62,Nữ,7,8.025,5.5,1.6,3.45,2.1,83.6,6.1,426.2,137,26,TRUE
53,Nam,7,8.025,5.5,1.6,3.45,2.1,85.1,5.3,426.2,19,18,TRUE
44,Nam,4,8.025,5.5,1.6,3.45,2.1,58.4,5.3,426.2,19,15,FALSE
64,Nam,15.9,8.025,5.5,1.6,3.45,2.1,66.2,6,426.2,14.8,13.9,TRUE
68,Nam,8,7.88,5.4,1.7,3.45,1.5,71.5,5.1,426.2,18,19,TRUE
27,Nữ,4,8.025,5.5,1.6,3.45,2.1,91.6,5.3,426.2,23.5,18,FALSE
68,Nữ,3.7,8.025,5.5,1.6,3.45,2.1,82.1,4.8,426.2,12,7,FALSE
18,Nữ,4.9,8.025,5.5,1.6,3.45,2.1,94.4,4.2,426.2,170.8,552.8,FALSE
46,Nam,5,8.025,5.5,1.6,3.45,2.1,68.4,6.2,426.2,19,15,FALSE
27,Nữ,6,8.025,5.5,1.6,3.45,2.1,76.5,2.2,426.2,22,23,FALSE
51,Nam,4.1,8.025,5.5,1.6,3.45,2.1,67.7,9.9,426.2,21.1,14.2,FALSE
66,Nam,5.4,8.025,5.5,1.6,3.45,2.1,68.2,5.3,426.2,16.8,19.7,FALSE
38,Nam,5,8.025,5.5,1.6,3.45,2.1,51.4,5.3,426.2,30.2,19,FALSE
64,Nữ,3.8,8.025,5.5,1.6,3.45,2.1,109.8,6.1,426.2,25.3,14.6,FALSE
64,Nữ,6.3,8.025,5.5,1.6,3.45,2.1,91.6,6.9,426.2,16.2,23.1,FALSE
69,Nam,5.4,8.025,5.5,1.6,3.45,2.1,85,6.5,426.2,27,21.5,FALSE
42,Nam,6.2,8.025,5.5,1.6,3.45,2.1,67.8,4.1,426.2,22.8,24.5,FALSE
62,Nam,5.6,8.025,5.5,1.6,3.45,2.1,83.2,7,426.2,23,15.6,FALSE
34,Nữ,5,8.025,5.5,1.6,3.45,2.1,79.2,3.1,426.2,3,41,FALSE
54,Nữ,4,8.025,5.5,1.6,3.45,2.1,93,6.3,426.2,38.2,35,FALSE
57,Nam,5,8.025,5.5,1.6,3.45,2.1,62.9,5.5,294.7,15,28,FALSE
59,Nam,5,8.025,5.5,1.6,3.45,3.4,121.6,5.3,426.2,28,26,FALSE
38,Nữ,5,8.025,5.5,1.6,3.45,2.1,52.1,2.7,426.2,24,17,FALSE
68,Nam,5.7,8.025,5.5,1.6,3.45,2.1,89.4,7.8,426.2,33.4,43.1,FALSE
38,Nam,4,8.025,5.5,1.6,3.45,2.1,78.1,5.3,426.2,14,15,FALSE
14,Nam,5.6,8.025,5.5,1.6,3.45,2.1,54,5.3,426.2,15,16,FALSE
56,Nam,6.2,8.025,5.5,1.6,3.45,2.1,82.4,5.3,312.9,23.3,18,FALSE
28,Nam,5,8.025,5.5,1.6,3.45,2.1,48.7,5.3,426.2,30,18,FALSE
15,Nữ,7,8.025,5.5,1.6,3.45,2.1,62.9,5.3,426.2,17,13,TRUE
31,Nam,4.4,8.025,5.5,1.6,3.45,2.1,60.2,5.3,426.2,17.6,13.8,FALSE
17,Nam,3.2,8.025,5.5,1.6,3.45,2.1,58.1,5.3,426.2,17.9,6.3,FALSE
23,Nam,3.7,8.025,5.5,1.6,3.45,2.1,66.6,5.3,426.2,17.2,19.2,FALSE
47,Nữ,7.6,8.025,5.5,1.6,3.45,2.1,119.6,6.6,426.2,19.8,26.3,TRUE
72,Nam,5.1,8.025,5.5,1.6,3.45,2.1,65.8,4.3,426.2,21.4,10.9,FALSE
62,Nam,4,8.025,4.7,1.6,3.45,1.6,75.8,7.3,426.2,23,17,FALSE
31,Nữ,5,8.025,5.5,1.6,3.45,2.1,85.2,5.3,426.2,28,22,FALSE
41,Nữ,6,8.025,5.5,1.6,3.45,2.1,80.3,6.6,424.9,289,524,FALSE
67,Nam,5,8.025,5.8,1.6,3.45,2,105.2,5,426.2,21,15,FALSE
40,Nam,4,8.025,5.5,1.6,3.45,2.1,60.8,3.2,426.2,20,21,FALSE
25,Nam,4,8.025,5.5,1.6,3.45,2.1,59.2,5.3,426.2,18,15,FALSE
78,Nữ,8,8.025,5.5,1.6,3.45,2.1,146.1,11.1,622.8,24,19,TRUE
26,Nam,7.2,8.025,5.5,1.6,3.45,2.1,79.4,5.3,426.2,23.4,27.1,TRUE
52,Nam,4.5,8.025,5.5,1.6,3.45,2.1,60.6,3.7,426.2,37.9,23.1,FALSE
37,Nam,5.6,8.025,5.5,1.6,3.45,2.1,75.2,3.7,426.2,20,19,FALSE
24,Nam,7.9,8.025,5.5,1.6,3.45,2.1,78.6,5.3,426.2,17.4,16.8,TRUE
26,Nam,4,8.025,5.5,1.6,3.45,2.1,69.5,4.1,426.2,39.2,25.3,FALSE
56,Nam,7,8.025,5.1,1.6,3.45,3.9,62.6,5.3,426.2,21,20,TRUE
63,Nam,4,8.025,5.5,1.6,3.45,2.1,75.8,5.3,426.2,20,15,FALSE
38,Nam,4,8.025,5.8,1.6,3.45,5.3,72.9,5.3,426.2,18,19,FALSE
46,Nữ,7,8.025,5.5,1.6,3.45,2.1,108.6,5.3,426.2,21,22,TRUE
20,Nam,4,8.025,5.5,1.6,3.45,2.1,56,5.3,426.2,15,10,FALSE
1,Nam,5.6,8.025,5.5,1.6,3.45,2.1,21.5,2.9,426.2,53,36,FALSE
56,Nam,5.7,8.025,5.5,1.6,3.45,2.1,59.7,2.9,426.2,23.4,23.7,FALSE
70,Nam,3.6,8.025,5.5,1.6,3.45,2.1,61.7,5.3,426.2,18.4,23.8,FALSE
53,Nam,4.7,8.025,5.5,1.6,3.45,2.1,54,3.6,426.2,30,47.9,FALSE
59,Nam,8.5,8.025,5.5,1.6,3.45,2.1,74.3,5.1,426.2,27.8,33.1,TRUE
63,Nam,6,8.025,8.1,1.6,3.45,2.3,85.2,5.3,426.2,22,20,FALSE
40,Nam,3,8.025,5.5,1.6,3.45,2.1,91.6,4.3,426.2,23.5,18,FALSE
54,Nữ,5,8.025,5.5,1.6,3.45,2.1,73.4,4,377.3,22,28,FALSE
45,Nữ,5.6,8.025,5.5,1.6,3.45,2.1,88.2,3.5,426.2,31,20.7,FALSE
23,Nam,6.1,8.025,5.5,1.6,3.45,2.1,62,5.3,426.2,12.5,17.9,FALSE
44,Nữ,9,8.025,5.5,1.6,3.45,2.1,68.1,5.3,426.2,29.9,41.1,TRUE
30,Nam,5.6,8.025,5.5,1.6,3.45,2.1,77.5,4.9,426.2,30.3,27.8,FALSE
54,Nam,5,8.025,5.5,1.6,3.45,2.1,57.8,4.3,380.5,19,27,FALSE
58,Nữ,4,8.025,5.5,1.6,3.45,2.1,101.2,5.4,579.4,23,80,FALSE
64,Nữ,7,8.025,3.2,0.9,3.45,2.1,103,7.8,426.2,24,22,TRUE
21,Nữ,5,8.025,5.5,1.6,3.45,2.1,87.5,5.8,426.2,15,16,FALSE
63,Nữ,9,8.025,5.5,1.6,3.45,2.1,117.5,5.3,426.2,213,97,TRUE
43,Nữ,24,8.025,6.3,1.7,3.45,7.3,85.2,5.3,426.2,19,23,TRUE
61,Nữ,7,8.025,5.5,1.6,3.45,2.1,123.9,8.9,426.2,26,29,TRUE
32,Nam,5.6,8.025,5.5,1.6,3.45,2.1,68,5.3,426.2,13.4,18.1,FALSE
48,Nữ,5,8.025,5.5,1.6,3.45,2.1,85,5.3,426.2,25,26,FALSE
5,Nữ,8.7,8.025,5.5,1.6,3.45,2.1,65.4,5.3,426.2,36,14.9,TRUE
22,Nam,4.2,8.025,5.5,1.6,3.45,2.1,61.1,5.3,426.2,16.6,14.3,FALSE
58,Nữ,5.3,8.025,5.5,1.6,3.45,2.1,88.5,5.3,426.2,24.9,18.9,FALSE
69,Nam,3.6,8.025,5.5,1.6,3.45,2.1,107.6,5.2,426.2,21.7,10.8,FALSE
67,Nữ,5.6,8.025,5.5,1.6,3.45,2.1,89,5.3,426.2,19,23,FALSE
46,Nữ,5.1,8.025,5.9,1.6,3.45,1.1,92.9,5.3,450.3,25.2,27.7,FALSE
51,Nam,4.6,8.025,5.5,1.6,3.45,2.1,80,5.3,426.2,27.6,15.2,FALSE
62,Nam,5.1,8.025,5.5,1.6,3.45,2.1,116.8,2.8,426.2,34.6,35.6,FALSE
82,Nữ,7,8.3,4,1.4,3.45,2.2,85.2,5.3,426.2,25,21.6,TRUE
52,Nam,7,8.025,5.4,1.8,3.45,2,75.8,5.9,426.2,17.2,19.3,TRUE
54,Nam,10.6,8.025,5.5,1.6,3.45,2.1,47.9,5.3,426.2,18.4,19.6,TRUE
36,Nữ,5.9,8.025,5.5,1.6,3.45,2.1,74.8,5.3,426.2,20.6,28.9,FALSE
62,Nam,5.6,8.025,5.7,1.6,3.45,5.1,85.2,5.3,339.5,25,21.6,FALSE
35,Nam,5.6,8.025,5.5,1.6,3.45,2.1,72.1,3.6,426.2,31.2,23.4,FALSE
25,Nam,6.5,8.025,5.5,1.6,3.45,2.1,59.1,5.3,426.2,25.5,15.1,FALSE
67,Nam,4.7,8.025,5.5,1.6,3.45,2.1,85.2,5.3,426.2,22.2,12.8,FALSE
51,Nữ,5.6,8.025,7.7,2.2,3.45,1.7,64.5,6,426.2,44.1,51.4,FALSE
43,Nam,4.7,8.025,5.5,1.6,3.45,2.1,67.5,4.6,426.2,16.9,18.2,FALSE
35,Nam,4.9,8.025,5.5,1.6,3.45,2.1,60.9,5.3,426.2,15.2,10.6,FALSE
44,Nữ,5.6,8.025,5.5,1.6,3.45,2.1,76.6,5.3,426.2,332.2,86,FALSE
18,Nam,4.4,8.025,5.5,1.6,3.45,2.1,58.9,5.3,426.2,19.6,15.6,FALSE
36,Nam,5,8.025,5.5,1.6,3.45,2.1,65.5,5.3,426.2,16.6,13.5,FALSE
50,Nam,3.7,8.025,5.5,1.6,3.45,2.1,74.6,5.3,426.2,26.1,11.2,FALSE
25,Nữ,4.5,8.025,5.5,1.6,3.45,2.1,84.1,5.3,426.2,21.4,18.7,FALSE
13,Nữ,5.4,8.025,5.5,1.6,3.45,2.1,68.8,5.3,426.2,35.4,18.5,FALSE
65,Nam,6.2,8.025,3.9,1.6,3.45,1.2,86.5,4.2,426.2,21.3,13.4,FALSE
50,Nữ,6.1,8.025,5.5,1.6,3.45,2.1,134.8,6.9,426.2,21,17.5,FALSE
31,Nam,5.6,8.025,5.5,1.6,3.45,2.1,79.1,6.6,426.2,20.3,11.7,FALSE
69,Nam,11.3,8.025,5.5,1.6,3.45,2.1,99.2,6.7,426.2,24,16.8,TRUE
63,Nữ,2.6,8.025,5.5,1.6,3.45,2.1,79,5.3,426.2,78.4,48.8,FALSE
40,Nữ,4.2,8.025,5.5,1.6,3.45,2.1,93.6,5.3,426.2,21.9,23.9,FALSE
59,Nam,4.7,8.025,5.5,1.6,3.45,2.1,80.3,5.3,426.2,23,16.2,FALSE
35,Nam,5,8.025,5.5,1.6,3.45,2.1,65.3,5.3,426.2,20.5,19.2,FALSE
35,Nữ,5.3,8.025,5.5,1.6,3.45,2.1,89,5.3,426.2,19,22,FALSE
36,Nữ,6.1,8.025,5.5,1.6,3.45,2.1,82.5,5.3,426.2,21.3,25.6,FALSE
36,Nam,5.7,8.025,5.5,1.6,3.45,2.1,90.8,5.3,426.2,18.3,12.3,FALSE
82,Nam,4.6,8.025,5.5,1.6,3.45,2.1,81.7,7.8,426.2,27.6,15.4,FALSE
1,Nữ,5.6,8.025,5.5,1.6,3.45,2.1,35.9,2.3,426.2,44.1,31.2,FALSE
52,Nữ,9.2,8.025,5.5,1.6,3.45,2.1,86.4,6.8,426.2,178.8,37.9,TRUE
6,Nam,4.5,8.025,5.5,1.6,3.45,2.1,73.3,5.3,426.2,19.5,15.1,FALSE
44,Nam,3.6,8.025,5.5,1.6,3.45,2.1,85.2,6.2,426.2,17.8,12.6,FALSE
28,Nữ,5.6,8.025,5.2,1.6,3.45,6.7,108.1,5.3,426.2,35.6,55.4,FALSE
43,Nam,5.3,8.025,5.5,1.6,3.45,2.1,65.7,5.3,426.2,33,28.5,FALSE
21,Nam,4.3,8.025,5.5,1.6,3.45,2.1,66,5.3,426.2,40.4,38.4,FALSE
76,Nữ,11.4,8.025,3.7,1.3,3.45,1.4,88.9,5.6,426.2,68.8,139,TRUE
96,Nữ,4.2,8.025,5.5,1.6,3.45,2.1,113,5.4,426.2,33.4,12.8,FALSE
16,Nữ,5.6,8.025,5.5,1.6,3.45,2.1,99.1,5.3,426.2,18.6,15.3,FALSE
50,Nam,5.6,8.025,5.7,1.6,3.45,3,77.9,5.3,426.2,13.5,11.8,FALSE
76,Nam,5.2,8.025,5.5,1.6,3.45,2.1,88.5,5.3,426.2,32.3,36.1,FALSE
28,Nam,5.6,8.025,5.5,1.6,3.45,2.1,62.8,5.3,426.2,21.4,16.5,FALSE
41,Nam,4.6,8.025,5.8,1.6,3.45,3.2,85.2,5.3,426.2,21.9,30.8,FALSE
44,Nam,5,8.025,5.5,1.6,3.45,2.1,85.2,5.3,316.8,21.2,13.5,FALSE
26,Nam,5.1,8.025,5.5,1.6,3.45,2.1,55.8,5.3,426.2,17.1,12.2,FALSE
22,Nam,4,8.025,5.5,1.6,3.45,2.1,57.7,5.3,426.2,17.7,14.7,FALSE
59,Nam,5.6,8.025,5.5,1.6,3.45,2.1,101.7,10.9,426.2,26.9,28.2,FALSE
84,Nam,7.1,8.025,5.5,1.6,3.45,2.1,104.6,5.8,426.2,25.5,29.2,TRUE
52,Nữ,17.2,8.025,5.5,1.6,3.45,2.1,117.2,5.9,426.2,28.3,32.3,TRUE
74,Nữ,4.1,8.025,3.9,1.6,3.45,0.6,79.6,7.8,426.2,57.6,33.1,FALSE
75,Nam,5.3,8.025,5.5,1.6,3.45,2.1,1212.3,38,426.2,57,79,FALSE
76,Nữ,8.3,8.025,5.5,1.6,3.45,2.1,85.2,5.3,426.2,29.9,17.8,TRUE
66,Nam,5.2,8.025,5.5,1.6,3.45,2.1,75.4,6.9,426.2,26,18,FALSE
68,Nữ,8.8,8.025,7.8,1.6,3.45,2.8,326,16.4,426.2,21.5,20.5,TRUE
65,Nam,4,8.025,5.5,1.7,3.45,2,62.4,4.9,426.2,20.4,21.8,FALSE
65,Nữ,5.4,8.025,5.5,1.6,3.45,2.1,95.5,5.8,581.5,21.4,14.5,FALSE
59,Nam,5.3,8.025,5.1,1.6,3.45,1.1,69.5,4.3,426.2,30,19.4,FALSE
19,Nam,3.9,8.025,5.5,1.6,3.45,2.1,66.2,5.3,426.2,14.3,18.8,FALSE
2,Nam,5.6,8.025,5.5,1.6,3.45,2.1,38.7,1.9,426.2,54.1,26.3,FALSE
61,Nam,6,8.025,6.1,1.6,3.45,3.3,85.2,5.3,426.2,23.9,24,FALSE
65,Nam,5.2,8.025,5.5,1.6,3.45,2.1,66.8,5.3,426.2,20.4,14,FALSE
46,Nam,5.2,8.025,5.2,1.6,3.45,0.7,85.2,5.3,426.2,16.5,12.9,FALSE
69,Nam,17.3,8.025,5.5,1.6,3.45,2.1,67.7,5.9,426.2,16.4,29.9,TRUE
2,Nam,4.5,8.025,5.5,1.6,3.45,2.1,42.5,2.9,426.2,30.5,12.9,FALSE
5,Nam,5.9,8.025,5.5,1.6,3.45,2.1,56.1,5,426.2,32.2,13,FALSE
53,Nữ,4.4,8.025,5.5,1.6,3.45,6.8,102.1,4.8,426.2,96.2,125.6,FALSE
87,Nữ,2,8.025,6.1,1.6,3.45,2.2,150.8,6,426.2,42.4,27.2,FALSE
36,Nữ,7.5,8.025,5.5,1.6,3.45,2.1,139.9,6.7,426.2,102.5,298.9,TRUE
30,Nam,3,8.025,5.5,1.6,3.45,2.1,56.3,5.2,426.2,14.5,13,FALSE
17,Nữ,6.6,8.025,5.5,1.6,3.45,2.1,131.5,5,426.2,205.1,580.9,FALSE
19,Nữ,22.5,8.025,5.5,1.6,3.45,2.1,170.5,6,426.2,182.8,369.4,TRUE
27,Nam,6,8.025,5.5,1.6,3.45,2.1,78.2,5.3,426.2,21.4,13.3,FALSE
11,Nữ,4,8.025,5.5,1.6,3.45,2.1,69,5.3,426.2,32.4,14.2,FALSE
21,Nam,4.7,8.025,5.5,1.6,3.45,2.1,55.7,5.3,426.2,21.9,13.8,FALSE
10,Nữ,6,8.025,5.5,1.6,3.45,2.1,76.2,5.3,426.2,29.1,14.3,FALSE
25,Nữ,8.6,8.025,5.5,1.6,3.45,2.1,89.7,5.3,426.2,32.4,67.2,TRUE
65,Nam,6,8.025,5.5,1.6,3.45,2.1,97,5.3,426.2,22,14,FALSE
17,Nữ,6,8.025,5.5,1.6,3.45,2.1,92,5.3,426.2,14,24,FALSE
60,Nữ,5.6,8.025,6.8,1.6,3.45,2.5,79.4,5.7,426.2,36.3,38.5,FALSE
31,Nam,5.1,8.025,5.5,1.6,3.45,2.1,79.3,5.3,426.2,42.5,34,FALSE
68,Nữ,5.4,8.025,5.5,1.6,3.45,2.1,79.2,4.8,426.2,16.1,18.8,FALSE
37,Nữ,7.6,8.025,5.5,1.6,3.45,2.1,113.8,5.4,426.2,37.3,28,TRUE
62,Nữ,8.2,8.025,5.5,1.6,3.45,2.1,115,3.1,426.2,21.4,18.6,TRUE
67,Nam,5.3,8.025,5.5,1.6,3.45,2.1,87.5,6.7,426.2,29.5,18.4,FALSE
19,Nữ,5.6,8.025,5.5,1.6,3.45,2.1,100.4,5.3,426.2,28.3,37.8,FALSE
12,Nam,4.3,8.025,5.5,1.6,3.45,2.1,68.6,5.3,426.2,24.5,18.5,FALSE
5,Nữ,4.8,8.025,5.5,1.6,3.45,2.1,51.8,5.3,426.2,29.6,11.1,FALSE
54,Nam,5.9,8.025,5.5,1.6,3.45,2.1,86.8,4.2,426.2,36.6,21.4,FALSE
55,Nữ,4.8,8.025,5.5,1.6,3.45,2.1,158,6,426.2,27.5,14.6,FALSE
30,Nam,3.8,8.025,5.5,1.6,3.45,2.1,88.4,5.3,426.2,19.8,14.1,FALSE
1,Nữ,5.6,8.025,5.5,1.6,3.45,2.1,45.2,3.3,426.2,56.8,26.2,FALSE
69,Nam,5.4,8.025,6.9,1.6,3.45,4.8,72.1,4.5,426.2,35.8,38.9,FALSE
34,Nam,4.6,8.025,5.5,1.6,3.45,2.1,69,5.3,426.2,22.9,32.9,FALSE
20,Nam,3.8,8.025,5.5,1.6,3.45,2.1,68.3,5.3,426.2,20.8,19.6,FALSE
3,Nữ,5.6,8.025,5.5,1.6,3.45,2.1,46,3.7,426.2,52,20.7,FALSE
4,Nam,5.6,8.025,5.5,1.6,3.45,2.1,48.8,5.3,426.2,34.4,11.3,FALSE
30,Nam,5.7,8.025,5.5,1.6,3.45,2.1,87.8,5.3,426.2,13.8,13.3,FALSE
29,Nữ,5.6,8.025,5.5,1.6,3.45,2.1,146.9,7.3,426.2,31.8,20.4,FALSE
72,Nam,3.4,8.025,5.5,1.6,3.45,2.1,62.8,6.3,426.2,32.8,18.8,FALSE
30,Nam,5,8.025,5.5,1.6,3.45,2.1,89,5.3,426.2,21.6,20.3,FALSE
56,Nữ,5.6,8.025,5.5,1.6,3.45,2.1,79.1,5.3,426.2,49.2,47.4,FALSE
67,Nữ,5.6,8.025,5.7,1.6,3.45,1.2,85.2,5.3,426.2,37.1,53.6,FALSE
63,Nữ,4.9,8.025,6.1,1.6,3.45,14.5,93.3,5.3,426.2,29.9,25,FALSE
67,Nam,5.5,8.025,4.7,1.6,3.45,1.7,85.2,5.3,426.2,18.5,14.7,FALSE
2,Nữ,4.3,8.025,5.5,1.6,3.45,2.1,43,4.2,426.2,43.5,13.2,FALSE
66,Nam,6.9,8.025,5.5,1.6,3.45,2.1,82.4,5.3,426.2,52.6,40.2,FALSE
58,Nữ,13.9,8.025,5.5,1.6,3.45,2.1,85.2,8.6,426.2,59.1,82.7,TRUE
41,Nam,5.8,8.025,5.5,1.6,3.45,2.1,73.7,5.3,426.2,58.5,49.8,FALSE
65,Nữ,5.1,8.025,5.5,1.6,3.45,2.1,86.9,5.3,426.2,36.2,33.7,FALSE
32,Nam,5.8,8.025,5.5,1.6,3.45,2.1,80.8,2,426.2,32.6,19.8,FALSE
15,Nam,5,8.025,5.5,1.6,3.45,2.1,75.3,5.3,426.2,23.6,18.8,FALSE
26,Nam,3.9,8.025,5.5,1.6,3.45,2.1,68.1,5.3,426.2,16.5,11.2,FALSE
66,Nam,5.2,8.025,5.5,1.6,3.45,2.1,85.2,5.3,426.2,26.5,21.4,FALSE
56,Nam,7.5,8.62,7.9,2,3.45,1.8,85.2,5.3,426.2,25,21.6,TRUE
34,Nam,4.1,8.025,4.8,1.7,3.45,0.7,57,7.9,426.2,25.1,28.9,FALSE
50,Nữ,5.6,8.025,5.5,1.6,3.45,2.1,121.8,7.3,426.2,63.3,62.7,FALSE
15,Nam,5.1,8.025,5.5,1.6,3.45,2.1,63.6,5.3,426.2,24.9,16.9,FALSE
58,Nữ,5.2,8.025,5.5,1.6,3.45,2.1,135.1,6.5,493.4,67.1,62,FALSE
26,Nam,3.6,8.025,5.5,1.6,3.45,2.1,85.2,5.3,426.2,19.1,14,FALSE
64,Nữ,6,8.025,5.5,1.6,3.45,2.1,147,6.9,426.2,38.1,17.3,FALSE
58,Nam,4.5,8.025,4.1,1.6,3.45,0.8,85.2,5.3,426.2,24.9,12.7,FALSE
44,Nam,4.3,8.025,5.5,1.6,3.45,2.1,62.8,5.3,426.2,28.9,13.1,FALSE
31,Nam,5.6,8.025,5.5,1.6,3.45,2.1,63.1,5.3,426.2,30.5,23.9,FALSE
84,Nam,5.2,8.025,5.5,1.6,3.45,2.1,86,11.1,426.2,46,17,FALSE
34,Nam,5,8.025,5.5,1.6,3.45,2.1,63,5.3,426.2,27,22,FALSE
36,Nam,5.5,8.025,5.5,1.6,3.45,2.1,51.7,5.3,426.2,19.8,15.8,FALSE
39,Nam,5.6,8.025,5.5,1.6,3.45,2.1,75.4,3.5,426.2,33,22.8,FALSE
21,Nam,5.6,8.025,5.5,1.6,3.45,2.1,100.9,4,426.2,251.3,277.7,FALSE
56,Nam,6,8.025,5.5,1.6,3.45,2.1,81,5.3,426.2,39,26,FALSE
23,Nam,5.6,8.025,5.5,1.6,3.45,2.1,95,5.3,426.2,93.7,72.3,FALSE
58,Nữ,11.4,10.1,5.4,1.4,3.45,2,128.7,8.8,654.6,66.4,61,TRUE
62,Nam,3.4,6.68,5.7,2.2,3.45,2.8,85.2,5.3,426.2,25,21.6,TRUE
21,Nam,5.6,8.025,5.5,1.6,3.45,2.1,75.5,2.2,426.2,100,274.4,FALSE
32,Nam,5.6,8.025,5.5,1.6,3.45,2.1,83,5.4,426.2,26.1,11.8,FALSE
74,Nam,5,8.025,5.5,1.6,3.45,2.1,80.1,5.3,426.2,27,20,FALSE
25,Nam,6.4,8.025,5.5,1.6,3.45,2.1,87,5.3,426.2,26.9,16.7,FALSE
80,Nữ,7,8.025,4,1.6,3.45,2,85.2,5.3,402.3,40.8,131,TRUE
26,Nam,4.2,8.025,5.5,1.6,3.45,2.1,70,5.3,426.2,30.3,23.6,FALSE
70,Nữ,13.7,11.35,6.4,3.1,3.45,2.6,88.8,4.6,426.2,39.1,15.3,TRUE
56,Nam,5.8,8.025,5.5,1.6,3.45,2.1,77.9,5.3,426.2,30.1,26,FALSE
64,Nữ,5,8.025,5.9,1.6,3.45,0.9,85.2,5.3,426.2,32.7,14.8,FALSE
59,Nữ,3.6,8.025,5.5,1.6,3.45,2.1,85.2,5.1,426.2,21.9,17.2,FALSE
47,Nam,26.1,8.025,5.5,1.6,3.45,2.1,62.6,4.1,426.2,32.4,24.4,TRUE
1,Nữ,6.2,8.025,5.5,1.6,3.45,2.1,36,2.6,426.2,51.8,20.9,FALSE
54,Nam,10.3,6.51,5.1,1.3,3.45,6.6,85.2,5.3,426.2,25,21.6,TRUE
22,Nam,3.8,8.025,5.5,1.6,3.45,2.1,72.8,5.3,426.2,32.2,24.6,FALSE
65,Nam,6,8.025,4.4,1.6,3.45,2.2,129.5,6.5,426.2,13.7,13,FALSE
33,Nữ,4.7,8.025,5.5,1.6,3.45,2.1,71.4,6.3,426.2,114.3,92.9,FALSE
83,Nam,15.9,8.025,5.5,1.6,3.45,2.1,73.7,5.3,426.2,98.2,100.3,TRUE
27,Nam,5.6,8.025,5.5,1.6,3.45,2.1,72.1,5.3,426.2,27.9,21.3,FALSE
72,Nam,4.9,8.025,7.9,1.6,3.45,4.5,85.3,6,426.2,30.3,37.6,FALSE
76,Nam,4.7,8.025,5.5,1.6,3.45,2.1,263.7,14.4,426.2,33.4,31.3,FALSE
47,Nữ,3.9,8.025,5.5,1.6,3.45,2.1,129,7.9,426.2,45.8,24.7,FALSE
67,Nữ,8.3,8.025,5.5,1.6,3.45,2.1,125,9.8,426.2,29.7,14.9,TRUE
68,Nam,7,8.025,5.5,1.6,3.45,2.1,77,4.1,426.2,24.3,10.2,TRUE
45,Nam,3.9,8.025,5.5,1.6,3.45,2.1,85.2,5.3,433.1,26.3,21.7,FALSE
48,Nam,11.1,8.2,5.5,1.6,3.45,2.1,83.3,5.5,426.2,22.1,20.7,TRUE
60,Nam,6.1,8.025,5.5,1.6,3.45,2.1,85.2,5.3,426.2,29.8,17.8,FALSE
77,Nữ,5.2,8.025,5.7,1.6,3.45,1.4,85.2,5.3,426.2,30.1,25.5,FALSE
33,Nam,4,8.025,5.5,1.6,3.45,2.1,75.7,5.3,426.2,25.9,20.3,FALSE
32,Nam,7.4,8.025,5.5,1.6,3.45,2.1,47.5,5.3,426.2,24.5,10.1,TRUE
32,Nữ,4.8,8.025,5.5,1.6,3.45,2.1,77.7,4.2,426.2,30.1,52.1,FALSE
58,Nữ,5.2,8.025,5.5,1.6,3.45,2.1,85.2,5.3,426.2,34.8,36.9,FALSE
49,Nữ,8,8.025,5.5,1.6,3.45,2.1,85.2,5.3,426.2,24,28.3,TRUE
58,Nữ,19.6,12.36,5.4,1.3,3.45,5.5,85.2,5.3,426.2,25,21.6,TRUE
52,Nam,5.4,8.025,5.5,1.6,3.45,3.2,85.2,5.3,416.5,27.7,25.1,FALSE
19,Nam,5.6,8.025,5.5,1.6,3.45,2.1,83,2.1,426.2,43,13.4,FALSE
30,Nam,4.9,8.025,5.5,1.6,3.45,2.1,65.3,5.3,426.2,41.7,59.5,FALSE
60,Nam,5.2,8.025,5.5,1.6,3.45,2.1,85.2,5.2,426.2,26.1,21.7,FALSE
70,Nữ,5.7,8.025,8.4,2.4,3.45,5.9,89,5.7,426.2,29.3,33.6,FALSE
45,Nam,3.6,8.025,5.5,1.6,3.45,2.1,85.2,5,426.2,17.1,27.1,FALSE
65,Nữ,5,8.025,4.7,1.6,3.45,1.6,102,5.3,426.2,27,16,FALSE
62,Nữ,5.4,8.025,5.8,1.3,3.45,3.6,100.5,9.2,426.2,36.1,48.9,FALSE
32,Nữ,3.8,8.025,5.5,1.6,3.45,2.1,125,5.3,426.2,33.7,32.7,FALSE
63,Nữ,7.5,8.025,5.5,1.6,3.45,2.1,86.7,6.5,426.2,20,18.4,TRUE
20,Nam,5.1,8.025,5.5,1.6,3.45,2.1,61,5.3,426.2,12,13.8,FALSE
52,Nam,4.6,8.025,5.5,1.6,3.45,2.1,82,7.9,343.3,24.4,25.8,FALSE
62,Nữ,5.3,8.025,5.5,1.6,3.45,2.1,97,5.3,426.2,23.2,19.9,FALSE
41,Nữ,6,8.025,5.5,1.6,3.45,2.1,91.2,5.3,426.2,38.2,42.4,FALSE
39,Nam,4.8,8.025,5.5,1.6,3.45,2.1,62.6,5.3,426.2,17.1,13.2,FALSE
59,Nữ,5.2,8.025,5.5,1.7,3.45,3.4,104,6.3,426.2,31.8,16.5,FALSE
20,Nam,5.1,8.025,5.5,1.6,3.45,2.1,70,5.3,426.2,20.8,23,FALSE
95,Nam,9.8,8.97,5.5,1.6,3.45,2.1,177,15.7,426.2,25,21.6,TRUE
53,Nam,4.2,8.025,6.3,1.9,3.45,4.6,68.5,6.3,426.2,21,16.6,FALSE
50,Nữ,3.9,8.025,5.5,1.6,3.45,2.1,73.3,5.1,426.2,31.1,33.2,FALSE
57,Nữ,10,8.025,5.5,1.6,3.45,2.1,84,8.8,426.2,25.5,24.5,TRUE
28,Nam,5.7,8.025,5.5,1.6,3.45,2.1,66.1,5.3,426.2,11.5,7.6,FALSE
20,Nam,4,8.025,5.5,1.6,3.45,2.1,56,5.3,426.2,15.7,14.3,FALSE
57,Nam,5.2,8.025,5.5,1.6,3.45,2.1,394.4,28.4,426.2,25.1,12.5,FALSE
40,Nam,4,8.025,5.5,1.6,3.45,2.1,78.6,4.8,426.2,22.5,26.6,FALSE
21,Nam,3.6,8.025,5.5,1.6,3.45,2.1,67,5.3,426.2,18.7,16.9,FALSE
67,Nữ,4.8,8.025,5.5,1.6,3.45,2.1,85.2,5.2,426.2,18.6,18.5,FALSE
39,Nam,5.1,8.025,5.5,1.6,3.45,2.1,63,5.3,426.2,19,13.2,FALSE
17,Nam,5.8,8.025,5.5,1.6,3.45,2.1,69.8,5.3,426.2,20.7,13.6,FALSE
49,Nam,3.4,8.025,5.5,1.6,3.45,2.1,71.8,5.3,426.2,22.5,25.2,FALSE
33,Nữ,11.4,8.025,5.5,1.6,3.45,2.1,106.2,5.4,426.2,34.4,38.4,TRUE
67,Nữ,5,8.025,5.5,1.6,3.45,2.1,92.9,4.7,426.2,17.8,19.7,FALSE
60,Nữ,4.4,8.025,5.5,1.6,3.45,2.1,126.7,5.6,426.2,63.6,27.8,FALSE
34,Nữ,6,8.025,5.5,1.6,3.45,2.1,88,6.4,426.2,29.6,43.1,FALSE
49,Nam,6.9,8.025,4.8,1.4,3.45,1.9,73.2,3.9,426.2,48,45.8,FALSE
52,Nữ,12.1,8.025,6.1,1.6,3.45,5.4,85.2,5.3,426.2,25,21.6,TRUE
9,Nam,5.6,8.025,5.5,1.6,3.45,2.1,85.2,5.2,426.2,20.3,13.7,FALSE
57,Nữ,3.7,8.025,7.6,3.4,3.45,0.7,70.4,3.5,426.2,105.3,82,FALSE
49,Nam,4.6,8.025,5.5,1.6,3.45,2.1,68,3.8,426.2,25.1,18,FALSE
39,Nam,4,8.025,5.5,1.6,3.45,2.1,71.3,5.3,426.2,30,28.3,FALSE
64,Nam,3.3,8.025,5.5,1.6,3.45,2.1,81.4,5.3,426.2,18.7,15.1,FALSE
62,Nam,3.9,8.025,5.5,1.6,3.45,2.1,80.7,5.3,426.2,23.7,25.7,FALSE
17,Nam,5.6,8.025,5.5,1.6,3.45,2.1,88.8,5.3,426.2,14.1,11.6,FALSE
67,Nam,5,8.025,5.5,1.6,3.45,2.1,97.4,6.7,426.2,21.9,14.4,FALSE
56,Nam,4.4,8.025,5.5,1.6,3.45,2.1,74.4,7.8,426.2,18,26.7,FALSE
54,Nữ,6.2,8.025,5.5,1.6,3.45,2.1,97,4,426.2,159.4,49.6,FALSE
31,Nam,5.6,8.025,5.5,1.6,3.45,2.1,68,5.3,426.2,18.7,25.1,FALSE
51,Nữ,9.7,9.6,5.3,1.7,3.45,4.4,85.2,5.3,426.2,25,21.6,TRUE
54,Nữ,19.1,8.025,6.3,1.8,3.45,8.2,105.2,10.5,682,16,18.3,TRUE
24,Nam,7.1,8.025,5.5,1.6,3.45,2.1,83.6,5.3,426.2,12.4,12.5,TRUE
58,Nữ,10.8,8.025,5.5,1.6,3.45,2.1,162.3,7,426.2,16,15.9,TRUE
23,Nam,4.1,8.025,5.5,1.6,3.45,2.1,44.3,5.3,426.2,19.8,14.4,FALSE
54,Nữ,5.8,8.025,5.5,1.6,3.45,2.1,58.1,2.3,426.2,207.7,40.2,FALSE
48,Nam,5.7,8.025,5.5,1.6,3.45,2.1,51.2,5.3,426.2,23.6,23.1,FALSE
70,Nam,6.9,8.025,5.5,1.6,3.45,2.1,81,5.3,426.2,23.8,20.6,FALSE
75,Nam,18.7,8.025,5.5,1.6,3.45,2.1,66.1,5.3,306.6,103.6,88.3,TRUE
72,Nam,6.6,8.025,5.5,1.6,3.45,2.1,128,6.9,426.2,38,26.5,FALSE
68,Nữ,17.6,8.025,5.5,1.6,3.45,2.1,108.1,4.8,426.2,15.1,5.7,TRUE
44,Nam,4.5,8.025,5.5,1.6,3.45,2.1,69.7,6.8,426.2,12.6,10.5,FALSE
74,Nam,5.3,8.025,5.5,1.6,3.45,2.1,65.7,4.2,426.2,14.3,17.2,FALSE
59,Nam,4.5,8.025,5.3,1.6,3.45,2.2,78,7.1,426.2,32,32.8,FALSE
70,Nam,5.8,8.025,5.5,1.6,3.45,2.1,71.9,5.3,426.2,19,19.9,FALSE
72,Nữ,5.8,8.025,4.9,1.2,3.45,3.9,85.2,6,426.2,29.4,35.6,FALSE
74,Nam,4.5,8.025,4.7,1.3,3.45,6,85.2,4.3,426.2,21.5,16.5,FALSE
45,Nam,5.6,8.025,5.5,1.6,3.45,2.1,100.3,5.1,426.2,32.7,88.4,FALSE
58,Nam,5.4,8.025,5.5,1.6,3.45,2.1,71,5.6,426.2,22.3,21.4,FALSE
50,Nam,5.9,8.025,4.1,1.6,3.45,1.2,71,4.7,426.2,16.1,11.6,FALSE
69,Nữ,6.2,8.025,5.5,1.6,3.45,2.1,85.2,5.3,426.2,30.5,35.4,FALSE
59,Nữ,3.8,8.025,5.5,1.6,3.45,2.1,94.1,8.2,426.2,30.4,26,FALSE
40,Nam,5.1,8.025,5.5,1.6,3.45,2.1,68,5.5,426.2,24.8,28.1,FALSE
22,Nam,3.7,8.025,5.5,1.6,3.45,2.1,59,5.3,426.2,20.2,18.7,FALSE
34,Nam,4.5,8.025,5.5,1.6,3.45,2.1,58.7,5.3,426.2,16.8,13.5,FALSE
41,Nữ,7.6,8.025,5.5,1.6,3.45,2.1,239.8,19.8,426.2,117.5,121.5,TRUE
64,Nam,6.7,7.74,3.3,1.3,3.45,1.4,110,5.4,426.2,28.8,31.4,TRUE
49,Nam,5.6,8.025,5,1.6,3.45,1.1,89.4,5.3,426.2,25.5,30,FALSE
57,Nữ,13.1,8.025,6.7,1.6,3.45,4.7,77,7.2,408.1,32,40.5,TRUE
73,Nữ,8.9,8.025,4.9,1.1,3.45,1.8,85.2,5.3,426.2,25,21.6,TRUE
76,Nam,8,10.38,5.2,1.3,3.45,2.7,85.2,5.3,426.2,25,21.6,TRUE
43,Nữ,5.6,8.025,5.5,1.6,3.45,2.1,116.4,5.3,565.1,30,35.3,FALSE
3,Nữ,5.2,8.025,5.5,1.6,3.45,2.1,50.5,5.3,426.2,25,21.6,FALSE
34,Nữ,4.2,8.025,5.5,1.6,3.45,2.1,116.4,5.3,426.2,25.5,11.3,FALSE
77,Nam,5,8.025,5.5,1.6,3.45,2.1,181.7,13.1,659.9,20,37.3,FALSE
57,Nam,4.1,8.025,5.5,1.6,3.45,2.1,91.2,5.6,426.2,30.4,25.3,FALSE
32,Nam,5.8,8.025,5.5,1.6,3.45,2.1,82.9,5.3,426.2,16.7,12,FALSE
35,Nam,5.6,8.025,5.5,1.6,3.45,2.1,90.5,5.3,426.2,14.3,18.2,FALSE
41,Nam,5.2,8.025,5.5,1.6,3.45,2.1,93.3,5.3,426.2,13.8,9.3,FALSE
43,Nam,4.8,8.025,5.9,1.6,3.45,2.1,85.2,5.3,426.2,15.4,12,FALSE
40,Nữ,8.7,8.025,5.5,1.6,3.45,2.1,96.8,5.3,426.2,272.3,127.1,TRUE
57,Nam,22.9,8.025,5.5,1.6,3.45,2.1,94.9,5.3,426.2,12.6,7.2,TRUE
51,Nam,4.6,8.025,5.5,1.6,3.45,2.1,83.9,5.3,426.2,16.2,14.4,FALSE
82,Nữ,3.5,8.025,5.9,1.6,3.45,2.1,108.8,5.3,426.2,17.5,17.2,FALSE
3,Nữ,5.6,8.025,5.5,1.6,3.45,2.1,64,3.8,426.2,33.9,13.8,FALSE
25,Nam,4.9,8.025,5.5,1.6,3.45,2.1,81.7,5.3,426.2,13,13.7,FALSE
59,Nữ,5.6,8.025,5.5,1.6,3.45,2.1,107.5,5.1,507.9,31,33.7,FALSE
60,Nữ,5.6,8.025,5.5,1.6,3.45,2.1,85.2,27.6,426.2,24,14,FALSE
45,Nam,5.6,8.025,5.9,1.6,3.45,3.3,95.9,5.3,426.2,28.6,16,FALSE
64,Nữ,3,8.025,5.5,1.6,3.45,2.1,127.8,9.4,426.2,19.1,20.1,FALSE
31,Nữ,4.3,8.025,5.5,1.6,3.45,2.1,120.2,5.9,426.2,24.7,11.5,FALSE
34,Nam,3.7,8.025,5.5,1.6,3.45,2.1,67.9,5.3,426.2,33.5,28.4,FALSE
47,Nam,3.9,8.025,5.5,1.6,3.45,2.1,83.3,4.8,426.2,47.4,28,FALSE
54,Nam,3.8,8.025,5.5,1.6,3.45,2.1,84,4.3,426.2,20.4,14.4,FALSE
45,Nữ,9.9,8.025,5.5,1.6,3.45,2.1,138.8,8.2,767,16.7,19.8,TRUE
26,Nam,5.6,8.025,5.5,1.6,3.45,2.1,85.2,29,426.2,21.9,18.5,FALSE
61,Nữ,5.3,8.025,6.3,1.6,3.45,7.4,110.9,7.1,611.9,30.8,41.6,FALSE
44,Nữ,5.7,8.025,5.1,1.6,3.45,5.1,94.5,5.4,268.5,23.1,31.3,FALSE
37,Nữ,5.6,8.025,5.5,1.6,3.45,2.1,90.5,5.3,426.2,20.2,24.3,FALSE
98,Nữ,5.6,8.025,5.5,1.6,3.45,2.1,111.1,5.9,426.2,32.4,20.3,FALSE
3,Nữ,5.6,8.025,5.5,1.6,3.45,2.1,44.3,2.8,426.2,33.6,13.5,FALSE
57,Nam,5.6,8.025,5.6,1.6,3.45,0.9,97.7,5,426.2,89.2,64.2,FALSE
51,Nam,4.9,8.025,5.5,1.6,3.45,2.1,81.3,4.1,426.2,21,22.1,FALSE
41,Nam,3.4,8.025,5.5,1.6,3.45,2.1,90.2,5.3,426.2,15,20.8,FALSE
51,Nam,5.6,8.025,5.5,1.6,3.45,2.1,85.2,24.2,426.2,23.5,13,FALSE
76,Nữ,5.4,8.025,4.7,1.6,3.45,1.6,151.5,5.3,746.9,27.6,19.1,FALSE
51,Nam,4.9,8.025,5.5,1.6,3.45,2.1,86.3,5.3,426.2,24.5,15.5,FALSE
20,Nữ,4.3,8.025,5.5,1.6,3.45,2.1,104.8,5.3,426.2,32.4,58.5,FALSE
55,Nữ,5.6,8.025,5.5,1.6,3.45,2.1,97.6,5.3,426.2,33.4,16.6,FALSE
25,Nam,3.7,8.025,5.5,1.6,3.45,2.1,77.4,5.3,426.2,39.7,29.4,FALSE
16,Nam,3.6,8.025,5.5,1.6,3.45,2.1,65.8,5.3,426.2,26.5,14.3,FALSE
66,Nữ,6.2,8.025,5.1,1.6,3.45,1.6,103.1,5.3,426.2,36.2,17.7,FALSE
38,Nam,5.6,8.025,5.5,1.6,3.45,2.1,108.8,5.3,426.2,26.9,16.9,FALSE
69,Nữ,4.7,8.025,5.4,1.9,3.45,0.6,115,4.8,426.2,34.3,19.4,FALSE
59,Nữ,13.5,10,8.3,1.8,3.45,1.2,113.2,8.2,426.2,25.8,31,TRUE
52,Nam,6.9,8.025,7.9,2.5,3.45,1.1,90.9,7.6,426.2,22.1,19.4,FALSE
65,Nam,4.6,8.025,4.1,1.1,3.45,1.4,88.3,5.8,426.2,25.8,38.7,FALSE
16,Nam,3.9,8.025,5.5,1.6,3.45,2.1,58,5.3,426.2,27,13,FALSE
1,Nữ,4.7,8.025,5.5,1.6,3.45,2.1,32.6,2.4,426.2,72.2,31.9,FALSE
77,Nữ,3.4,8.025,5.5,1.6,3.45,2.1,153.7,8.4,720.1,17.8,22,FALSE
52,Nữ,5.5,8.025,5.5,1.6,3.45,2.1,99.5,5.3,426.2,41.8,17.3,FALSE
52,Nam,4.6,8.025,6.5,1.6,3.45,3.9,93.9,5.3,426.2,18.2,14.1,FALSE
61,Nam,4.4,8.025,5.6,1.6,3.45,2.2,97.2,5.3,426.2,31.2,25,FALSE
35,Nữ,5,8.025,5.5,1.6,3.45,2.1,120.2,5.3,426.2,44.6,96.6,FALSE
70,Nữ,4.8,8.025,5.5,1.6,3.45,2.1,129.2,5.3,426.2,17.9,16.5,FALSE
42,Nam,5.3,8.025,5.5,1.6,3.45,2.1,91.1,5.3,426.2,17.7,14.1,FALSE
18,Nam,3.6,8.025,5.5,1.6,3.45,2.1,66,5.3,426.2,18.2,16.1,FALSE
51,Nam,3.5,8.025,5.5,1.6,3.45,2.1,94.8,7.3,426.2,24.6,26.6,FALSE
29,Nam,4.2,8.025,5.2,1.6,3.45,1.4,93.7,3.6,232.8,23.5,34.9,FALSE
74,Nam,5.1,8.025,5.3,1.6,3.45,1.2,74.1,4.1,408.5,20.3,21.6,FALSE
59,Nam,6.4,11.18,5.5,1.6,3.45,2.1,83.8,5.5,426.2,41.2,41.6,TRUE
37,Nam,4.5,8.025,5.5,1.6,3.45,2.1,74.2,5.4,426.2,15.5,15.9,FALSE
64,Nam,5.1,8.025,11.8,2.1,3.45,7.2,89,5.5,426.2,34,34.1,FALSE
50,Nữ,4,8.025,5.5,1.6,3.45,2.1,85.2,4.8,426.2,12.7,10.7,FALSE
87,Nam,9.3,8.025,6,1.7,3.45,2.8,85.2,5.3,426.2,25,21.6,TRUE
57,Nữ,7.9,8.025,4.6,2.1,3.45,1.2,129.8,8.3,426.2,37,15.9,TRUE
54,Nam,9.2,8.025,6.5,1.8,3.45,5.5,82.1,3.8,426.2,34.9,47.7,TRUE
21,Nam,4.3,8.025,5.5,1.6,3.45,2.1,68.7,5.3,426.2,23.1,27.8,FALSE
45,Nam,4,5.05,3,0.9,3.45,1.9,85.2,5.3,426.2,29.5,19.9,FALSE
43,Nam,4.1,7.38,5.5,1.6,3.45,2.1,85.2,5.3,321.2,25,21.6,TRUE
61,Nữ,8.8,8.14,6.6,1.8,3.45,2,126.3,7.1,426.2,30.6,38.6,TRUE
58,Nam,5.2,8.025,7.6,1.7,3.45,2.3,120,7.9,426.2,40.2,39.7,FALSE
60,Nữ,5.2,8.025,5.5,1.6,3.45,2.1,130.1,7.2,426.2,35,41.2,FALSE
58,Nam,4.2,8.025,6.8,2.2,3.45,1.5,89.7,5,426.2,135.2,174.6,FALSE
66,Nữ,5.6,8.025,5.5,1.6,3.45,2.1,85.2,40.3,426.2,32.4,47.3,FALSE
37,Nam,5.6,8.025,5.5,1.6,3.45,2.1,85.2,26.1,426.2,41,16,FALSE
45,Nam,4.5,8.025,5.5,1.6,3.45,2.1,71.7,6,426.2,16.8,17.4,FALSE
25,Nam,5.9,8.025,5.5,1.6,3.45,2.1,61.5,5.3,426.2,26.2,11.9,FALSE
54,Nam,5.5,8.025,8.2,1.6,3.45,2,96.7,6.7,426.2,32.8,27.5,FALSE
23,Nam,5.6,8.025,5.5,1.6,3.45,2.1,26.9,5.3,426.2,17.7,23.9,FALSE
22,Nam,3.6,8.025,5.5,1.6,3.45,2.1,67.2,5.3,426.2,18.3,24.4,FALSE
47,Nữ,3.9,8.025,5.5,1.6,3.45,2.1,122.2,5.5,560.2,72.8,44.4,FALSE
32,Nam,7.5,8.025,5.5,1.6,3.45,2.1,74.1,3.1,426.2,34.5,32.3,TRUE
29,Nam,6,8.025,5.5,1.6,3.45,2.1,75,5.3,426.2,16,12,FALSE
58,Nữ,6.4,8.025,5.5,1.6,3.45,2.1,124,5.3,426.2,23.1,27.6,FALSE
66,Nữ,9.7,8.66,5.5,1.8,3.45,1.4,85.2,5.3,426.2,25,21.6,TRUE
60,Nam,4.5,8.025,6.2,1.6,3.45,1.4,82.7,5.3,426.2,36.9,43.5,FALSE
38,Nam,6.2,8.025,5.5,1.6,3.45,2.1,82.9,5.3,426.2,18.3,12.6,FALSE
69,Nam,4.5,8.025,5.5,1.6,3.45,2.1,132.7,10.5,579.5,29.2,29,FALSE
20,Nam,4.1,8.025,5.5,1.6,3.45,2.1,73.1,5.3,426.2,18.4,4.7,FALSE
30,Nam,4.8,8.025,5.5,1.6,3.45,2.1,82.3,5.3,426.2,17.9,23,FALSE
43,Nam,4.6,8.025,5.5,1.6,3.45,2.1,88.4,5.3,426.2,23.7,24.7,FALSE
58,Nam,5.3,8.025,4.7,1.6,3.45,1.7,85.2,5.3,426.2,24.4,16,FALSE
62,Nam,4.3,8.025,5.5,1.6,3.45,2.1,100.5,3.4,426.2,31.3,61.4,FALSE
82,Nam,4,8.025,5.5,1.6,3.45,2.1,92.3,6.7,426.2,22,13.7,FALSE
10,Nữ,5.6,8.025,5.5,1.6,3.45,2.1,71.1,3.6,426.2,24.8,18.2,FALSE
63,Nữ,5.5,8.025,5.3,1.6,3.45,2.7,177.2,8.3,649.3,28.3,33.8,FALSE
35,Nữ,4.8,8.025,5.5,1.6,3.45,2.1,85.2,5.3,426.2,27,38.6,FALSE
33,Nữ,8.9,8.025,5.5,1.6,3.45,2.1,64,5.3,426.2,129,50,TRUE
37,Nam,3.5,8.025,5.5,1.6,3.45,2.1,60.3,5.3,426.2,15.4,13,FALSE
80,Nữ,5.1,8.025,5.5,1.6,3.45,2.1,94.3,9.3,426.2,20.3,17.9,FALSE
51,Nữ,13.2,8.025,5.5,1.6,3.45,2.1,86.5,5.3,426.2,274.6,126.1,TRUE
32,Nam,5.6,8.025,5.5,1.6,3.45,2.1,75.3,3.4,426.2,18.4,13.1,FALSE
43,Nam,4.1,8.025,8.3,2.1,3.45,1,109.2,3.6,426.2,23.4,19.6,FALSE
43,Nữ,5.6,8.025,5.5,1.6,3.45,2.1,97.5,4.4,426.2,24.5,12.1,FALSE
66,Nam,4,8.025,8.1,1.7,3.45,2.3,85.8,7.8,275.8,19.5,23.7,FALSE
46,Nam,4.5,8.025,5.5,1.6,3.45,2.1,73.4,5.3,426.2,40.3,46.8,FALSE
37,Nam,5.6,8.025,5,1.6,3.45,2.8,85.2,5.3,426.2,21.6,22.8,FALSE
39,Nữ,5.6,8.025,5.5,1.6,3.45,2.1,96.7,5.3,426.2,129.8,91.1,FALSE
42,Nam,4.5,8.025,5.5,1.6,3.45,2.1,99.9,3.7,426.2,21.2,17.7,FALSE
79,Nam,4.7,8.025,7.3,1.4,3.45,1.8,113.1,6.6,426.2,32.2,12.9,FALSE
64,Nam,5.6,8.025,5.5,1.6,3.45,2.1,85.2,18.9,426.2,28.8,11.6,FALSE
12,Nữ,5.4,8.025,5.5,1.6,3.45,2.1,84,5.3,426.2,20.2,14.5,FALSE
13,Nữ,5.7,8.025,5.5,1.6,3.45,2.1,43.9,5.3,426.2,14.6,13,FALSE
60,Nữ,11.8,8.025,5.5,1.6,3.45,2.1,109,5.7,426.2,25.3,25.8,TRUE
62,Nam,4.5,8.025,5.5,1.6,3.45,2.1,222.3,21.9,426.2,29.8,23.1,FALSE
43,Nam,4.7,8.025,5.5,1.6,3.45,2.1,85.2,6.7,426.2,16.7,20.2,FALSE
48,Nữ,4.9,8.025,5.5,1.6,3.45,2.1,111.2,4.8,426.2,61.4,56.1,FALSE
36,Nam,4.6,8.025,5.5,1.6,3.45,2.1,85.2,5.3,426.2,59.1,37.3,FALSE
5,Nữ,5.4,8.025,5.5,1.6,3.45,2.1,59.2,5.3,426.2,23.9,17.3,FALSE
19,Nam,3.9,8.025,5.5,1.6,3.45,2.1,84.6,5.3,426.2,33,15.2,FALSE
23,Nam,3.9,8.025,5.5,1.6,3.45,2.1,75.3,5.3,426.2,17.9,17.6,FALSE
77,Nam,5.5,8.025,5.5,1.6,3.45,2.1,92.3,5.3,426.2,35.1,43.3,FALSE
56,Nam,4.8,8.025,5.5,1.6,3.45,2.1,91.2,5.3,426.2,36,22.3,FALSE
58,Nam,3.9,8.025,5.5,1.6,3.45,2.1,103,5.3,426.2,22.7,22,FALSE
58,Nữ,6,8.025,5.5,1.6,3.45,2.1,142.5,7.3,426.2,31,58.5,FALSE
72,Nữ,5.4,8.025,5.5,1.6,3.45,2.1,105.9,5.3,426.2,19.6,22.2,FALSE
72,Nữ,2.6,8.025,5.5,1.6,3.45,2.1,103,5.1,426.2,22.9,13,FALSE
50,Nam,6.9,8.025,6.7,1.5,3.45,2,73.1,5.2,426.2,17.3,16.3,FALSE
37,Nam,5.7,8.025,5.5,1.6,3.45,2.1,82.3,4.8,426.2,22.8,21.5,FALSE
44,Nam,4.4,8.025,5.5,1.6,3.45,2.1,85.2,5.8,426.2,14.2,12.6,FALSE
35,Nam,5.6,8.025,5.5,1.6,3.45,2.1,85.2,17.7,426.2,16,10.8,FALSE
20,Nam,4.8,8.025,5.5,1.6,3.45,2.1,70.4,5.3,426.2,13.8,15,FALSE
3,Nữ,4.4,8.025,5.5,1.6,3.45,2.1,49.5,2.6,426.2,24.3,13.7,FALSE
67,Nữ,5.6,8.025,5.5,1.6,3.45,2.1,85.2,19.8,426.2,35.5,20.1,FALSE
46,Nữ,5.6,8.025,5.5,1.6,3.45,2.1,85.2,33.1,426.2,23.1,27.4,FALSE
51,Nam,5.6,8.025,5.5,1.6,3.45,2.1,85.2,24.3,426.2,81.9,85.8,FALSE
62,Nam,5.6,8.025,5.5,1.6,3.45,2.1,85.2,21.5,426.2,13,4.3,FALSE
34,Nam,5.6,8.025,5.5,1.6,3.45,2.1,85.2,14.6,426.2,26.7,23.2,FALSE
35,Nữ,3.8,8.025,5.5,1.6,3.45,2.1,56.6,3.8,426.2,44.8,29.5,FALSE
62,Nam,4.4,8.025,5.5,1.6,3.45,2.1,198.1,23.2,426.2,28.5,14.4,FALSE
47,Nam,5.2,8.025,5.5,1.6,3.45,2.1,96.2,5.3,426.2,31.3,27.1,FALSE
57,Nam,4.3,8.025,5.5,1.6,3.45,2.1,85.2,5.3,426.2,21.2,28.8,FALSE
66,Nam,4.8,8.025,7,1.6,3.45,3,85.2,5.3,426.2,21,15.6,FALSE
32,Nam,4.8,8.025,5.5,1.6,3.45,2.1,76.4,5.3,426.2,21.4,26.7,FALSE
56,Nữ,9.5,8.025,5.5,1.6,3.45,2.1,133.6,5.3,426.2,75,38,TRUE
62,Nam,4.2,8.025,5.5,1.6,3.45,2.1,76.1,5.3,426.2,28.6,31.1,FALSE
38,Nữ,5.3,8.025,5.5,1.6,3.45,2.1,103.2,5.3,426.2,250.1,182.7,FALSE
43,Nam,5.6,8.025,5.5,1.6,3.45,2.1,91.9,5.3,426.2,12.9,12.5,FALSE
78,Nam,4.2,8.025,5.5,1.6,3.45,2.1,94.7,8.2,426.2,20.2,18.3,FALSE
46,Nữ,7,8.025,5.6,1.6,3.45,5.3,89.1,5.3,426.2,67.6,32.1,TRUE
93,Nữ,8.8,8.025,5.5,1.6,3.45,2.1,113.9,7.6,426.2,29.5,11.3,TRUE
74,Nam,4.5,8.025,5.5,1.6,3.45,2.1,94.5,4.9,426.2,21.8,22.7,FALSE
49,Nam,4.1,8.025,5.5,1.6,3.45,2.1,106.4,2,426.2,25.2,29.5,FALSE
74,Nữ,6.1,8.025,4.5,1.5,3.45,3,130.8,7.6,426.2,24.5,22.4,FALSE
86,Nữ,5.9,8.025,6.2,1.9,3.45,1.3,116.8,6.9,424.8,18,14.3,FALSE
32,Nữ,4.2,8.025,5.5,1.6,3.45,2.1,91,5.3,426.2,35.1,23.4,FALSE
65,Nam,3.5,8.025,5.5,1.6,3.45,2.1,93.6,5.3,426.2,29.9,17.6,FALSE
65,Nữ,4.5,8.025,5.5,1.6,3.45,2.1,114.5,5.3,426.2,31.3,22.2,FALSE
26,Nữ,7.5,8.025,5.5,1.6,3.45,2.1,91.4,5.3,426.2,28.4,28.7,TRUE
19,Nữ,5.1,8.025,5.5,1.6,3.45,2.1,103,4.7,426.2,130,40.4,FALSE
36,Nữ,5.6,8.025,5.5,1.6,3.45,2.1,85.2,28.6,426.2,35.8,47.5,FALSE
35,Nữ,5.9,8.025,5.6,1.6,3.45,1.7,107.2,3.4,426.2,17.3,11.4,FALSE
25,Nam,5.6,8.025,5.5,1.6,3.45,2.1,87.3,5.4,426.2,12.1,17.3,FALSE
30,Nữ,5.6,8.025,5.5,1.6,3.45,2.1,85.2,35.8,426.2,36.6,56.5,FALSE
54,Nam,5.5,8.025,6.8,1.6,3.45,3.2,83.9,5.3,426.2,42.7,52.8,FALSE
58,Nam,4.7,8.025,7.1,1.6,3.45,1.9,85.2,5.3,325.7,18.3,12.5,FALSE
65,Nam,5.5,8.025,6.5,1.5,3.45,2.9,103.1,9.4,426.2,17.4,25.3,FALSE
63,Nữ,5.6,8.025,5.5,1.6,3.45,2.1,129.7,7.1,426.2,29.8,26.6,FALSE
90,Nam,7.1,8.025,5.5,1.6,3.45,2.1,109.8,5.3,426.2,31.1,15.1,TRUE
69,Nữ,7.3,8.025,4.7,1.1,3.45,2.7,118.6,4.3,577,17.6,15.1,TRUE
42,Nam,5,8.025,5.3,1.6,3.45,1.2,85.2,5.3,426.2,12.1,19.4,FALSE
19,Nam,9.3,8.025,5.5,1.6,3.45,2.1,77.6,5.3,426.2,15,12.1,TRUE
86,Nam,5.1,8.025,5.5,1.6,3.45,2.1,98.3,3.9,426.2,34.6,18.9,FALSE
17,Nam,5.6,8.025,5.5,1.6,3.45,2.1,78.9,2.4,426.2,20.3,17.7,FALSE
64,Nam,4.2,8.22,5.2,1.7,3.45,1.2,85.2,5.3,426.2,25,21.6,TRUE
44,Nam,5.6,8.025,5.5,1.6,3.45,2.1,103.3,3.6,426.2,13.6,16.8,FALSE
35,Nữ,5.6,8.025,3.6,1.2,3.45,1.3,79,3.8,426.2,233,261.6,FALSE
49,Nam,6.6,8.025,5.3,2,3.45,1.5,91.1,4.7,426.2,65.9,87.8,FALSE
15,Nam,5.3,8.025,5.5,1.6,3.45,2.1,90.6,5.3,426.2,13.8,11,FALSE
54,Nam,4.4,8.025,5.5,1.6,3.45,2.1,101,5.3,426.2,19.2,16.5,FALSE
68,Nam,5.6,8.025,5.5,1.6,3.45,2.1,107.3,5.8,426.2,17.7,26.3,FALSE
64,Nữ,9.4,8.025,5.8,1.6,3.45,1.8,440.3,29.6,426.2,20.7,13,TRUE
51,Nữ,5.5,8.025,5.5,1.6,3.45,2.1,129.7,3.5,426.2,21.5,36.1,FALSE
13,Nam,4.1,8.025,5.5,1.6,3.45,2.1,82.5,5.3,426.2,10.5,13,FALSE
38,Nữ,5.6,8.025,5.5,1.6,3.45,2.1,106.7,4.9,426.2,30.6,15.8,FALSE
59,Nữ,3.8,8.025,5.9,2.2,3.45,1.4,116.6,5.9,426.2,34.1,35.8,FALSE
58,Nam,6.6,8.025,4.4,1.3,3.45,5,91.6,3.5,256.1,26.5,42.7,FALSE
18,Nữ,5.6,8.025,5.5,1.6,3.45,2.1,96,6.3,426.2,26,23,FALSE
32,Nữ,5.2,8.025,5.5,1.6,3.45,2.1,99.2,5.3,426.2,21.1,17.8,FALSE
62,Nam,4.7,8.025,4.1,1.6,3.45,1.3,84.7,5.9,426.2,19,14.1,FALSE
31,Nữ,5.4,8.025,5.5,1.6,3.45,2.1,85.2,5.3,426.2,18,30.9,FALSE
45,Nữ,14.4,8.025,3.4,1.6,3.45,1.4,85.2,5.3,426.2,18.6,32.7,TRUE
52,Nam,4.9,8.025,5.5,1.6,3.45,2.1,109.5,5.7,426.2,17.4,19,FALSE
59,Nữ,5.6,8.025,5.5,1.6,3.45,2.1,85.2,28.6,426.2,34.3,57.2,FALSE
34,Nam,5.3,8.025,5.5,1.6,3.45,2.1,88.6,5.3,426.2,13.9,11.7,FALSE
12,Nam,4.1,8.025,5.5,1.6,3.45,2.1,81,5.3,426.2,20.2,19.2,FALSE
37,Nam,4.4,8.025,5.5,1.6,3.45,2.1,89.7,5.3,426.2,13.3,13.2,FALSE
59,Nữ,3.6,8.025,5.5,1.6,3.45,2.1,99.6,5.3,426.2,30.9,27.1,FALSE
84,Nam,5,8.025,5.5,1.6,3.45,2.1,108.2,5.3,426.2,29.7,14,FALSE
64,Nam,5.6,8.025,5.5,1.6,3.45,2.1,106.4,5.6,426.2,20.3,21.5,FALSE
65,Nam,6.7,8.025,5.5,1.6,3.45,2.1,95.7,5.3,426.2,24.1,15.9,FALSE
40,Nam,4.1,8.025,5.5,1.6,3.45,2.1,105.8,5.3,426.2,33,20.6,FALSE
64,Nam,12.9,11.44,5.5,1.6,3.45,2.1,115.1,7.9,426.2,13.7,22,TRUE
37,Nam,4.6,8.025,5.5,1.6,3.45,2.1,78.7,5.3,426.2,20.1,16.6,FALSE
51,Nữ,7.9,8,4.5,1.1,3.45,1.3,111,4.7,426.2,25,21.6,TRUE
36,Nam,5.6,8.025,5.5,1.6,3.45,2.1,85.2,5.3,426.2,19.1,18.9,FALSE
10,Nam,5.1,8.025,5.5,1.6,3.45,2.1,85.2,5.3,426.2,21.5,22.8,FALSE
14,Nữ,6.2,8.025,5.5,1.6,3.45,2.1,74.4,5.3,426.2,17.4,12,FALSE
40,Nam,6.1,8.025,5.5,1.6,3.45,2.1,93.7,5.3,426.2,13.4,12.2,FALSE
64,Nam,4.6,8.025,5.5,1.6,3.45,2.1,82.6,5.3,426.2,17.4,16.8,FALSE
46,Nam,4.8,8.025,5.5,1.6,3.45,2.1,109.1,4.7,426.2,35.9,60.1,FALSE
66,Nam,5.1,8.025,5.5,1.6,3.45,2.1,99.4,5.3,426.2,17.6,19.7,FALSE
39,Nữ,5.6,8.025,6,1.6,3.45,2.6,85.2,5.3,433.6,67.7,146.7,FALSE
79,Nam,22,11.85,8.3,3.1,3.45,1.3,128.7,9.1,426.2,11.6,25.5,TRUE
64,Nam,7,8.025,5,1.2,3.45,1,117.3,5.1,426.2,25.2,26.6,TRUE
62,Nữ,7.4,8.025,5.5,1.6,3.45,2.1,149.7,7.1,426.2,25,21.6,TRUE
51,Nam,6,8.025,5.5,1.6,3.45,2.1,85.2,7.4,426.2,18.9,25.2,FALSE
38,Nam,4.2,8.025,5.5,1.6,3.45,2.1,86.4,4.1,426.2,42.3,71,FALSE
43,Nam,5.6,8.025,5.5,1.6,3.45,2.1,85.2,24.6,426.2,19.2,12.3,FALSE
83,Nữ,5.6,8.025,5.5,1.6,3.45,2.1,85.2,18.7,426.2,24,23.5,FALSE
66,Nữ,4.5,8.025,5.5,1.6,3.45,2.1,162.2,6.1,426.2,32,12.3,FALSE
31,Nữ,5.6,8.025,5.5,1.6,3.45,2.1,85.2,29.1,426.2,100.5,149.4,FALSE
68,Nam,5.6,8.025,5.5,1.6,3.45,2.1,85.2,35.5,426.2,14.6,28,FALSE
66,Nữ,5.6,8.025,5.5,1.6,3.45,2.1,140.9,7.5,426.2,42.6,77.5,FALSE
69,Nam,9.9,8.025,7.1,1.6,3.45,2.8,129.4,6.4,426.2,15,22.8,TRUE
50,Nam,5.2,8.025,5.5,1.6,3.45,2.1,85.2,5.3,426.2,17.3,12.4,FALSE
70,Nam,11.6,8.025,5.5,1.6,3.45,2.1,85.2,5.3,426.2,19.8,19.9,TRUE
23,Nam,5,8.025,5.5,1.6,3.45,2.1,85.2,5.3,426.2,17,21,FALSE
24,Nam,5.7,8.025,5.5,1.6,3.45,2.1,85.2,5.3,426.2,10.6,10.2,FALSE
64,Nam,6.6,8.025,5.5,1.6,3.45,2.1,99.8,5.3,426.2,32.7,46.8,FALSE
39,Nữ,6.6,8.025,4.1,1.6,3.45,2.7,123.7,5.3,363.3,17.2,26.7,FALSE
49,Nam,21.2,8.025,5.5,1.6,3.45,2.1,115.6,5.3,426.2,19.7,14.8,TRUE
39,Nam,5.5,8.025,5.5,1.6,3.45,2.1,68.5,5.3,426.2,18.1,17.7,FALSE
35,Nữ,8,8.025,5.5,1.6,3.45,2.1,85.2,7.2,426.2,182.5,138.8,TRUE
62,Nữ,6.3,8.025,5.5,1.6,3.45,2.1,99.8,8.3,426.2,26,21.4,FALSE
37,Nam,5.6,8.025,5.5,1.6,3.45,2.1,95.2,5.3,426.2,32.1,34.5,FALSE
32,Nữ,5.4,8.025,5.5,1.6,3.45,2.1,116.7,3.2,426.2,31.1,74,FALSE
25,Nữ,5.6,8.025,5.5,1.6,3.45,2.1,99,4,426.2,89.1,153.5,FALSE
67,Nữ,6.2,8.025,5.1,1.6,3.45,1.8,99.9,4.7,398.5,15.8,25.5,FALSE
48,Nữ,17.8,9.23,5.6,1.4,3.45,7.2,85.2,5.3,426.2,25,21.6,TRUE
60,Nữ,5.4,8.025,5.5,1.6,3.45,2.1,113.7,7.4,426.2,25,21.6,FALSE
51,Nữ,8.2,8.025,5.3,2.3,3.45,2.6,130,7.6,426.2,203,220.2,TRUE
66,Nữ,5.6,8.025,5.5,1.6,3.45,2.1,85.2,11,426.2,30.3,29.7,FALSE
2,Nữ,5.6,8.025,5.5,1.6,3.45,2.1,71.7,4.9,426.2,30.7,17.3,FALSE
20,Nam,4,8.025,5.5,1.6,3.45,2.1,84.9,5.3,426.2,15.3,16.9,FALSE
43,Nam,6.2,8.025,5.5,1.6,3.45,2.1,121.2,5.3,426.2,15.2,19.4,FALSE
45,Nữ,8.6,8.025,5.5,1.6,3.45,2.1,121.9,5.3,511.8,25,21.6,TRUE
51,Nam,7.2,8.025,5.5,1.6,3.45,2.1,95.1,4.5,426.2,51.9,44.6,TRUE
32,Nam,5.6,8.025,5.5,1.6,3.45,2.1,85.2,28.4,426.2,23.1,20.2,FALSE
46,Nam,4.8,8.025,5.5,1.6,3.45,2.1,62.7,5.3,426.2,63.7,50.1,FALSE
3,Nữ,7.1,8.025,5.5,1.6,3.45,2.1,61.4,3.7,426.2,41.3,15.8,TRUE
58,Nam,6.7,8.025,5.5,1.6,3.45,2.1,157.6,5.3,426.2,13,12.9,FALSE
33,Nam,5.4,8.025,5.5,1.6,3.45,2.1,103.4,5.3,426.2,16.4,13.6,FALSE
44,Nam,6.4,8.025,4.9,1.8,3.45,0.8,79,3.2,426.2,20.3,18.8,FALSE
20,Nam,3.9,8.025,5.5,1.6,3.45,2.1,84.7,5.3,426.2,20.5,18.4,FALSE
22,Nam,4.8,8.025,5.5,1.6,3.45,2.1,79.2,5.3,426.2,23.6,24.9,FALSE
18,Nam,6.8,8.025,5.5,1.6,3.45,2.1,79.5,2.5,426.2,20.6,20.8,FALSE
4,Nam,5.4,8.025,5.5,1.6,3.45,2.1,62.2,5.3,426.2,33.2,16.3,FALSE
1,Nữ,6.6,8.025,5.5,1.6,3.45,2.1,129.6,5.3,426.2,24.3,32.1,FALSE
56,Nam,8.1,8.025,5.5,1.6,3.45,2.1,103.3,5,426.2,25.4,19,TRUE
50,Nữ,10.1,8.025,5.5,1.6,3.45,2.1,78,3,452,16,14.5,TRUE
32,Nam,4,8.025,5.5,1.6,3.45,2.1,86.7,5.3,426.2,14.6,11.5,FALSE
57,Nữ,6.5,8.025,5.5,1.6,3.45,2.1,122.2,2.5,426.2,95,79.4,FALSE
42,Nữ,10.1,8.025,5.5,1.6,3.45,2.1,78,5.3,426.2,16,14.5,TRUE
18,Nam,4.7,8.025,5.5,1.6,3.45,2.1,76.1,5.3,426.2,14.6,15.8,FALSE
31,Nam,10.1,8.025,5.5,1.6,3.45,2.1,78,5.3,426.2,16,14.5,TRUE
34,Nam,4.5,8.025,5.5,1.6,3.45,2.1,87,5.3,426.2,22,23,FALSE
63,Nữ,6.6,8.025,5.5,1.6,3.45,2.1,129.6,8.8,426.2,24.3,36.1,FALSE
23,Nam,4.6,8.025,5.5,1.6,3.45,2.1,88,5.3,426.2,208,18.4,FALSE
5,Nữ,8.7,8.025,5.5,1.6,3.45,2.1,112,6.5,426.2,95,444,TRUE
86,Nữ,5.7,8.025,5.5,1.6,3.45,2.1,102.5,5.4,426.2,21.6,12,FALSE
2,Nữ,2.4,8.025,5.5,1.6,3.45,2.1,52.7,3.5,426.2,46.3,25.1,FALSE
65,Nữ,9.2,8.025,5.5,1.6,3.45,2.1,108.8,4.1,426.2,157,499.9,TRUE
32,Nam,5.3,8.025,5.5,1.6,3.45,2.1,84.9,5.3,426.2,13.6,10.7,FALSE
66,Nữ,4.5,8.025,5.5,1.6,3.45,2.1,89,5.3,426.2,15,17,FALSE
29,Nam,4,8.025,5.5,1.6,3.45,2.1,77.3,5.3,426.2,12.8,16.6,FALSE
8,Nữ,5.6,8.025,5.5,1.6,3.45,2.1,41,2,426.2,40.2,28.7,FALSE
82,Nữ,3.8,8.025,5.5,1.6,3.45,2.1,114.3,5.3,426.2,21.6,18.3,FALSE
25,Nam,4.8,8.025,5.5,1.6,3.45,2.1,88.6,5.3,426.2,21.2,16.5,FALSE
52,Nam,6.2,8.025,5.5,1.6,3.45,2.1,80.7,2.6,332,19.8,42,FALSE
18,Nam,4.6,8.025,5.5,1.6,3.45,2.1,74.9,3.6,426.2,17.7,13.3,FALSE
31,Nam,3.9,8.025,5.5,1.6,3.45,2.1,73.3,5.3,426.2,16.6,19,FALSE
2,Nữ,5.6,8.025,5.5,1.6,3.45,2.1,52.9,5.5,426.2,32.1,18.4,FALSE
55,Nam,10.2,9.45,5.5,1.6,3.45,2.1,85.2,5.3,426.2,17.1,26.2,TRUE
55,Nữ,7.4,8.025,5.5,1.6,3.45,2.1,120,5.3,426.2,66.5,72.2,TRUE
62,Nữ,5.6,8.025,5.5,1.6,3.45,2.1,179.5,3.8,426.2,30,18.3,FALSE
68,Nam,6.6,8.025,5.2,1.6,3.45,1.3,85.2,5.3,426.2,19,27.4,FALSE
6,Nữ,5.6,8.025,5.5,1.6,3.45,2.1,48.4,2.2,426.2,31.5,14.2,FALSE
65,Nữ,5.2,8.025,5.5,1.6,3.45,2.1,214.6,6.1,426.2,18.5,20,FALSE
62,Nữ,5.5,8.025,6.3,1.6,3.45,4.5,85.2,5.3,426.2,21.2,20.3,FALSE
50,Nữ,9.7,8.1,5.5,1.6,3.45,2.1,93.7,5.1,426.2,20.5,33.8,TRUE
96,Nữ,4.7,8.025,5.5,1.6,3.45,2.1,138.8,4.9,426.2,100.1,93.7,FALSE
24,Nữ,5.7,8.025,5.5,1.6,3.45,2.1,85.2,5.3,426.2,18.7,31.3,FALSE
54,Nam,5.2,8.025,5.5,1.6,3.45,2.1,89.9,5.3,426.2,19.2,21.8,FALSE
17,Nam,5.7,8.025,5.5,1.6,3.45,2.1,78,5.3,426.2,15.4,11.6,FALSE
35,Nam,5.7,8.025,5.5,1.6,3.45,2.1,67.4,5.3,426.2,12.5,15.5,FALSE
97,Nữ,7.2,8.025,5.5,1.6,3.45,2.1,175.8,5.3,426.2,27.4,17.9,TRUE
49,Nữ,4.8,8.025,4,1.6,3.45,0.6,138.2,4.7,426.2,100,95.1,FALSE
63,Nữ,5.5,8.025,5.5,1.6,3.45,2.1,110.5,5.3,426.2,24.6,17.7,FALSE
14,Nữ,5.6,8.025,5.5,1.6,3.45,2.1,86.3,3.4,426.2,19.6,18.6,FALSE
61,Nữ,7,8.025,4.5,1.6,3.45,0.8,84.2,3.4,426.2,15.2,19.1,TRUE
50,Nam,5.4,8.025,5.5,1.6,3.45,2.1,95.6,5.3,426.2,18.4,23.8,FALSE
39,Nữ,5,8.025,5.5,1.6,3.45,2.1,107.5,3.7,426.2,34.5,44,FALSE
29,Nam,5.6,8.025,5.5,1.6,3.45,2.1,68.2,5.3,426.2,15.7,11.3,FALSE
74,Nữ,5.1,8.025,5.5,1.6,3.45,2.1,85.2,5.3,426.2,18,20.4,FALSE
51,Nam,5.7,8.025,5.5,1.6,3.45,2.1,85.2,5.3,426.2,15.9,13,FALSE
23,Nam,3.9,8.025,5.5,1.6,3.45,2.1,97.1,5.3,426.2,22.7,29.3,FALSE
27,Nam,9.1,8.025,5.5,1.6,3.45,2.1,81.8,5.3,426.2,13.6,16.1,TRUE
91,Nữ,7.8,8.025,5.5,1.6,3.45,2.1,157.6,6.1,426.2,19.4,24.9,TRUE
18,Nam,4,8.025,5.5,1.6,3.45,2.1,85.2,5.3,426.2,12.4,18.2,FALSE
23,Nữ,5.6,8.025,5.5,1.6,3.45,2.1,110.2,4.8,426.2,25.9,41.7,FALSE
65,Nam,6.3,8.025,5.5,1.6,3.45,2.1,90.3,5.4,426.2,19.4,23.1,FALSE
16,Nữ,6,8.025,5.5,1.6,3.45,2.1,71.1,3.3,426.2,17.6,14,FALSE
24,Nữ,5.6,8.025,5.5,1.6,3.45,2.1,97,5.3,426.2,23.8,35.5,FALSE
18,Nữ,6.4,8.025,5.5,1.6,3.45,2.1,97.7,5.3,426.2,21,41.1,FALSE
55,Nữ,9.1,8.025,5.5,1.6,3.45,2.1,100.9,5.3,426.2,32.5,37.1,TRUE
73,Nam,9.6,8.025,5.5,1.6,3.45,2.1,111.3,5.1,426.2,19.4,26,TRUE
43,Nam,4.6,8.025,5.5,1.6,3.45,2.1,97.1,5.3,426.2,24.3,25.5,FALSE
32,Nam,19.5,8.025,4.7,1.6,3.45,2.4,93.2,5.3,426.2,23.8,35.4,TRUE
58,Nữ,5.5,8.025,4.1,1.6,3.45,1.4,113.1,3.8,426.2,138.4,173.5,FALSE
46,Nam,5.6,8.025,5.5,1.6,3.45,2.1,88,5.1,426.2,59,31.2,FALSE
56,Nữ,14.6,8.025,3.4,1.6,3.45,0.6,109.9,5.1,426.2,16.5,17.9,TRUE
62,Nam,6.7,8.025,5.5,1.6,3.45,2.1,85.2,5.3,426.2,16.5,20.7,FALSE
19,Nam,4.3,8.025,5.5,1.6,3.45,2.1,82.8,5.3,426.2,15.7,16,FALSE
41,Nữ,5.2,8.025,5.5,1.6,3.45,2.1,140.6,5.9,426.2,29.4,20.6,FALSE
66,Nữ,7.2,8.025,3.7,1.1,3.45,1.6,85.2,5.3,426.2,51.9,64.1,TRUE
30,Nữ,5.3,8.025,5.5,1.6,3.45,2.1,87,5.3,426.2,29.9,44.7,FALSE
36,Nữ,5.6,8.025,5.5,1.6,3.45,2.1,103.3,5.3,426.2,76.3,55.3,FALSE
44,Nam,5.6,8.025,5.5,1.6,3.45,2.1,93.4,3.6,426.2,26.1,36.8,FALSE
53,Nam,5.6,8.025,5.5,1.6,3.45,2.1,85.2,5.3,426.2,16.5,13.5,FALSE
33,Nữ,6.6,8.025,5.5,1.6,3.45,2.1,111.4,5.3,426.2,39.4,65.3,FALSE
46,Nam,5.6,8.025,5.5,1.6,3.45,2.1,88.4,5.3,426.2,16.8,20.3,FALSE
49,Nữ,5.3,8.025,5.5,1.6,3.45,2.1,123.6,5.3,426.2,51.3,44.2,FALSE
68,Nam,4.5,8.025,5.5,1.6,3.45,2.1,75.2,5.3,426.2,15.9,11.6,FALSE
68,Nam,6.5,8.025,5.5,1.6,3.45,2.1,97.8,5.9,426.2,21.7,33.1,FALSE
86,Nam,4.4,8.025,5.4,1.6,3.45,1.9,98.7,5.9,426.2,30.3,20.2,FALSE
61,Nam,24.5,10.17,5.5,1.6,3.45,2.1,99.2,3.5,426.2,30.2,51.7,TRUE
81,Nam,4.8,8.025,5.5,1.6,3.45,2.1,136.3,9.5,426.2,19.1,22.4,FALSE
63,Nữ,5,4.72,5.5,1.6,3.45,2.1,85.2,4,228.7,25.8,53.7,FALSE
61,Nữ,4.9,8.025,4,1.6,3.45,1.6,98.8,3.6,426.2,17.9,19.7,FALSE
40,Nữ,5.6,8.025,5.5,1.6,3.45,2.1,97.4,2.1,426.2,44.9,29.1,FALSE
36,Nam,8.9,8.025,5.5,1.6,3.45,2.1,79.5,5.3,426.2,14.6,15,TRUE
66,Nữ,10.5,8.025,5.5,1.6,3.45,2.1,110.2,8.3,639.8,46.3,24.3,TRUE
78,Nam,5.5,8.025,5.5,1.6,3.45,2.1,89.2,5.4,315.6,22.1,21.3,FALSE
27,Nam,4.7,8.025,5.5,1.6,3.45,2.1,85.1,5.3,426.2,17.4,17.3,FALSE
27,Nam,5.7,8.025,5.5,1.6,3.45,2.1,67,5.3,426.2,28,26,FALSE
72,Nam,5.8,8.025,5.5,1.6,3.45,2.1,80.8,5.3,426.2,35.1,20.3,FALSE
66,Nam,5.7,8.025,5.5,1.6,3.45,2.1,110.6,5.3,426.2,223.9,172.1,FALSE
21,Nam,5.1,8.025,5.5,1.6,3.45,2.1,97.7,3.2,426.2,20.6,18.9,FALSE
50,Nữ,5.4,8.025,5.5,1.6,3.45,2.1,125.6,5.3,426.2,65.7,85.6,FALSE
9,Nam,5.6,8.025,5.5,1.6,3.45,2.1,60.9,2.7,426.2,26.7,17.9,FALSE
65,Nam,6.2,8.025,5.5,1.6,3.45,2.1,79.8,4.2,426.2,15,16.6,FALSE
41,Nữ,5.8,8.025,5.5,1.6,3.45,2.1,129.8,5.3,426.2,21.6,40.4,FALSE
69,Nam,5.7,8.025,5.5,1.6,3.45,2.1,98.4,5.3,426.2,23.8,23.1,FALSE
62,Nam,5.1,8.025,5.5,1.6,3.45,2.1,85.2,5.3,426.2,25,33.1,FALSE
69,Nữ,12.4,10.92,7.5,2.1,3.45,17.4,85.2,5.3,426.2,25,21.6,TRUE
57,Nam,5,8.025,5.9,1.6,3.45,4.6,85.2,5.3,426.2,25,21.6,FALSE
52,Nam,18.4,8.025,5.5,1.6,3.45,2.1,101.3,5.3,426.2,29.7,38.6,TRUE
12,Nữ,5.6,8.025,5.5,1.6,3.45,2.1,70.3,2.1,426.2,28.3,21.3,FALSE
60,Nam,7.2,8.025,5.5,1.6,3.45,2.1,85.2,5.3,426.2,255.2,471.8,TRUE
53,Nam,5,8.025,5.5,1.6,3.45,2.1,89.2,4,426.2,29.2,29.4,FALSE
74,Nam,5.3,8.025,5.5,1.6,3.45,2.1,92.6,5.3,426.2,25.4,12.3,FALSE
81,Nam,5.1,8.025,5.5,1.6,3.45,2.1,102.5,5,426.2,17,11.9,FALSE
71,Nữ,6.2,8.025,5.5,1.6,3.45,2.1,86.8,3.6,426.2,24.1,13,FALSE
68,Nam,8.8,8.025,5.5,1.6,3.45,2.1,108.7,5.3,426.2,33.1,43.6,TRUE
49,Nữ,5.8,8.025,5.5,1.6,3.45,2.1,89.6,9.8,426.2,101.4,71,FALSE
37,Nam,3.7,8.025,5.5,1.6,3.45,2.1,99.5,5.3,426.2,16.9,19.5,FALSE
26,Nam,4.5,8.025,5.5,1.6,3.45,2.1,92.5,5.3,426.2,19.2,14.6,FALSE
60,Nam,4.8,8.025,5.7,1.6,3.45,2.4,85.2,5.3,426.2,22.5,16.8,FALSE
62,Nữ,5.7,8.025,4.7,1.6,3.45,2.5,85.2,5.3,426.2,20.4,25.9,FALSE
13,Nam,4.1,8.025,5.5,1.6,3.45,2.1,73.2,5.3,426.2,26,16.6,FALSE
69,Nam,5.6,8.025,5.5,1.6,3.45,2.1,82.2,5.3,426.2,18.2,14.1,FALSE
19,Nam,4,8.025,5.5,1.6,3.45,2.1,88.6,5.3,426.2,17.9,11.1,FALSE
33,Nam,4.5,8.025,5.5,1.6,3.45,2.1,97,5.3,426.2,24.9,20.7,FALSE
28,Nữ,5.6,8.025,5.5,1.6,3.45,2.1,83.4,6.6,426.2,23.5,30.9,FALSE
103,Nam,4,8.025,5.5,1.6,3.45,2.1,77.6,2.6,316.1,41.7,16.4,FALSE
86,Nữ,4.7,8.025,5.5,1.6,3.45,2.1,135.6,5.3,426.2,78.4,63.9,FALSE
38,Nam,4.1,8.025,5.5,1.6,3.45,2.1,87.5,5.3,426.2,20.2,23.4,FALSE
50,Nữ,4,8.025,5.5,1.6,3.45,2.1,88.4,5.3,426.2,23.7,20.9,FALSE
44,Nam,5.3,8.025,5.5,1.6,3.45,2.1,80.6,5.3,426.2,21.2,15.3,FALSE
70,Nữ,5.9,7.1,2.9,1.1,3.45,2,85.2,5.3,426.2,25,21.6,TRUE
65,Nam,6.9,7.3,4.6,1.4,3.45,2.6,85.2,5.3,426.2,25,21.6,TRUE
55,Nam,7.1,5.24,4.4,1.2,3.45,5.4,85.2,5.3,426.2,25,21.6,TRUE
38,Nam,7.2,8.025,5.5,1.6,3.45,2.1,64.9,5.3,426.2,25.3,20.7,TRUE
36,Nữ,3.9,8.025,5.5,1.6,3.45,2.1,82.4,5.3,426.2,20.8,28.5,FALSE
62,Nam,6.9,8.025,5.5,1.6,3.45,2.1,201.3,13.5,426.2,17,12.5,FALSE
34,Nam,5.1,8.025,6.2,1.6,3.45,7.1,86.7,5.6,426.2,14.6,13.6,FALSE
54,Nam,5.4,8.025,5.5,1.6,3.45,2.1,100.3,5.3,426.2,160.7,198,FALSE
24,Nữ,5.6,8.025,5.5,1.6,3.45,2.1,99.3,5.3,426.2,24.4,31.4,FALSE
57,Nam,5.6,8.025,4.6,1.6,3.45,2.2,116,9,528.2,24.6,21.9,FALSE
26,Nam,3.3,8.025,5.5,1.6,3.45,2.1,72.1,5.3,426.2,21.9,16.7,FALSE
40,Nam,4.5,8.025,5.5,1.6,3.45,2.1,81.4,5.3,426.2,29,18.4,FALSE
54,Nữ,4.8,8.025,5.5,1.6,3.45,2.1,103.8,5.3,426.2,28.4,24.7,FALSE
59,Nam,5.8,8.025,5.5,1.6,3.45,2.1,96.7,6.6,426.2,35.7,38.7,FALSE
54,Nữ,5.6,8.025,5.5,1.6,3.45,2.1,121.7,7.5,426.2,19.6,11.7,FALSE
40,Nữ,5.6,8.025,5.5,1.6,3.45,2.1,108.2,4.4,426.2,27.4,26.3,FALSE
32,Nam,5,8.025,5.5,1.6,3.45,2.1,83.2,5.3,426.2,18,19,FALSE
18,Nam,4.8,8.025,5.5,1.6,3.45,2.1,87.1,3.3,426.2,25,15.5,FALSE
68,Nữ,14.1,8.025,5.5,1.6,3.45,2.1,129,4.8,426.2,20.5,11.3,TRUE
41,Nam,4,8.025,5.5,1.6,3.45,2.1,84.2,5.3,426.2,27.9,20.1,FALSE
13,Nam,8.4,8.025,5.5,1.6,3.45,2.1,92.6,3.4,426.2,28.6,26.3,TRUE
72,Nam,7.9,8.025,6,1.6,3.45,1.2,135.7,5.8,426.2,43,26.1,TRUE
52,Nam,5.2,8.025,5.5,1.6,3.45,2.1,110.7,5.3,426.2,27.6,24.3,FALSE
72,Nam,5.3,8.025,6,1.6,3.45,1.3,143.9,5.3,426.2,31.1,24.1,FALSE
41,Nam,5.1,8.025,4.9,1.6,3.45,1,81.6,5.3,426.2,60.1,102.2,FALSE
17,Nam,4.6,8.025,5.5,1.6,3.45,2.1,71.5,5.3,426.2,17,8.5,FALSE
90,Nữ,7.9,8.025,5.5,1.6,3.45,2.1,130.5,5.5,426.2,21.8,11.5,TRUE
46,Nam,4.6,8.025,5.5,1.6,3.45,2.1,94.8,5.3,426.2,63.5,78.3,FALSE
20,Nữ,4.7,8.025,6,1.6,3.45,2.5,85.2,5.3,593.4,19.3,34.8,FALSE
61,Nữ,6.2,5.33,4.3,1.4,3.45,2.6,114.1,4.7,426.2,49.7,34.8,FALSE
72,Nam,5.7,8.025,4.1,1.1,3.45,2.8,85.2,3.6,426.2,26.7,32.9,FALSE
64,Nam,7.9,7.22,6.5,1.2,3.45,3.2,85.2,4.6,426.2,21.1,24.1,TRUE
66,Nam,6.3,8.75,5.5,1.6,3.45,2.1,91.3,4.9,426.2,17,21.4,TRUE
77,Nữ,5.7,8.025,5.5,1.6,3.45,2.1,108.9,6.7,426.2,16.8,19.8,FALSE
65,Nữ,9.7,8.025,6.3,1.6,3.45,5.8,160.6,8.2,426.2,25,21.6,TRUE
79,Nam,4.8,8.025,4.1,1.6,3.45,1.7,102.6,4.2,426.2,25.8,17.4,FALSE
60,Nam,6.5,8.025,7.7,1.6,3.45,2.4,70.2,7.5,426.2,15.2,37.2,FALSE
44,Nữ,7.1,8.025,5.5,1.6,3.45,2.1,95.2,5.3,426.2,23,21.4,TRUE
48,Nữ,5,8.025,4.4,1.2,3.45,1.5,90.3,6.3,266.2,35.2,30.9,FALSE
48,Nam,4.3,8.025,5.5,1.6,3.45,2.1,82.9,3.5,426.2,25.5,24.2,FALSE
76,Nam,4,8.025,5.8,2,3.45,1.1,77.3,5.9,426.2,18.6,15.4,FALSE
57,Nam,5.2,8.025,5.3,1.1,3.45,6.4,77,4.4,426.2,41.4,32.8,FALSE
64,Nữ,5.6,8.025,5.5,1.6,3.45,2.1,107.9,5.9,375,20.8,23.7,FALSE
16,Nữ,5.6,8.025,5.5,1.6,3.45,2.1,86.1,2.9,426.2,19.8,20.5,FALSE
15,Nam,3.8,8.025,5.5,1.6,3.45,2.1,83.8,5.3,426.2,75.2,34.9,FALSE
7,Nữ,5.6,8.025,5.5,1.6,3.45,2.1,77.3,4.1,426.2,35.6,35.7,FALSE
23,Nam,5.6,8.025,5.5,1.6,3.45,2.1,80.8,3.9,426.2,20.7,19.9,FALSE
52,Nam,5.5,8.025,5.8,1.6,3.45,1.6,91.4,5.3,426.2,24.9,18.9,FALSE
65,Nam,9.4,7.6,5.4,1.7,3.45,2.7,85.2,5.3,426.2,25,21.6,TRUE
28,Nữ,3.5,8.025,5.5,1.6,3.45,2.1,126.9,6.2,426.2,42.8,34.5,FALSE
56,Nam,4.3,8.025,5.5,1.6,3.45,2.1,87.4,3.5,329.5,23.6,21.8,FALSE
17,Nam,5.5,8.025,5.5,1.6,3.45,2.1,92.9,1.7,426.2,16.6,18.3,FALSE
24,Nữ,5.6,8.025,5.5,1.6,3.45,2.1,105.6,5.3,426.2,16.4,16,FALSE
63,Nữ,6.6,8.025,5.5,1.6,3.45,2.1,194.9,7,426.2,110.1,125.2,FALSE
1,Nữ,5.6,8.025,5.5,1.6,3.45,2.1,24.6,5,426.2,32.6,22,FALSE
32,Nam,4.7,8.025,4.8,1.6,3.45,0.9,85.2,5.3,426.2,26.5,35.3,FALSE
38,Nam,5.6,8.025,5.5,1.6,3.45,2.1,92.4,5.3,426.2,19.2,22.6,FALSE
4,Nam,5.5,8.025,5.5,1.6,3.45,2.1,59.4,2.8,426.2,31.1,14.1,FALSE
27,Nam,4.2,8.025,5.5,1.6,3.45,2.1,83.3,4.3,426.2,18.8,28.7,FALSE
80,Nam,10.6,8.025,10.8,1.6,3.45,22,150.8,7.7,426.2,16.5,16,TRUE
54,Nam,5.3,8.025,5.5,1.6,3.45,2.1,115.4,5.3,426.2,21.6,24.7,FALSE
32,Nữ,5.6,8.025,4.8,1.6,3.45,2.5,85.2,5.3,426.2,22.4,20,FALSE
23,Nam,4,8.025,5.5,1.6,3.45,2.1,71,5.3,426.2,13,12,FALSE
52,Nam,8.8,8.025,5.5,1.6,3.45,2.1,85.4,6.5,426.2,16.1,21.1,TRUE
15,Nữ,5,8.025,5.5,1.6,3.45,2.1,95.8,3,426.2,20.9,12,FALSE
32,Nam,5,8.025,5.5,1.6,3.45,2.1,94,2.9,426.2,30,24,FALSE
30,Nữ,4.4,8.025,5.5,1.6,3.45,2.1,112.1,3.8,426.2,36,37.2,FALSE
44,Nữ,3.7,6.39,6.9,1.7,3.45,1,116.5,5.2,426.2,65.5,37.8,FALSE
52,Nam,5.5,8.025,6.2,1.4,3.45,6.5,99.1,5.4,426.2,23.6,32.4,FALSE
59,Nữ,10,8.025,5.5,1.6,3.45,2.1,95.9,5.5,426.2,25,21.6,TRUE
84,Nữ,4.7,8.025,5.7,1.6,3.45,1.1,97.3,5.9,426.2,25.3,20.8,FALSE
50,Nam,4.3,8.025,5.5,1.6,3.45,2.1,86.5,5.3,426.2,16.8,18.7,FALSE
58,Nam,4,8.025,5.4,1.2,3.45,4.3,91.2,5.6,426.2,17.8,19.4,FALSE
54,Nam,5.2,8.025,5.5,1.6,3.45,2.1,88.9,5.3,426.2,27.7,27,FALSE
21,Nam,6,8.025,5.5,1.6,3.45,2.1,82.8,5.3,426.2,13.5,20,FALSE
58,Nữ,3.7,8.025,5.5,1.6,3.45,2.1,125.8,5.4,426.2,26.4,18.6,FALSE
30,Nữ,5.6,8.025,5.5,1.6,3.45,2.1,113.6,6.4,426.2,30.3,44.6,FALSE
45,Nam,4.6,8.025,5.2,1.6,3.45,0.9,93.6,5.3,426.2,18.3,16.8,FALSE
43,Nữ,5.8,8.025,5.5,1.6,3.45,2.1,102.6,5.3,426.2,38,22.6,FALSE
27,Nam,4.2,8.025,5.5,1.6,3.45,2.1,69.6,5.3,426.2,20.2,17.8,FALSE
63,Nam,4.2,8.025,5.5,1.6,3.45,2.1,109.9,5.3,426.2,31.7,29.9,FALSE
60,Nữ,3.7,8.025,5.5,1.6,3.45,2.1,204.4,14.2,426.2,53.9,69.7,FALSE
39,Nữ,4.8,8.025,5.5,1.6,3.45,2.1,103.8,2.6,426.2,25,21.6,FALSE
67,Nam,5.7,8.025,5.5,1.6,3.45,2.1,169.9,7.8,426.2,25,21.6,FALSE
80,Nam,4.5,8.025,5.6,1.7,3.45,0.6,101.2,4.8,426.2,29.2,14.6,FALSE
39,Nam,4.3,8.025,5.5,1.6,3.45,2.1,80,5.3,426.2,21.1,12.7,FALSE
1,Nữ,5,8.025,5.5,1.6,3.45,2.1,50,2,426.2,69,52,FALSE
59,Nam,3.2,8.025,5.5,1.6,3.45,2.1,96,4.2,426.2,24.4,15.2,FALSE
23,Nam,3.8,8.025,5.5,1.6,3.45,2.1,65.1,5.3,426.2,14.6,9.9,FALSE
46,Nam,7,8.025,5.6,1.6,3.45,5,86,5.3,426.2,25.4,21.6,TRUE
71,Nam,5.4,8.025,5.7,1.6,3.45,3.2,80.8,5.3,426.2,18.3,14.2,FALSE
34,Nam,5.6,8.025,5.5,1.6,3.45,2.1,108.5,5.3,426.2,22.9,19.2,FALSE
65,Nam,5.8,8.025,6.1,1.6,3.45,2.3,66.3,5.3,426.2,23.5,23,FALSE
44,Nam,4.5,8.025,4.9,1.6,3.45,0.6,85.2,5.3,426.2,20.7,28.7,FALSE
51,Nữ,5.6,8.025,11.3,1.6,3.45,0.7,85.2,5.3,426.2,25.1,19.3,FALSE
44,Nữ,4.9,8.025,5.5,1.6,3.45,2.1,102.6,5.3,426.2,17.4,20.9,FALSE
53,Nam,6.4,8.025,5.5,1.6,3.45,2.1,106.8,5.3,426.2,20.8,15.2,FALSE
57,Nữ,11,8.025,5.5,1.6,3.45,2.1,100.6,5.3,426.2,37.7,27.1,TRUE
57,Nam,4.4,8.025,5.5,1.6,3.45,2.1,74.4,5.3,426.2,28,12.8,FALSE
76,Nam,4.1,8.025,5.5,1.6,3.45,2.1,69.9,4.2,426.2,23.1,22.7,FALSE
52,Nam,6.7,8.025,5.5,1.6,3.45,2.1,99.1,7.7,426.2,20,28.3,FALSE
59,Nam,4.3,8.025,5.5,1.6,3.45,2.1,88.2,7.6,426.2,22.7,16.7,FALSE
66,Nam,10.5,8.025,5.5,1.6,3.45,2.1,99.4,7.5,426.2,31.2,31.9,TRUE
63,Nam,5.3,8.025,5.5,1.6,3.45,2.1,102.1,6,426.2,18.9,15.3,FALSE
48,Nam,5.5,8.025,5.5,1.6,3.45,2.1,96,2.8,426.2,49.6,39.3,FALSE
3,Nữ,3.7,8.025,5.5,1.6,3.45,2.1,56.5,3.8,426.2,41.4,15,FALSE
66,Nữ,9.1,8.025,6.9,1.5,3.45,3.7,89.8,7.1,426.2,36.2,79.2,TRUE
65,Nam,17.2,8.025,5.5,1.6,3.45,2.1,95.6,6.1,426.2,18.1,21.6,TRUE
66,Nữ,6.9,7.94,4.2,1,3.45,1.7,85.2,5.3,426.2,25,21.6,TRUE
70,Nam,5.8,8.025,5.2,1.6,3.45,5,85.2,5.3,426.2,25,21.6,FALSE
72,Nữ,6.6,8.025,6.1,1.4,3.45,5.1,85.2,5.3,426.2,25,21.6,FALSE
72,Nữ,11.5,8.025,5.5,1.6,3.45,2.1,108,6.4,426.2,25.9,21.1,TRUE
69,Nam,4.3,6.34,4.7,1.4,3.45,2.5,99.3,5.3,426.2,33.8,53.5,FALSE
64,Nữ,4.6,8.025,5.2,1.4,3.45,3.6,92.9,5.3,426.2,25,21.6,FALSE
64,Nữ,4.2,8.025,5.5,1.6,3.45,2.1,84.7,4.8,426.2,24.9,13.5,FALSE
59,Nữ,5.4,8.025,6.1,1.2,3.45,2.2,107,6.8,426.2,135.6,97.8,FALSE
70,Nam,4.4,8.025,4.7,1.2,3.45,3.3,108.3,8.1,426.2,17.7,20,FALSE
45,Nữ,4,8.025,5.5,1.6,3.45,2.1,113,6,426.2,41.9,30,FALSE
94,Nữ,7.2,8.025,5.5,1.6,3.45,2.1,177.9,7.3,426.2,35.6,12.8,TRUE
17,Nam,4.1,8.025,5.5,1.6,3.45,2.1,66.9,5.3,426.2,25.4,22.6,FALSE
69,Nam,3.9,8.025,5.5,1.6,3.45,2.1,92.2,5.3,426.2,17.4,12.4,FALSE
54,Nữ,9.9,8.025,4.2,1.1,3.45,4.5,85.2,5.3,426.2,25,21.6,TRUE
41,Nam,5.6,8.025,4.5,1.6,3.45,0.9,79,5.3,426.2,66.6,118.5,FALSE
66,Nam,3.7,8.025,5.5,1.6,3.45,2.1,91.6,4.2,426.2,22,16,FALSE
84,Nam,4.5,8.025,4.5,1.6,3.45,1.3,98,5.3,426.2,51.6,17.3,FALSE
33,Nam,4.1,8.025,5.5,1.6,3.45,2.1,95.1,5.3,426.2,18,20.6,FALSE
69,Nữ,6.2,6.03,5.5,1.6,3.45,2.1,122.8,8.4,426.2,21.7,28.1,FALSE
7,Nữ,5.6,8.025,5.5,1.6,3.45,2.1,37.3,5.3,426.2,28.2,15.1,FALSE
52,Nữ,4.6,8.025,6.5,1.6,3.45,1.4,150.8,5.3,426.2,48.6,37.7,FALSE
60,Nam,3.7,8.025,5.5,1.6,3.45,2.1,91,4.1,426.2,18.6,15.8,FALSE
29,Nữ,4.1,8.025,5.5,1.6,3.45,2.1,108.9,5.4,426.2,40.7,30.7,FALSE
40,Nam,5.6,8.025,5.5,1.6,3.45,2.1,90.9,2.9,426.2,22.3,20.6,FALSE
32,Nữ,5.6,8.025,5.5,1.6,3.45,2.1,154,5.3,426.2,31.1,37.8,FALSE
72,Nữ,6.6,8.025,5.5,1.6,3.45,2.1,103.7,5.9,426.2,31.5,17.1,FALSE
28,Nam,4.3,8.025,5.5,1.6,3.45,2.1,89.2,5.3,426.2,24.3,18.8,FALSE
56,Nam,3.8,8.025,5.5,1.6,3.45,2.1,83.7,6.6,426.2,24.1,29.2,FALSE
66,Nam,5,8.025,5.5,1.6,3.45,2.1,76.7,3.9,426.2,81.8,21.6,FALSE
40,Nữ,8.5,8.025,5.5,1.8,3.45,6,85.2,4,426.2,29,31,TRUE
36,Nam,7.6,8.025,5.5,1.6,3.45,2.1,81.5,5.3,426.2,14,12,TRUE
61,Nam,10.9,10.4,5.5,1.6,3.45,2.1,86.3,6,426.2,25,21.6,TRUE
51,Nam,4.3,8.025,5.5,1.6,3.45,2.1,91.1,5.3,426.2,19.6,14.2,FALSE
39,Nam,6.3,8.025,5.5,1.6,3.45,2.1,98,5.3,426.2,18.4,10.8,FALSE
13,Nữ,2.9,8.025,5.5,1.6,3.45,2.1,88,3.5,426.2,28.6,13.6,FALSE
19,Nam,3.9,8.025,5.5,1.6,3.45,2.1,77.9,5.3,426.2,21.6,16.1,FALSE
43,Nam,5.6,8.025,5.5,1.6,3.45,2.1,89.1,5.3,426.2,20.7,23.6,FALSE
24,Nam,5.6,8.025,5.5,1.6,3.45,2.1,92.4,5.5,426.2,22.7,21.7,FALSE
57,Nam,6.2,8.025,5.5,1.6,3.45,2.1,111.2,7.6,426.2,26.2,20,FALSE
54,Nữ,4.4,8.025,4.7,1.6,3.45,1,111.1,5.1,426.2,25.1,26,FALSE
72,Nam,5.4,8.025,5.5,1.6,3.45,2.1,79,3.8,426.2,36.2,18.9,FALSE
69,Nữ,5.4,8.025,4.8,1.6,3.45,5,130.5,5.8,655.7,24.6,21,FALSE
71,Nam,10,10.29,5.5,1.6,3.45,2.1,100.1,5.5,426.2,27.8,32,TRUE
51,Nam,5.2,8.025,5.9,1.3,3.45,2.5,84.3,4.4,426.2,18.4,13.1,FALSE
37,Nam,6.1,8.025,5.5,1.6,3.45,2.1,96.3,5.5,304,20.1,22.4,FALSE
4,Nữ,5.6,8.025,5.5,1.6,3.45,2.1,59.5,3.9,426.2,31.4,16.7,FALSE
20,Nam,5.3,8.025,5.5,1.6,3.45,2.1,66.4,5.3,426.2,27.3,30.1,FALSE
82,Nữ,6.9,8.025,5.5,1.6,3.45,2.1,115.3,4.5,426.2,32.7,39.7,FALSE
2,Nữ,7.1,8.025,5.5,1.6,3.45,2.1,70.5,5.2,426.2,34.3,20.1,TRUE
60,Nữ,8,8.025,5.5,1.6,3.45,2.1,110.7,5.3,474.2,20.6,20.7,TRUE
63,Nam,5.6,8.025,6.2,1.6,3.45,1.6,85.2,5.3,426.2,27.1,23.6,FALSE
72,Nam,5,8.025,5.5,1.6,3.45,2.1,85.2,5.3,426.2,26.4,27.9,FALSE
22,Nam,5.6,8.025,5.5,1.6,3.45,2.1,90,4,426.2,17.5,11.6,FALSE
68,Nam,6.3,8.025,5.5,1.6,3.45,2.1,111,8.6,426.2,15.4,12.8,FALSE
67,Nữ,6.2,8.025,8.1,1.6,3.45,4.8,126.2,4.6,544.2,30,36.8,FALSE
68,Nam,6.2,8.025,5.5,1.6,3.45,2.1,92.7,4.4,426.2,19,16.6,FALSE
39,Nam,5.6,8.025,5.5,1.6,3.45,2.1,85.2,5.3,426.2,23.8,27.1,FALSE
67,Nữ,11.4,12.43,5.1,1,3.45,2.6,85.2,5.3,426.2,25,21.6,TRUE
88,Nam,7.6,8.025,5.8,1.3,3.45,4,85.2,5.3,426.2,25,21.6,TRUE
78,Nam,4.1,7.13,6.5,1.5,3.45,6.1,85.2,5.3,426.2,25,21.6,TRUE
94,Nữ,5.4,8.025,5.5,1.6,3.45,2.1,85.2,5.3,426.2,22.6,16.1,FALSE
72,Nam,5,8.025,5.5,1.6,3.45,3.6,107.6,6.6,426.2,24.7,23.8,FALSE
61,Nam,8.9,8.58,5.9,1.5,3.45,4.3,105.5,7.8,426.2,25,21.6,TRUE
61,Nam,5.2,8.025,5.5,1.6,3.45,2.1,103.7,5.1,355.7,16.2,21.2,FALSE
65,Nam,5.3,8.025,5.5,1.6,3.45,2.1,103.4,4.7,362.2,23.5,22.7,FALSE
61,Nam,5.6,8.025,5.5,1.6,3.45,2.1,90.4,3.2,277,21.1,28.9,FALSE
69,Nữ,5.1,8.025,5.5,1.6,3.45,2.1,109.9,5.3,426.2,19.9,15.5,FALSE
57,Nam,6.5,8.025,5.5,1.6,3.45,2.1,107.3,5.3,426.2,20.9,19.5,FALSE
93,Nữ,7.9,8.025,5.5,1.6,3.45,2.1,168.3,11,426.2,23.4,13.5,TRUE
74,Nam,9.5,8.62,8,2.2,3.45,12.9,85.2,5.3,426.2,25,21.6,TRUE
54,Nữ,11,9.12,4.6,1.2,3.45,4.4,119.5,8,335.4,23.2,26.8,TRUE
75,Nam,5,6.42,7.8,1.6,3.45,1.8,106.8,3.5,379.5,19.6,13.9,FALSE
47,Nữ,5.2,8.025,5.5,1.6,3.45,2.1,105.4,3.5,426.2,35.4,20.7,FALSE
66,Nữ,4.9,8.025,3.4,1.6,3.45,1.3,179.3,9.4,426.2,30.6,19.5,FALSE
42,Nữ,6.3,8.025,5.5,1.6,3.45,2.1,109.8,5.3,426.2,88.7,57.7,FALSE
32,Nam,4.7,8.025,5.5,1.6,3.45,2.1,96.8,5.3,426.2,20.1,26.1,FALSE
36,Nam,4,8.025,5.5,1.6,3.45,2.1,100.5,5.3,426.2,18.2,12,FALSE
58,Nam,6.1,8.025,5.3,1.6,3.45,2,94.5,5.1,426.2,24.1,23.3,FALSE
87,Nam,4.8,8.025,5.5,1.6,3.45,2.1,112.9,5.9,426.2,42.6,27.5,FALSE
34,Nữ,4.6,8.025,5.5,1.6,3.45,2.1,115,5.3,426.2,20.7,25.3,FALSE
15,Nam,5.8,8.025,5.5,1.6,3.45,2.1,88.6,5.3,426.2,14.1,15,FALSE
66,Nam,7,8.025,5.5,1.6,3.45,2.1,98.6,4.9,426.2,47,47.8,TRUE
2,Nam,5,8.025,5.5,1.6,3.45,2.1,36.6,4.9,426.2,34,14.1,FALSE
1,Nam,6.1,8.025,5.5,1.6,3.45,2.1,41.4,2.7,426.2,21.9,13.6,FALSE
34,Nam,5.6,8.025,5.5,1.6,3.45,2.1,95.7,4,426.2,19.1,14.9,FALSE
28,Nam,5.4,8.025,5.5,1.6,3.45,2.1,66.1,5.3,426.2,14.9,18.7,FALSE
54,Nữ,3.6,8.025,5.5,1.6,3.45,2.1,124,5.3,426.2,39.3,57.4,FALSE
38,Nam,4.7,8.025,5.5,1.6,3.45,2.1,87.7,3.9,426.2,23.8,15.7,FALSE
41,Nam,10.6,8.025,5.5,1.6,3.45,2.1,103.9,4.8,426.2,13.5,16.9,TRUE
64,Nữ,4.3,8.025,5.5,1.6,3.45,2.1,110.9,5,426.2,19.1,16.9,FALSE
57,Nữ,6.4,8.025,6.3,1.6,3.45,6.6,85.2,5.3,426.2,25,21.6,FALSE
41,Nữ,5.6,8.025,5.5,1.6,3.45,2.1,112.7,4.7,426.2,41.9,19.6,FALSE
29,Nam,5.6,8.025,5.5,1.6,3.45,2.1,91.5,4.4,426.2,44.8,42.8,FALSE
46,Nam,3.9,8.025,5.5,1.6,3.45,2.1,89.3,5.1,426.2,26.7,19.7,FALSE
36,Nữ,6.4,8.025,4.5,1.6,3.45,2.4,85.2,5.3,508.7,50.4,71.2,FALSE
60,Nữ,6.1,8.025,5.5,1.6,3.45,2.1,121.7,5.3,426.2,58.7,61.5,FALSE
23,Nam,4.4,8.025,5.5,1.6,3.45,2.1,72.9,5.3,426.2,21.1,12.7,FALSE
29,Nam,5,8.025,5.5,1.6,3.45,2.1,72.5,5.3,426.2,25.5,15.9,FALSE
62,Nam,5.6,8.025,5.5,1.6,3.45,2.1,204.8,8.2,426.2,33.3,22.9,FALSE
42,Nữ,6,8.025,5.5,1.6,3.45,2.1,110.2,5.3,426.2,41,48.5,FALSE
12,Nam,4.5,8.025,5.5,1.6,3.45,2.1,64.3,3.5,426.2,38.4,26.6,FALSE
35,Nam,5.2,8.025,5.5,1.6,3.45,2.1,87.7,5.3,426.2,14.5,16.4,FALSE
52,Nam,5.1,8.025,5.5,1.6,3.45,2.1,95.3,5.3,426.2,18.2,14.5,FALSE
43,Nam,5.2,8.025,5.5,1.6,3.45,2.1,99.7,5.3,426.2,25.8,47.3,FALSE
42,Nam,5.2,8.025,5.5,1.6,3.45,2.1,96.1,5.3,426.2,23,18.9,FALSE
63,Nam,6.1,8.025,5.5,1.6,3.45,2.1,131.3,5.3,426.2,40.1,24,FALSE
68,Nữ,3.9,8.025,5.3,1.6,3.45,2.3,116.6,5.3,426.2,79.7,51.6,FALSE
83,Nam,5.5,8.025,5.5,1.6,3.45,2.1,76.8,4.3,426.2,30.7,12.3,FALSE
58,Nam,4.3,8.025,5.5,1.6,3.45,2.1,107,5.3,426.2,26.9,21.5,FALSE
56,Nữ,5.2,6.82,5.5,1.6,3.45,2.1,85.2,5.3,426.2,17.3,32.7,TRUE
68,Nam,5,8.025,5.5,1.6,3.45,2.1,93.5,5.9,255.7,21.9,17.8,FALSE
28,Nam,5.6,8.025,5.5,1.6,3.45,2.1,85.9,2.5,426.2,28,22.5,FALSE
86,Nam,4.1,8.025,6.1,1.8,3.45,1.8,98.9,6.4,426.2,25.6,15.6,FALSE
57,Nữ,8,8.025,5.5,1.6,3.45,2.1,84.5,3.3,426.2,28.7,27.2,TRUE
52,Nữ,6.2,8.025,5.5,1.6,3.45,2.1,94.7,5.3,426.2,15.6,18.7,FALSE
41,Nam,4.6,8.025,5.1,1.6,3.45,2,99.2,5.3,426.2,15.9,11.7,FALSE
11,Nam,4.3,8.025,5.5,1.6,3.45,2.1,63.1,5.3,426.2,29.5,22.8,FALSE
28,Nam,4.9,8.025,5.5,1.6,3.45,2.1,96,5.3,426.2,16.4,11.2,FALSE
56,Nam,5.7,8.025,6.6,1.6,3.45,2.3,85.2,5.3,426.2,28.1,23.5,FALSE
74,Nam,5.4,8.025,7.1,1.6,3.45,2.7,85.2,5.3,426.2,44.2,72.8,FALSE
37,Nam,3.2,8.025,5.5,1.6,3.45,2.1,70.6,5.3,426.2,15.8,11.6,FALSE
39,Nam,6.5,8.025,5.5,1.6,3.45,2.1,90.9,5.3,426.2,57.8,78.4,FALSE
29,Nam,4.6,8.025,5.5,1.6,3.45,2.1,93.8,5.3,426.2,27.9,20.2,FALSE
87,Nữ,4.1,8.025,5.5,1.6,3.45,2.1,100.3,5.4,426.2,38.1,32.9,FALSE
23,Nữ,3.3,8.025,5.5,1.6,3.45,2.1,108.6,5.3,426.2,49.4,73.8,FALSE
41,Nam,5.8,8.025,5.5,1.6,3.45,2.1,92,5.3,426.2,25.9,14,FALSE
2,Nữ,4.4,8.025,5.5,1.6,3.45,2.1,52.6,3.7,426.2,54.5,17.2,FALSE
39,Nam,5.7,8.025,5.2,1.6,3.45,1.8,95.3,4.6,426.2,43.3,65.1,FALSE
62,Nam,7.3,8.025,6.8,1.6,3.45,2.1,104,5.8,426.2,32.2,32.4,TRUE
66,Nam,5.2,8.025,5.4,1.9,3.45,0.8,85.2,5.1,426.2,20.5,22.9,FALSE
72,Nam,5.1,8.025,5.6,1.6,3.45,2.6,86.1,5.2,426.2,24.6,20.2,FALSE
65,Nam,4.9,6.71,5.9,1.8,3.45,0.8,85.2,5.3,426.2,25,21.6,TRUE
79,Nam,4.5,8.025,5.5,1.6,3.45,2.1,134.3,9.1,426.2,70.1,72.6,FALSE
66,Nam,6.7,8.025,5.5,1.6,3.45,2.1,129.1,9.3,426.2,23.3,24.1,FALSE
53,Nữ,9.1,8.025,5.5,1.6,3.45,2.1,85.2,5.3,426.2,137,106.9,TRUE
39,Nam,4.4,8.025,5.5,1.6,3.45,2.1,72.3,5.3,426.2,14.2,13.5,FALSE
45,Nam,5.6,8.025,5.5,1.6,3.45,2.1,85.2,5.3,245.7,27.2,29.8,FALSE
67,Nam,6.7,6.56,5.5,1.6,3.45,2.1,90.6,3.4,426.2,25,21.6,TRUE
76,Nam,7.4,8.025,5.5,1.6,3.45,2.1,134.8,5.3,426.2,20.5,12.6,TRUE
55,Nam,4.9,8.025,6.8,1.6,3.45,13.4,111.6,5.2,426.2,34.3,40.1,FALSE
62,Nữ,7.8,8.025,5.5,1.6,3.45,2.1,106.9,3.2,426.2,48.9,33.6,TRUE
3,Nữ,4.3,8.025,5.5,1.6,3.45,2.1,62.7,5.3,426.2,33,13.8,FALSE
77,Nữ,27.3,8.025,5.5,1.6,3.45,2.1,213,11.6,426.2,37.7,69.7,TRUE
49,Nữ,6,8.025,5.5,1.6,3.45,2.1,120.5,4,426.2,54.7,40.1,FALSE
34,Nam,6.6,8.025,5.5,1.6,3.45,2.1,78.3,5,426.2,16.8,15.1,FALSE
82,Nữ,4.8,8.025,5.5,1.6,3.45,2.1,135.6,5.3,426.2,31.4,35,FALSE
62,Nữ,8.2,8.025,5.5,1.6,3.45,2.1,96.2,6.9,426.2,21.4,18.4,TRUE
30,Nam,5.1,8.025,5.5,1.6,3.45,2.1,76.8,5.3,426.2,32.6,25.6,FALSE
42,Nam,13.6,8.025,5.5,1.6,3.45,2.1,79.6,4,426.2,15.1,18.6,TRUE
16,Nam,4.2,8.025,5.5,1.6,3.45,2.1,91.5,5.3,426.2,18.6,9.8,FALSE
22,Nam,4.4,8.025,5.5,1.6,3.45,2.1,87.9,3.5,426.2,25.9,15.3,FALSE
62,Nam,5.5,8.025,5.5,1.6,3.45,2.1,91.1,5.3,426.2,44.5,53.3,FALSE
8,Nam,18.9,8.025,5.5,1.6,3.45,2.1,85.4,3.7,426.2,30.8,25.2,TRUE
72,Nam,6.8,8.025,5.5,1.6,3.45,2.1,99.7,3.2,426.2,22.9,19.1,FALSE
64,Nam,5.3,8.025,4.8,1.6,3.45,4.2,88.6,6,426.2,37.2,39.5,FALSE
51,Nữ,18.8,8.025,5.5,1.6,3.45,2.1,125.2,5.4,426.2,166.8,228.6,TRUE
21,Nam,6.4,8.025,5.5,1.6,3.45,2.1,97.9,3.2,426.2,13.6,9.3,FALSE
36,Nam,5.3,8.025,5.5,1.6,3.45,2.1,88.3,5.3,426.2,25.3,19.3,FALSE
36,Nam,5.3,8.025,5.5,1.6,3.45,2.1,63,2.7,426.2,19.5,15.8,FALSE
59,Nữ,4,8.025,5.7,1.3,3.45,4.5,91.8,5.6,426.2,24.7,25.4,FALSE
64,Nam,7.9,8.025,5.5,1.6,3.45,2.1,98.7,5.5,426.2,20.5,30.1,TRUE
36,Nữ,5.6,8.025,5.5,1.6,3.45,2.1,112.5,4.7,426.2,43.2,48.4,FALSE
39,Nam,5.6,8.025,5.5,1.6,3.45,2.1,104,5.3,426.2,32.2,28.2,FALSE
49,Nữ,8.1,8.025,5.5,1.6,3.45,2.1,111.1,5.3,426.2,84,110.8,TRUE
52,Nữ,6,8.025,5.5,1.6,3.45,2.1,96.1,6.3,426.2,29,25,FALSE
28,Nam,3.8,8.025,5.5,1.6,3.45,2.1,60,4.3,426.2,27.6,29.2,FALSE
80,Nam,5.9,8.025,5.5,1.6,3.45,2.1,88.9,2.5,426.2,24.2,11.4,FALSE
34,Nam,3.8,8.025,5.5,1.6,3.45,2.1,77.3,5.3,426.2,29.9,24.2,FALSE
58,Nữ,14.1,8.025,5.5,1.6,3.45,2.1,121,5.5,426.2,35.8,36.8,TRUE
57,Nữ,6.7,8.025,5.5,1.6,3.45,2.1,87.9,5.6,426.2,46.8,25,FALSE
49,Nam,7.8,8.025,5.5,1.6,3.45,2.1,79.3,3.6,426.2,70.2,122.7,TRUE
46,Nam,6.7,8.025,5.5,1.6,3.45,2.1,101,4.4,426.2,86.3,73.5,FALSE
57,Nam,5.7,8.025,5.5,1.6,3.45,2.1,89,3.6,426.2,29.5,18.9,FALSE
1,Nam,5.2,8.025,5.5,1.6,3.45,2.1,39.8,4.1,426.2,181.9,110.6,FALSE
37,Nữ,6.5,8.025,5.5,1.6,3.45,2.1,100.8,5.3,426.2,22.9,27.7,FALSE
58,Nữ,7.4,8.025,5.5,1.6,3.45,2.1,72.1,5.8,426.2,60,16.1,TRUE
67,Nam,9.4,8.025,5.5,1.6,3.45,2.1,122.5,4.6,426.2,26,20.1,TRUE
21,Nữ,5.6,8.025,5.5,1.6,3.45,2.1,95.9,5.3,426.2,16.1,18.3,FALSE
34,Nữ,6.1,8.025,5.5,1.6,3.45,2.1,105.1,5.3,426.2,25.8,21.5,FALSE
19,Nam,6.3,8.025,5.5,1.6,3.45,2.1,72.3,5.3,426.2,17.2,13,FALSE
37,Nam,4,8.025,5.5,1.6,3.45,2.1,61.4,5.3,426.2,14,13,FALSE
50,Nữ,4.1,8.025,5.5,1.6,3.45,2.1,117.4,3,426.2,439.6,186.3,FALSE
36,Nữ,3.7,8.025,5.5,1.6,3.45,2.1,103.2,7.7,426.2,29.1,62.6,FALSE
64,Nữ,5.1,8.025,5.5,1.6,3.45,2.1,377.1,24.8,426.2,23.3,18.7,FALSE
54,Nam,6.8,8.025,5.5,1.6,3.45,2.1,114.4,2.7,426.2,25.4,21.7,FALSE
3,Nữ,4.1,8.025,5.5,1.6,3.45,2.1,58.1,4,426.2,68.7,47.8,FALSE
16,Nam,3.4,8.025,5.5,1.6,3.45,2.1,78.8,5.3,426.2,22.9,13.4,FALSE
22,Nam,3.9,8.025,5.5,1.6,3.45,2.1,71.4,5.3,426.2,19.5,13,FALSE
34,Nam,5.2,8.025,5.5,1.6,3.45,2.1,75.3,2.5,426.2,21.3,21.5,FALSE
26,Nam,3.9,8.025,5.5,1.6,3.45,2.1,71.8,5.3,426.2,34.2,25.7,FALSE
56,Nữ,5.2,8.025,5.5,1.6,3.45,2.1,98.2,4.2,426.2,79,62.6,FALSE
39,Nam,5.5,8.025,5.5,1.6,3.45,2.1,102.6,3.2,426.2,60.3,51.5,FALSE
88,Nam,5.9,8.025,4.5,1.6,3.45,1.7,115.3,5.2,426.2,28.3,13,FALSE
21,Nam,6.4,8.025,5.5,1.6,3.45,2.1,93.8,5.3,426.2,94.6,261,FALSE
62,Nữ,8.3,8.025,5.5,1.6,3.45,2.1,105.7,5.7,426.2,39.3,32.1,TRUE
4,Nữ,5.6,8.025,5.5,1.6,3.45,2.1,45,3.5,426.2,39.6,20,FALSE
19,Nam,7.7,8.025,5.5,1.6,3.45,2.1,64.9,5.3,426.2,22.3,13.6,TRUE
30,Nam,3.9,8.025,5.5,1.6,3.45,2.1,84.7,5.3,426.2,22.4,14.4,FALSE
53,Nam,4.5,8.025,5.5,1.6,3.45,2.1,91.8,4.2,426.2,25.2,20.1,FALSE
67,Nam,4.1,8.025,5.5,1.6,3.45,2.1,101.1,5.6,426.2,26.6,25,FALSE
24,Nam,4.1,8.025,5.5,1.6,3.45,2.1,78.9,5.3,426.2,16,15.4,FALSE
51,Nam,8,8.025,5.5,1.6,3.45,2.1,91.4,6.2,426.2,24.5,12.9,TRUE
56,Nữ,5.6,8.025,5.5,1.6,3.45,2.1,85.2,6.9,529.4,24,23.5,FALSE
4,Nam,5.6,8.025,5.5,1.6,3.45,2.1,66,4.4,426.2,33,15.4,FALSE
25,Nữ,6.4,8.025,5.5,1.6,3.45,2.1,97.4,5.3,426.2,31.6,44.7,FALSE
64,Nam,4.3,8.025,5.5,1.6,3.45,2.1,87.8,3.7,426.2,21.6,17.2,FALSE
21,Nam,5.4,8.025,5.5,1.6,3.45,2.1,87.3,6.2,426.2,24.4,22.7,FALSE
33,Nữ,5.6,8.025,5.5,1.6,3.45,2.1,114.9,5.4,426.2,41.3,77.2,FALSE
58,Nam,17.7,8.025,6.1,1.6,3.45,5.9,85.2,5.3,426.2,25,21.6,TRUE
51,Nữ,4.5,8.025,4.5,1.1,3.45,0.7,113.3,4.6,442.4,27.2,24.7,FALSE
33,Nữ,6.1,8.025,5.5,1.6,3.45,2.1,106.4,5.3,426.2,25.2,29.1,FALSE
60,Nữ,5.3,8.025,5.5,1.6,3.45,2.1,85.9,5.3,426.2,30,31.9,FALSE
89,Nữ,5.3,8.025,5.5,1.6,3.45,2.1,108.8,4.2,426.2,23.3,14.1,FALSE
51,Nam,4.9,8.025,5.5,1.6,3.45,2.1,102,6,426.2,24.5,12.9,FALSE
60,Nữ,5.7,8.025,5.5,1.6,3.45,2.1,88.8,8.4,363.2,15.9,24.5,FALSE
73,Nam,5,8.025,8.5,1.6,3.45,2,85.2,5.3,426.2,22.8,16.9,FALSE
25,Nữ,4.7,8.025,5.5,1.6,3.45,2.1,96.9,5.3,426.2,26.5,31.5,FALSE
50,Nam,4.2,8.025,5.5,1.6,3.45,2.1,71.4,5.3,426.2,17.3,10.8,FALSE
64,Nữ,6.6,8.025,5.5,1.6,3.45,2.1,104.7,6,426.2,28.6,25.3,FALSE
14,Nữ,5.8,8.025,5.5,1.6,3.45,2.1,82.4,5.3,426.2,26.5,25.5,FALSE
53,Nam,9,8.025,5.5,1.6,3.45,2.1,83.8,5.3,426.2,29.7,38.5,TRUE
15,Nam,6.9,8.025,5.5,1.6,3.45,2.1,82.5,5.3,426.2,20.1,15.1,FALSE
26,Nam,3.3,8.025,5.5,1.6,3.45,2.1,73.3,5.3,426.2,21.6,14,FALSE
16,Nam,4.2,8.025,5.5,1.6,3.45,2.1,70.7,5.3,426.2,21.9,12,FALSE
22,Nam,5.6,8.025,5.5,1.6,3.45,2.1,75.8,5.3,426.2,23.6,16.2,FALSE
60,Nam,5.2,8.025,5.5,1.6,3.45,2.1,114,5.4,426.2,23.5,31,FALSE
62,Nam,4.1,8.025,4.7,1.1,3.45,2.3,102.4,5.3,426.2,25,21.6,FALSE
44,Nữ,4.7,8.025,5.5,1.6,3.45,2.1,571.2,30.1,426.2,25,21.6,FALSE
65,Nam,4.7,8.025,5.5,1.6,3.45,2.1,79.4,10.1,426.2,17.2,11.3,FALSE
41,Nam,5.6,8.025,5.5,1.6,3.45,2.1,695.9,17.2,426.2,34.9,34.3,FALSE
44,Nam,3.7,8.025,4.7,1.6,3.45,2.7,769.5,22.3,426.2,46.5,76.9,FALSE
19,Nam,5.6,8.025,5.5,1.6,3.45,2.1,83.6,5.3,426.2,16.3,12.5,FALSE
52,Nam,4.9,8.025,4.8,1.6,3.45,1.8,85.8,5.3,426.2,19.5,11.5,FALSE
82,Nữ,4.7,8.025,5.5,1.6,3.45,2.1,85.2,6.6,426.2,33.8,29.2,FALSE
40,Nam,14.5,8.025,5.5,1.6,3.45,2.1,90.4,3.5,426.2,25,21.6,TRUE
50,Nữ,4.5,8.025,5.5,1.6,3.45,2.1,85.2,8.2,426.2,14.5,33.5,FALSE
32,Nam,5.4,8.025,5.5,1.6,3.45,2.1,81,5.3,426.2,19,22.7,FALSE
48,Nữ,5,8.025,5.5,1.6,3.45,2.1,112.1,5.3,426.2,33.4,22.4,FALSE
36,Nam,5.6,8.025,5.5,1.6,3.45,2.1,93.3,5.3,426.2,15.1,15.7,FALSE
70,Nam,5.7,8.025,5.8,1.6,3.45,2.4,106,5.3,531.7,20.2,19.4,FALSE
26,Nam,5.6,8.025,6.6,1.6,3.45,1.7,85.2,5.3,426.2,43.5,18.1,FALSE
51,Nữ,4.9,8.025,4.1,1.6,3.45,1,85.2,5.3,426.2,94.8,102.2,FALSE
60,Nữ,4,8.025,7.5,1.6,3.45,1.4,85.2,5.3,888,53,75,FALSE
51,Nam,5.3,8.025,5.9,1.6,3.45,0.7,85.2,5.3,426.2,34,36.3,FALSE
50,Nam,5.2,8.025,8.4,1.6,3.45,1.7,94.4,5.3,426.2,32.3,38.2,FALSE
46,Nữ,18,8.025,5.5,1.6,3.45,2.1,87.9,5.3,426.2,60.5,125.5,TRUE
31,Nam,3.8,8.025,5.5,1.6,3.45,2.1,72.1,2.8,426.2,16,10.7,FALSE
52,Nam,4.9,8.025,5.5,1.6,3.45,2.1,85.1,4.8,426.2,24.1,17.3,FALSE
49,Nữ,3,8.025,5.5,1.6,3.45,2.1,64,2.4,426.2,236.2,147.7,FALSE
45,Nam,5.6,8.025,5.5,1.6,3.45,2.1,84.1,3.5,426.2,26.4,9.2,FALSE
64,Nữ,5.3,8.025,4.9,2.2,3.45,0.7,111.3,9.1,405.2,34.1,88.4,FALSE
25,Nữ,7.3,8.025,5.5,1.6,3.45,2.1,95.9,7.9,426.2,30.3,29.8,TRUE
74,Nam,4.9,8.025,6.2,2.2,3.45,0.8,94.4,5.9,259,23.5,16.7,FALSE
59,Nam,6.4,8.025,5.5,1.4,3.45,1.7,93,7,426.2,22.7,32,FALSE
46,Nữ,5.6,8.025,5.5,1.6,3.45,2.1,94.9,5.3,426.2,21.2,25.2,FALSE
59,Nam,5.3,8.025,7.6,1.6,3.45,0.9,85.2,5.3,426.2,25,21.6,FALSE
21,Nam,3.8,8.025,5.5,1.6,3.45,2.1,65,5.3,426.2,14.2,9.6,FALSE
80,Nữ,5.1,8.025,5.5,2.5,3.45,0.8,85.9,5.5,426.2,27.6,27.6,FALSE
62,Nữ,5.6,8.025,5.5,1.6,3.45,2.1,113.6,8.9,508.6,50.2,69.9,FALSE
69,Nữ,6.5,8.025,5.5,1.6,3.45,2.1,131.8,5.2,585,24,23.7,FALSE
68,Nữ,6.3,8.025,6.7,1.6,3.45,5.3,102,6.3,519,25,21.6,FALSE
69,Nữ,16,8.025,7.2,2,3.45,4.3,107.1,4,413.6,16.2,19.8,TRUE
36,Nam,4.9,8.025,5.5,1.6,3.45,2.1,76.7,5.3,426.2,17.2,12,FALSE
20,Nam,3.1,8.025,5.5,1.6,3.45,2.1,63.5,5.3,426.2,16.2,11.7,FALSE
56,Nam,5.6,8.025,5.5,1.6,3.45,2.1,95.2,4.4,426.2,28.1,34.4,FALSE
72,Nam,6.3,8.025,7.8,1.6,3.45,5.7,85.2,5.3,426.2,25,21.6,FALSE
44,Nam,11.8,8.025,6,1.8,3.45,1.1,85.2,5.3,426.2,25,21.6,TRUE
56,Nam,10,8.025,6.4,1.6,3.45,1.7,85.2,5.3,426.2,25,21.6,TRUE
57,Nữ,8.1,8.025,4,1.6,3.45,2.2,80.1,3.4,426.2,26.7,11.6,TRUE
64,Nam,10.5,8.025,5.5,1.6,3.45,2.1,100.9,6.9,426.2,25,21.6,TRUE
39,Nam,3.5,8.025,4.4,2.3,3.45,1.4,72.5,3.5,426.2,17.6,15.4,FALSE
73,Nam,5.7,8.025,7.2,1.6,3.45,4.3,90.9,5.3,426.2,27,18.4,FALSE
35,Nam,4.9,8.025,5.5,1.6,3.45,2.1,92,5.3,426.2,29.2,26.4,FALSE
48,Nam,4.9,8.025,5.3,1.6,3.45,1.3,86.2,5.3,426.2,26,21,FALSE
41,Nữ,6,8.025,5.5,1.6,3.45,2.1,98,5.2,426.2,126,98,FALSE
38,Nam,4.3,8.025,5.5,1.6,3.45,2.1,100.8,5.3,426.2,20.6,15.3,FALSE
68,Nam,5.3,8.025,5.5,1.6,3.45,2.1,102.6,7.9,426.2,25,21.6,FALSE
22,Nữ,4.8,8.025,5.5,1.6,3.45,2.1,115.6,5.2,426.2,29.2,23.9,FALSE
16,Nam,6.4,8.025,5.5,1.6,3.45,2.1,84.9,5.3,426.2,17.4,18.7,FALSE
61,Nam,4.2,8.025,5.5,1.6,3.45,2.1,99,6.8,426.2,34.6,21.1,FALSE
78,Nam,6.4,8.025,3.8,1.1,3.45,2.4,81.7,8.1,426.2,20,20.3,FALSE
23,Nam,5.6,8.025,5.5,1.6,3.45,2.1,97.5,6.2,426.2,21.7,14.4,FALSE
67,Nam,5.1,8.025,6.1,2.3,3.45,1.3,97.5,5,426.2,18.4,14.3,FALSE
60,Nữ,11.9,8.025,7,1.5,3.45,1.8,85.2,5.3,426.2,25,21.6,TRUE
19,Nữ,5.6,8.025,5.5,1.6,3.45,2.1,118.8,5.5,426.2,29.9,20.1,FALSE
27,Nam,5,8.025,5.5,1.6,3.45,2.1,72.4,5.3,426.2,18.9,15.5,FALSE
34,Nam,3.8,8.025,5.5,1.6,3.45,2.1,62.5,5.3,426.2,18.8,16,FALSE
62,Nam,3,8.025,5.5,1.6,3.45,2.1,85.2,6.1,426.2,24.5,29.2,FALSE
34,Nữ,5,8.025,8.5,1.6,3.45,5.2,85.2,5.3,496.4,33.1,57.5,FALSE
71,Nữ,6,8.025,5.5,1.6,3.45,2.1,99.5,5.3,426.2,35.7,34.3,FALSE
66,Nam,3.9,8.025,5.5,1.6,3.45,2.1,91,5.3,426.2,23,19,FALSE
65,Nữ,7.1,8.025,5.5,1.6,3.45,2.1,194.4,12.5,716.1,17.9,11.3,TRUE
64,Nữ,8.8,8.025,5,1.4,3.45,4.7,85.2,5.3,426.2,25,21.6,TRUE
50,Nữ,5.6,8.025,7,1.6,3.45,2.6,99,5.8,426.2,97.9,73,FALSE
38,Nam,4.4,8.025,5.5,1.6,3.45,2.1,87.2,5.3,426.2,22.1,13.5,FALSE
55,Nữ,3.2,8.025,5.5,1.6,3.45,2.1,85.2,4.8,426.2,28.4,27.9,FALSE
20,Nữ,5.6,8.025,5.5,1.6,3.45,2.1,108.7,5.3,426.2,24,28.5,FALSE
31,Nữ,5.1,8.025,4.4,1.6,3.45,1.5,85.2,5.3,426.2,25.7,29.4,FALSE
52,Nam,5.5,8.025,5,1.6,3.45,5.8,90.5,5.3,426.2,32.6,39.6,FALSE
52,Nữ,5.5,8.025,5.5,1.6,3.45,2.1,122,4.7,426.2,24.8,10.7,FALSE
37,Nam,4.8,8.025,6.4,1.6,3.45,0.9,85.2,5.3,255.6,16.4,16.9,FALSE
40,Nam,5.1,8.025,4.9,1.6,3.45,1.1,85.2,5.3,426.2,30.9,20.4,FALSE
37,Nữ,5.2,8.025,6.1,1.6,3.45,1,109.6,2.9,528.4,16.5,17.5,FALSE
51,Nam,4.8,8.025,5.2,1.6,3.45,2,91.3,4.2,426.2,38.7,23.5,FALSE
38,Nữ,5.8,8.025,18.5,1.6,3.45,30.1,77.2,7.5,426.2,38,30.2,FALSE
20,Nam,4.3,8.025,5.5,1.6,3.45,2.1,58.9,5.3,426.2,18.2,12.4,FALSE
37,Nữ,7.4,8.025,5.5,1.6,3.45,2.1,82.1,5.3,426.2,28.9,31.3,TRUE
38,Nữ,7.2,8.025,5.5,1.6,3.45,2.1,121.1,5.3,426.2,16.6,16.5,TRUE
36,Nam,7.2,8.025,5.5,1.6,3.45,2.1,101.7,5.3,426.2,20.5,10.4,TRUE
80,Nữ,8.6,8.025,5.5,1.6,3.45,2.1,100.4,7.3,426.2,29,27.8,TRUE
87,Nam,3.1,8.025,5.5,1.6,3.45,2.1,76.8,4.9,426.2,17.9,9.4,FALSE
67,Nam,5,8.025,6.6,2.2,3.45,0.8,70.1,4.7,426.2,29,19.3,FALSE
66,Nữ,5.9,8.025,7.6,2,3.45,7.4,114.5,7.7,655.1,33.9,21.7,FALSE
63,Nữ,5.6,8.025,5.5,1.6,3.45,2.1,117.1,5.8,426.2,99.2,82.1,FALSE
33,Nam,5.6,8.025,5.5,1.6,3.45,2.1,77.5,3.9,426.2,24.4,27.4,FALSE
72,Nữ,5.1,8.025,5.7,1.6,3.45,1.1,136.2,8.3,426.2,36.5,12.5,FALSE
20,Nữ,5.6,8.025,5.5,1.6,3.45,2.1,99.1,6.4,426.2,17.3,12.3,FALSE
46,Nữ,10.3,8.025,7.9,1.8,3.45,9.1,85.2,5.3,364.8,25,21.6,TRUE
31,Nam,5.6,8.025,5.5,1.6,3.45,2.1,70.5,5.3,426.2,17.2,11.3,FALSE
21,Nam,4.4,8.025,5.5,1.6,3.45,2.1,72.1,5.3,426.2,16.4,11.7,FALSE
33,Nam,4.6,8.025,5.5,1.6,3.45,2.1,91.3,5.1,426.2,31.8,30.7,FALSE
76,Nam,6,8.025,5.5,1.6,3.45,2.1,97.8,5.3,426.2,23.1,20.6,FALSE
53,Nữ,7.9,8.025,4.1,1.6,3.45,1.9,140.7,8.3,729.5,416.8,534.1,TRUE
20,Nữ,6.1,8.025,5.5,1.6,3.45,2.1,87.9,3.8,426.2,12.8,14.7,FALSE
36,Nam,5.4,8.025,5.5,1.6,3.45,2.1,88.1,5.3,426.2,17.4,14.6,FALSE
12,Nữ,5.1,8.025,5.5,1.6,3.45,2.1,79.2,4.6,426.2,29,20.4,FALSE
52,Nam,7,8.025,5.5,1.6,3.45,2.1,418.8,26.1,426.2,77.8,39.4,TRUE
34,Nam,3.8,8.025,5.5,1.6,3.45,2.1,83.9,5.3,426.2,34.6,15.2,FALSE
52,Nam,4.8,8.025,5.5,1.6,3.45,2.1,99.5,5,426.2,46,48.1,FALSE
15,Nam,5.6,8.025,5.5,1.6,3.45,2.1,89.9,3.5,426.2,341.1,254.6,FALSE
62,Nữ,8,8.025,5.5,1.6,3.45,2.1,100.3,19.8,426.2,71.9,54,TRUE
20,Nam,4,8.025,5.5,1.6,3.45,2.1,80.1,5.3,426.2,13.9,12.3,FALSE
94,Nữ,7.1,8.025,5.5,1.6,3.45,2.1,128.2,7.3,426.2,27.9,17.8,TRUE
63,Nữ,7.6,8.025,5.5,1.6,3.45,2.1,106.6,5.3,426.2,38.1,32,TRUE
32,Nữ,7.5,8.025,5.5,1.6,3.45,2.1,125.3,5.3,426.2,299,383.8,TRUE
87,Nữ,4,8.025,5.5,1.6,3.45,2.1,92.2,8.4,426.2,28,49.3,FALSE
13,Nữ,6.8,8.025,5.5,1.6,3.45,2.1,83.7,5.3,426.2,25.9,12.1,FALSE
48,Nữ,5,8.025,5.5,1.6,3.45,2.1,128.2,5.3,426.2,38.3,35,FALSE
66,Nam,7.2,8.025,5.5,1.6,3.45,2.1,81.8,5.3,426.2,22.7,24.6,TRUE
15,Nam,5,8.025,5.5,1.6,3.45,2.1,86.1,3.9,426.2,24.3,18,FALSE
70,Nam,5.9,8.025,5.5,1.6,3.45,2.1,144,11,426.2,27.7,17.2,FALSE
83,Nam,7.4,8.025,5.5,1.6,3.45,2.1,101.1,4.4,426.2,19.7,18.2,TRUE
31,Nam,4.2,8.025,5.5,1.6,3.45,2.1,76,5.3,426.2,25,18,FALSE
67,Nữ,5.1,8.025,5.5,1.6,3.45,2.1,116,5,426.2,15.5,11.3,FALSE
31,Nam,4.5,8.025,5.5,1.6,3.45,2.1,68,5.3,426.2,20.3,22.2,FALSE
25,Nam,5.6,8.025,5.5,1.6,3.45,2.1,86,5.5,426.2,22.3,16.1,FALSE
62,Nam,11.7,8.025,5.5,1.6,3.45,2.1,94.9,5.5,426.2,25.1,26.2,TRUE
27,Nam,6.4,8.025,5.5,1.6,3.45,2.1,97.5,5.3,426.2,23,27.7,FALSE
1,Nữ,13.7,8.025,5.5,1.6,3.45,2.1,41.3,2.8,426.2,26,23,TRUE
3,Nam,20.7,8.025,5.5,1.6,3.45,2.1,60.8,4.6,426.2,27.3,11.3,TRUE
13,Nam,5,8.025,5.5,1.6,3.45,2.1,67.7,5.3,426.2,48.1,24,FALSE
9,Nữ,5.4,8.025,5.5,1.6,3.45,2.1,59.9,5.3,426.2,38.6,31.2,FALSE
28,Nam,4.7,8.025,5.5,1.6,3.45,2.1,69,5.3,426.2,26,13,FALSE
25,Nam,4.4,8.025,5.5,1.6,3.45,2.1,96,2.8,426.2,17.1,15.5,FALSE
52,Nam,5.1,8.025,5.5,1.6,3.45,2.1,84.6,5.3,426.2,54,43.6,FALSE
24,Nam,5.6,8.025,5.5,1.6,3.45,2.1,67.8,2.9,426.2,44.6,48,FALSE
62,Nữ,5.3,8.025,3.6,1.6,3.45,1.8,95.8,5.3,426.2,51.4,22.7,FALSE
2,Nữ,5.6,8.025,5.5,1.6,3.45,2.1,37.7,3.1,426.2,50.4,32.4,FALSE
44,Nam,6.2,8.025,5.5,1.6,3.45,2.1,84,5.8,426.2,17.5,22.5,FALSE
23,Nam,5.6,8.025,5.5,1.6,3.45,2.1,79.1,5.3,426.2,22.3,18.9,FALSE
61,Nam,8.2,8.025,5.5,1.6,3.45,2.1,96.8,5.9,426.2,26.9,23.4,TRUE
52,Nam,5.9,8.025,5.5,1.6,3.45,2.1,88,4.1,426.2,39.2,36.4,FALSE
2,Nữ,4.4,8.025,5.5,1.6,3.45,2.1,46.6,5.3,426.2,43.8,23,FALSE
39,Nam,6.1,8.025,5.5,1.6,3.45,2.1,89.7,5.3,426.2,42.5,61.5,FALSE
28,Nam,5.6,8.025,5.5,1.6,3.45,2.1,83.9,5.3,426.2,18.2,13.2,FALSE
35,Nam,4.8,8.025,5.5,1.6,3.45,2.1,92.6,7.2,426.2,26.5,19.2,FALSE
23,Nữ,5,8.025,5.5,1.6,3.45,2.1,111.7,4.5,426.2,36,57.2,FALSE
25,Nam,5,8.025,5.5,1.6,3.45,2.1,80.5,5.3,426.2,25.5,14.7,FALSE
29,Nam,3.8,8.025,5.5,1.6,3.45,2.1,74.2,5.3,426.2,12.7,14,FALSE
70,Nam,6.7,8.025,5.5,1.6,3.45,2.1,105.5,4.7,426.2,24.6,21.6,FALSE
24,Nam,4.5,8.025,5.5,1.6,3.45,2.1,64,5.3,426.2,24,16.4,FALSE
42,Nữ,9.9,8.025,7.3,1.6,3.45,0.7,92.7,4.1,426.2,72.8,60.6,TRUE
60,Nữ,6.2,8.025,8,1.6,3.45,1.4,130.2,6.4,426.2,76.3,94.6,FALSE
28,Nam,3.8,8.025,5.5,1.6,3.45,2.1,97.1,3.9,426.2,25.3,21.4,FALSE
2,Nữ,5.6,8.025,5.5,1.6,3.45,2.1,42,4.2,426.2,42.7,28.5,FALSE
30,Nữ,7.4,8.025,5.5,1.6,3.45,2.1,96.9,5.3,426.2,27.3,36.2,TRUE
85,Nữ,5.9,8.025,3.7,1.6,3.45,1,97.5,8.3,426.2,49.9,11.4,FALSE
22,Nam,3.8,8.025,5.5,1.6,3.45,2.1,60.8,5.3,426.2,26.4,18.1,FALSE
23,Nam,3.2,8.025,5.5,1.6,3.45,2.1,62.2,5.3,426.2,29,28.8,FALSE
20,Nam,5.2,8.025,5.5,1.6,3.45,2.1,67.8,3.8,426.2,22.7,22.3,FALSE
37,Nữ,7,8.025,5.5,1.6,3.45,2.1,101.6,4,426.2,36.5,48.8,TRUE
21,Nam,5.4,8.025,5.5,1.6,3.45,2.1,79.3,5.3,426.2,27.9,23.3,FALSE
42,Nam,4,8.025,5.5,1.6,3.45,2.1,87.4,5.3,426.2,31.5,22.6,FALSE
39,Nam,11.1,8.025,5.5,1.6,3.45,2.1,88.5,5.3,426.2,22.2,12.8,TRUE
69,Nam,5.4,8.025,5.5,1.6,3.45,2.1,65.8,6.9,426.2,14.3,10.4,FALSE
38,Nữ,4.9,8.025,5.5,1.6,3.45,2.1,102.3,5.3,426.2,48.5,27,FALSE
69,Nữ,1.5,8.025,5.5,1.6,3.45,2.1,444.6,11.9,426.2,78.7,50.9,FALSE
10,Nữ,5.3,8.025,5.5,1.6,3.45,2.1,70,5.3,426.2,28.9,20.7,FALSE
14,Nam,7,8.025,5.5,1.6,3.45,2.1,86,3.9,426.2,19.7,14.6,TRUE
48,Nữ,6.6,8.025,5.5,1.6,3.45,2.1,86.1,6.8,426.2,46.3,71.8,FALSE
59,Nữ,8.4,8.025,3.5,1.6,3.45,5.7,100.3,5.2,426.2,236.3,66.4,TRUE
34,Nam,5.1,8.025,5.5,1.6,3.45,2.1,91.6,5.3,426.2,144.1,116.3,FALSE
55,Nữ,6,8.025,2.5,1.6,3.45,2,208.4,14.7,426.2,171.8,91.8,FALSE
47,Nam,6.8,8.025,5.5,1.6,3.45,2.1,81.2,3.8,426.2,38.7,34.5,FALSE
50,Nam,4.5,8.025,5.5,1.6,3.45,2.1,70.2,5.9,426.2,22.4,16.6,FALSE
68,Nữ,7.2,8.025,5.5,1.6,3.45,2.1,98.9,4.7,426.2,20.7,18.3,TRUE
38,Nam,4.3,8.025,5.5,1.6,3.45,2.1,81.4,5.3,426.2,38.3,28.5,FALSE
35,Nữ,5.7,8.025,5.5,1.6,3.45,2.1,104.6,5.3,426.2,44.9,79.6,FALSE
62,Nữ,5,8.025,7.2,2,3.45,2.4,103.2,6.4,494.5,21.2,17.5,FALSE
57,Nữ,5.6,8.025,5.5,1.6,3.45,2.1,85.3,4.2,426.2,36.4,42.7,FALSE
66,Nam,4.8,8.025,3.9,1.5,3.45,1.2,98,8.1,426.2,19.9,9,FALSE
53,Nam,4.2,8.025,4.6,1.8,3.45,0.95,58.1,5.5,426.2,20.1,25,FALSE
63,Nữ,3.8,8.025,5.7,1.5,3.45,2.3,92.2,7.5,491.6,30.8,31.3,FALSE
56,Nam,5.1,8.025,8.2,1.6,3.45,1.2,85.2,5.3,426.2,23.8,15.7,FALSE
46,Nam,5,8.025,5.5,1.6,3.45,2.1,87.8,5.3,426.2,15,20,FALSE
78,Nam,22.5,8.025,5.5,1.6,3.45,2.1,110,7.9,426.2,25.7,24.3,TRUE
51,Nữ,10.3,8.025,5.5,1.6,3.45,2.1,127.7,23.3,426.2,55.6,25.9,TRUE
29,Nữ,4.6,8.025,5.5,1.6,3.45,2.1,98.3,5.3,426.2,22.3,15.9,FALSE
53,Nam,6.3,8.025,5.5,1.6,3.45,2.1,94.9,5.3,426.2,20.9,13.9,FALSE
19,Nữ,5.5,8.025,5.5,1.6,3.45,2.1,105.8,5.3,426.2,21.1,22.5,FALSE
18,Nữ,8.8,8.025,5.5,1.6,3.45,2.1,97.5,5.3,426.2,17.7,11.2,TRUE
55,Nữ,5.7,8.025,5.5,1.6,3.45,2.1,100.8,6.3,426.2,64.8,42.2,FALSE
23,Nam,5.3,8.025,5.5,1.6,3.45,2.1,84,5.3,426.2,16.2,6.5,FALSE
54,Nam,5.1,8.025,5.5,1.6,3.45,2.1,97.6,4.6,426.2,24.9,16.7,FALSE
30,Nam,5.6,8.025,5.5,1.6,3.45,2.1,72.6,5.2,426.2,17.7,20,FALSE
9,Nam,4,8.025,5.5,1.6,3.45,2.1,46,5.8,426.2,32.1,22.7,FALSE
46,Nam,5.1,8.025,4.5,1.6,3.45,0.9,85.2,5.3,426.2,44.7,62.6,FALSE
28,Nam,4.3,8.025,5.5,1.6,3.45,2.1,70,5.3,426.2,14.2,10.6,FALSE
25,Nữ,4.8,8.025,5.5,1.6,3.45,2.1,63.4,5.3,426.2,41.5,30.5,FALSE
61,Nam,4.6,8.025,4.9,1.6,3.45,3,85.2,5.3,426.2,21,14.4,FALSE
54,Nữ,4.6,8.025,3.1,1.6,3.45,1.1,93.5,5.3,426.2,39,15.9,FALSE
25,Nam,4.2,8.025,5.5,1.6,3.45,2.1,71.6,5.3,426.2,27.1,19.8,FALSE
18,Nam,3.6,8.025,5.5,1.6,3.45,2.1,65.8,5.3,426.2,20.8,15,FALSE
81,Nam,4.4,8.025,5.5,1.6,3.45,2.1,85.7,5.3,426.2,25,10.9,FALSE
50,Nam,3.9,8.025,5.5,1.6,3.45,2.1,75,5.3,426.2,24.2,14.5,FALSE
50,Nam,3.7,8.025,5.5,1.6,3.45,2.1,192.6,15.8,426.2,40.1,15.1,FALSE
96,Nữ,7.8,8.025,5.5,1.6,3.45,2.1,138.7,15.8,426.2,79.6,60.2,TRUE
73,Nữ,5.6,8.025,5.5,1.6,3.45,2.1,88,5.3,426.2,32.4,33.7,FALSE
89,Nam,8.3,8.025,5.5,1.6,3.45,2.1,125.1,5.3,426.2,28,33.9,TRUE
45,Nữ,5.4,8.025,5.5,1.6,3.45,2.1,149.6,5.3,426.2,42.4,47.5,FALSE
33,Nữ,9.1,8.025,5.5,1.6,3.45,2.1,130.8,5.3,426.2,25.5,27,TRUE
45,Nam,15.6,8.025,5.5,1.6,3.45,2.1,91,5,426.2,20,18.8,TRUE
35,Nam,6.6,8.025,5.5,1.6,3.45,2.1,85.2,1.9,426.2,24.6,18.6,FALSE
34,Nữ,5.7,8.025,5.7,1.6,3.45,3.7,85.2,5.3,426.2,40.2,34.5,FALSE
47,Nam,5.2,8.025,6.7,1.6,3.45,2.2,85.2,5.3,426.2,25,32,FALSE
72,Nữ,4.5,8.025,5.5,1.6,3.45,2.1,125.9,5.3,426.2,25,14.6,FALSE
68,Nam,3.7,8.025,5.5,1.6,3.45,2.1,81.8,5.3,426.2,23.9,17.3,FALSE
37,Nam,5.6,8.025,5.5,1.6,3.45,2.1,84.5,4.8,426.2,38.5,45.8,FALSE
66,Nam,5.3,8.025,5.5,1.6,3.45,2.1,88.6,5.3,426.2,30.2,20.8,FALSE
10,Nam,5.6,8.025,5.5,1.6,3.45,2.1,93.3,3.1,426.2,137.2,77.4,FALSE
31,Nam,4.3,8.025,5.5,1.6,3.45,2.1,85.2,5.3,426.2,15.6,12.8,FALSE
17,Nam,4,8.025,5.5,1.6,3.45,2.1,64.9,5.3,426.2,24.4,11.7,FALSE
31,Nam,4.8,8.025,5.5,1.6,3.45,2.1,75,5.3,426.2,21.1,23.9,FALSE
36,Nữ,6.5,8.025,5.5,1.6,3.45,2.1,86.9,7.2,408.4,39.2,70.2,FALSE
22,Nam,4.5,8.025,5.5,1.6,3.45,2.1,72.8,5.3,426.2,19.9,10.6,FALSE
23,Nam,5.3,8.025,5.5,1.6,3.45,2.1,66.3,2.9,426.2,46.2,59.3,FALSE
2,Nam,5.6,8.025,5.5,1.6,3.45,2.1,44.1,3.2,426.2,60.1,41.5,FALSE
52,Nữ,4.6,8.025,5.5,1.6,3.45,2.1,115.5,9.4,426.2,39.1,24.3,FALSE
76,Nam,8.5,8.025,9.5,1.6,3.45,7.1,121.3,7,426.2,41.8,45.6,TRUE
60,Nam,5.2,8.025,5.5,1.6,3.45,2.1,116.7,5.3,426.2,32.7,32,FALSE
49,Nam,5.5,8.025,6.7,1.6,3.45,2.7,94.2,5.3,426.2,26,21.3,FALSE
67,Nữ,5.8,8.025,5.5,1.6,3.45,2.1,101.9,5.3,426.2,28.5,16.4,FALSE
56,Nam,6,8.025,5.5,1.6,3.45,2.1,81.5,5.3,426.2,26.5,19.3,FALSE
69,Nam,10,8.025,5.5,1.6,3.45,2.1,107.8,4.8,426.2,35.7,29,TRUE
39,Nữ,5.6,8.025,6,1.6,3.45,3.1,120.8,5.3,443.8,34.5,39.7,FALSE
77,Nam,3.3,8.025,3.7,1.3,3.45,1.4,85.2,4,426.2,16.9,8.4,FALSE
27,Nam,4.7,8.025,5.5,1.6,3.45,2.1,80.3,8.3,426.2,24.3,21.2,FALSE
30,Nam,4.7,8.025,5.5,1.6,3.45,2.1,66.5,5.3,426.2,16,12.3,FALSE
53,Nữ,5,8.025,5.5,1.6,3.45,2.1,104,5.1,527,36,32,FALSE
38,Nam,4.8,8.025,5.5,1.6,3.45,2.1,73.3,5.3,426.2,20.9,23.8,FALSE
30,Nam,4.7,8.025,5.5,1.6,3.45,2.1,54.7,5.3,426.2,17.4,20.7,FALSE
23,Nam,3.9,8.025,5.5,1.6,3.45,2.1,56.8,5.3,426.2,14.8,15.7,FALSE
47,Nữ,4.2,8.025,5.5,1.6,3.45,2.1,99.1,4.2,426.2,24.2,32.5,FALSE
52,Nam,12.3,8.025,5.5,1.6,3.45,2.1,88.4,4.9,426.2,25,21.6,TRUE
42,Nữ,5.6,8.025,5.5,1.6,3.45,2.1,122.2,5.3,426.2,31,33,FALSE
68,Nam,8.4,8.025,10.9,1.6,3.45,21.1,85.2,5.3,426.2,40.2,45.1,TRUE
60,Nam,3.2,8.025,5.5,1.6,3.45,2.1,108.3,5.3,426.2,14,18.2,FALSE
61,Nam,5.5,8.025,5.5,1.6,3.45,2.1,106.7,5.3,426.2,22.8,20.7,FALSE
75,Nam,4.8,8.025,5.1,1.6,3.45,1.4,85.2,5.3,426.2,61.8,55,FALSE
35,Nam,4.2,8.025,5.5,1.6,3.45,2.1,76.9,5.3,426.2,20.1,21.5,FALSE
48,Nữ,6.1,8.025,7.5,1.6,3.45,14.9,105.8,4.8,426.2,19.9,26.5,FALSE
41,Nữ,4.7,8.025,4.8,1.6,3.45,1.8,85.2,5.3,427.2,17.9,13.1,FALSE
37,Nam,3.5,8.025,5.5,1.6,3.45,2.1,98.3,5.3,426.2,15.9,16.4,FALSE
26,Nam,4.5,8.025,5.5,1.6,3.45,2.1,96.1,5.3,426.2,25.6,15.4,FALSE
50,Nam,4.6,8.025,5.5,1.6,3.45,2.1,88.8,4.4,426.2,31.2,25.3,FALSE
25,Nữ,4.2,8.025,5.5,1.6,3.45,2.1,98.8,4.7,426.2,23.7,45.5,FALSE
47,Nữ,4.8,8.025,5.5,1.6,3.45,2.1,105.5,5.3,426.2,28.2,32.3,FALSE
44,Nam,5.1,8.025,5.5,1.6,3.45,2.1,93.2,5.3,426.2,31.9,39.3,FALSE
63,Nam,4.7,8.025,5.5,1.6,3.45,2.1,88.6,5.3,426.2,22.9,18.3,FALSE
46,Nữ,13.1,8.025,6.3,1.6,3.45,7.5,85.7,5.3,318.8,204.3,93.7,TRUE
87,Nam,4.9,8.025,6.5,1.6,3.45,4,83.2,5.3,426.2,26.7,34.6,FALSE
58,Nam,4.6,8.025,5.5,1.6,3.45,2.1,99.1,4.3,426.2,35.2,22.7,FALSE
45,Nữ,8.4,5.95,8.9,2.5,3.45,19.7,85.2,5.3,426.2,31.2,46.8,TRUE
28,Nữ,5.1,8.025,5.5,1.6,3.45,2.1,113.4,3.4,512.5,25.2,27.8,FALSE
18,Nữ,4.4,8.025,5.5,1.6,3.45,2.1,85.2,5.3,426.2,22.3,15.5,FALSE
46,Nam,7.4,8.025,5.5,1.6,3.45,2.1,95.8,5.5,426.2,24,23.7,TRUE
69,Nam,4,8.025,5.5,1.6,3.45,2.1,81.5,5.3,426.2,13.5,16.5,FALSE
58,Nữ,3.9,8.025,5.5,1.6,3.45,2.1,129,4.7,426.2,37.6,47.3,FALSE
20,Nam,5.3,8.025,5.5,1.6,3.45,2.1,75.2,5.3,426.2,21.3,24.1,FALSE
38,Nam,8.8,8.025,5.8,1.3,3.45,3.5,85.2,5.3,426.2,25,21.6,TRUE
53,Nữ,3.4,8.025,6.4,1.3,3.45,3,109.9,5.3,598.6,39.9,66.7,FALSE
22,Nam,5.8,8.025,5.5,1.6,3.45,2.1,85.2,4.5,426.2,22.7,33.7,FALSE
54,Nam,5.9,8.025,5.5,1.6,3.45,2.1,97.8,5.3,426.2,62.8,38.5,FALSE
39,Nam,7.3,8.025,5.5,1.6,3.45,2.1,87.3,2.5,426.2,18.2,23.5,TRUE
57,Nam,3.7,8.025,5.5,1.6,3.45,2.1,82.3,5.4,426.2,24.4,27.3,FALSE
62,Nữ,9.4,8.025,3.6,1,3.45,1.6,91.3,3.8,426.2,82.9,70.2,TRUE
39,Nữ,4.7,8.025,5.5,1.6,3.45,2.1,127.8,2.8,426.2,14.9,38.6,FALSE
47,Nam,5.2,8.025,5.5,1.6,3.45,2.1,80.6,5.3,426.2,34.4,29.2,FALSE
60,Nữ,8.4,8.025,5.5,1.6,3.45,2.1,136.7,5.3,426.2,74,42,TRUE
28,Nam,4.1,8.025,5.5,1.6,3.45,2.1,98.6,5.3,426.2,18.2,23.8,FALSE
30,Nữ,5.9,8.025,5.5,1.6,3.45,2.1,108.2,5.3,426.2,24.6,26.3,FALSE
69,Nữ,6,8.025,4.1,1.6,3.45,2.9,107.8,5.3,426.2,127.5,83.2,FALSE
26,Nữ,28.8,13.83,5.5,1.6,3.45,2.1,140.9,6.4,426.2,118,111.6,TRUE
37,Nữ,5.6,8.025,4.3,1.4,3.45,1,119.9,10.8,426.2,22.2,34,FALSE
48,Nữ,4.4,8.025,3.6,1.4,3.45,2.6,104.7,5.7,426.2,26.4,17.1,FALSE
41,Nam,5.1,8.025,5.5,1.6,3.45,2.1,94.8,4.5,426.2,18.3,16,FALSE
74,Nam,4.8,8.025,5.5,1.6,3.45,2.1,78.5,5.3,426.2,29.6,17.5,FALSE
29,Nữ,5.8,8.025,4.7,1.6,3.45,1.1,85.2,5.3,426.2,25,21.6,FALSE
30,Nam,5.1,8.025,3,1.6,3.45,4,74,2.8,426.2,218.9,427.7,FALSE
20,Nam,10.8,8.025,5.5,1.6,3.45,2.1,105.1,4.9,426.2,25.7,23,TRUE
48,Nữ,10.1,8.025,5.5,1.6,3.45,2.1,121.4,5.3,426.2,142.9,175.6,TRUE
61,Nữ,6.1,8.025,7.2,1.6,3.45,1.2,106,5.3,360.3,24.4,22.2,FALSE
66,Nữ,21.9,8.025,6.4,1.6,3.45,11.4,132.8,5.3,354.7,18.7,35.5,TRUE
67,Nữ,5.6,8.025,5.1,1.6,3.45,1.2,85.2,5.3,426.2,25.5,29.4,FALSE
60,Nam,22.4,8.025,6.7,1.6,3.45,3.9,85.2,5.3,426.2,126.6,280.8,TRUE
36,Nam,4.7,8.025,5.3,1.6,3.45,1.3,85.2,5.3,426.2,23.6,23.3,FALSE
36,Nam,4.1,8.025,5.5,1.6,3.45,2.1,80.1,5.3,426.2,20.9,17.6,FALSE
82,Nam,9.6,8.025,5.5,1.6,3.45,2.1,127.4,5.3,426.2,37,10.7,TRUE
63,Nữ,5,8.025,5.5,1.6,3.45,2.1,100.7,5.3,426.2,24.8,26.9,FALSE
28,Nam,4.7,8.025,5.5,1.6,3.45,2.1,86.8,5.3,426.2,17.3,17.7,FALSE
65,Nam,4.8,8.025,5.5,1.6,3.45,2.1,126.9,5.6,426.2,104.4,79.1,FALSE
55,Nam,4.8,8.025,4,1.6,3.45,2,85.2,5.3,306.7,90.6,94.4,FALSE
16,Nữ,4.6,8.025,3.8,1.6,3.45,1.5,112.8,3.7,426.2,21.8,16.5,FALSE
38,Nam,5.6,8.025,5.5,1.6,3.45,2.1,75.9,5.1,366.1,15.9,34.1,FALSE
69,Nam,5.5,5.46,4.7,1.2,3.45,2.4,85.2,5.3,456.8,25,21.6,FALSE
34,Nam,4.4,8.025,5.5,1.6,3.45,2.1,65.7,5.3,426.2,13.1,13,FALSE
73,Nữ,5.8,8.025,5.5,1.6,3.45,2.1,123.2,5.3,426.2,20.2,20.7,FALSE
59,Nam,4.7,8.025,5,1.9,3.45,2,98.2,6.5,426.2,20.7,23.1,FALSE
81,Nam,6.7,8.025,7.6,1.5,3.45,2,103.5,6.5,426.2,26,41.8,FALSE
74,Nam,5.3,8.025,5.4,1.5,3.45,1.5,78.8,8.7,325.5,23.3,29.7,FALSE
78,Nam,6.2,8.025,5.5,1.6,3.45,2.1,108.1,5.3,426.2,88.2,92.5,FALSE
26,Nam,4.6,8.025,5.5,1.6,3.45,2.1,73.8,5.3,426.2,23.5,15.2,FALSE
45,Nam,5.4,8.025,5.5,1.6,3.45,2.1,83.9,3.7,426.2,34.9,46,FALSE
65,Nam,3.8,8.025,5.5,1.6,3.45,2.1,87.9,5.3,426.2,42.6,33.6,FALSE
65,Nam,5.5,8.025,5.5,1.6,3.45,2.1,85.2,5.3,426.2,364,326.6,FALSE
74,Nữ,6.2,8.025,5.5,1.6,3.45,2.1,130,6.4,426.2,21.9,26.6,FALSE
63,Nữ,5.6,8.025,4.6,1.6,3.45,7.4,85.2,5.3,615.8,25,21.6,FALSE
67,Nam,5.4,8.025,8.4,1.8,3.45,4.1,85.2,5.3,426.2,25,21.6,FALSE
4,Nam,5.6,8.025,5.5,1.6,3.45,2.1,54.6,3.9,426.2,24,12.4,FALSE
52,Nam,4.4,8.025,5.5,1.6,3.45,2.1,88.9,5.3,426.2,27.1,30.7,FALSE
50,Nữ,3.9,8.025,5.5,1.6,3.45,2.1,153.7,9.3,426.2,26.6,45.5,FALSE
53,Nam,4.9,8.025,5.5,1.6,3.45,3.8,89.2,5.3,426.2,33.4,32.6,FALSE
56,Nữ,5.5,8.025,6.4,1.6,3.45,1.1,85.2,5.3,280.2,25.8,32.3,FALSE
28,Nam,4,8.025,5.5,1.6,3.45,2.1,81.7,5.3,426.2,20.3,14.5,FALSE
56,Nữ,6.1,8.025,5.5,1.6,3.45,2.1,108.5,4,426.2,35,52.8,FALSE
52,Nam,4.6,8.025,5.5,1.6,3.45,2.1,87,3.9,426.2,19.9,27.5,FALSE
51,Nam,5.6,8.025,5.5,1.6,3.45,2.1,85.8,6.7,426.2,29.9,43.1,FALSE
49,Nam,4.4,8.025,4.2,1.5,3.45,1.9,75,4.2,426.2,206.9,348.6,FALSE
1,Nữ,5.2,8.025,5.5,1.6,3.45,2.1,37,2,426.2,52.3,38.8,FALSE
37,Nữ,4,8.025,5.5,1.6,3.45,2.1,83.1,5.3,426.2,185.7,109.5,FALSE
56,Nam,10.8,8.025,5.5,1.6,3.45,2.1,82.7,3.2,426.2,12.8,18.9,TRUE
44,Nam,4.9,8.025,5.5,1.6,3.45,2.1,74.6,3.6,426.2,17.8,14.7,FALSE
50,Nữ,7.4,8.025,5.5,1.6,3.45,2.1,93,6.6,391,22.9,14.6,TRUE
34,Nữ,4.4,8.025,5.5,1.6,3.45,2.1,104.5,2.5,426.2,25.6,30.2,FALSE
13,Nam,5.2,8.025,5.5,1.6,3.45,2.1,84.6,4.8,426.2,35.8,29.1,FALSE
21,Nam,3.7,8.025,5.5,1.6,3.45,2.1,81.8,5.3,426.2,18.2,17.7,FALSE
62,Nam,2.3,8.025,5.5,1.6,3.45,2.1,84.3,4.3,426.2,33.2,32.3,FALSE
33,Nữ,5.6,8.025,5.5,1.6,3.45,2.1,118.8,3.7,426.2,160.5,189.3,FALSE
39,Nữ,5,8.025,5.5,1.6,3.45,2.1,83,7,426.2,35,30,FALSE
56,Nữ,7.8,8.025,5.5,1.6,3.45,2.1,94.6,8.7,426.2,56.1,30,TRUE
46,Nam,5.9,8.025,5.5,1.6,3.45,2.1,103.8,5.3,426.2,22.1,18.3,FALSE
64,Nam,5.6,8.025,5.2,1.6,3.45,2.9,85.2,5.3,426.2,13.3,22.5,FALSE
38,Nam,5.4,8.025,5.5,1.6,3.45,2.1,69.1,5.3,426.2,13.9,12.1,FALSE
61,Nữ,7.3,8.025,5.5,1.6,3.45,2.1,104.7,3.2,426.2,47.2,45.3,TRUE
17,Nam,4,8.025,5.5,1.6,3.45,2.1,59.1,5.3,426.2,21.4,17.1,FALSE
63,Nam,3.6,8.025,7,1.7,3.45,6.5,84.7,4,426.2,28,36.9,FALSE
43,Nam,6.2,8.025,5.5,1.6,3.45,2.1,82.4,2.5,426.2,22.5,19.3,FALSE
64,Nữ,5.1,8.025,5.5,1.6,3.45,2.1,85.8,5.3,426.2,70.3,61,FALSE
63,Nam,6,8.025,1.8,1.6,3.45,0.9,96,5.3,529,211,124,FALSE
44,Nam,5.6,8.025,5.5,1.6,3.45,3.3,85.2,5.3,426.2,23.6,26,FALSE
12,Nam,6.4,8.025,5.5,1.6,3.45,2.1,92.7,5.3,426.2,21.2,16.2,FALSE
47,Nam,6.1,8.025,5.5,1.6,3.45,2.1,103,5,426.2,20.2,14.4,FALSE
50,Nam,5.3,8.025,6.7,1.6,3.45,1.7,100.4,6.1,426.2,23.6,25.9,FALSE
60,Nam,4.6,8.025,8.1,1.6,3.45,2.5,87.5,5.3,426.2,16.9,17.7,FALSE
65,Nam,5.9,8.025,5.5,1.6,3.45,2.1,57.9,4.3,426.2,22,13.3,FALSE
57,Nữ,19.1,8.025,5.5,1.6,3.45,2.1,105.1,6.3,426.2,61.7,52.3,TRUE
69,Nam,4.4,8.025,5.5,1.6,3.45,2.1,100,5.5,426.2,15.6,12.4,FALSE
37,Nữ,5.6,8.025,5.5,1.6,3.45,2.1,100.4,3.1,426.2,35.2,40.4,FALSE
68,Nữ,22.3,8.025,5.5,1.6,3.45,2.1,119,7.6,426.2,47.6,53.4,TRUE
76,Nữ,4.8,8.025,4.5,1.6,3.45,1.7,93.1,3.3,312.7,20.7,25.2,FALSE
42,Nữ,13.2,11.79,5.5,1.6,3.45,2.1,149.1,5.5,426.2,20.9,24.7,TRUE
77,Nam,5.8,5.49,5.5,1.6,3.45,2.1,111.7,9.4,124.9,25,21.6,FALSE
32,Nam,3.8,8.025,5.5,1.6,3.45,2.1,84.8,5.3,426.2,23.4,19.9,FALSE
64,Nữ,4.3,8.025,7.2,1.4,3.45,3.5,94.8,4.5,606,28.5,37.2,FALSE
63,Nữ,5.3,8.025,6.5,1.5,3.45,4.9,91.8,8.1,426.2,12.1,18.4,FALSE
59,Nam,3.8,8.025,5.9,1.9,3.45,1.8,84.2,5,426.2,48.2,30.7,FALSE
41,Nam,6.3,8.025,5.5,1.6,3.45,2.1,98.1,5.3,426.2,23,23.8,FALSE
77,Nam,4.8,8.025,5.6,2.2,3.45,1,80.7,5.6,426.2,28.7,20.1,FALSE
66,Nữ,7.1,8.025,5.5,1.6,3.45,2.1,190.5,23.1,426.2,49,43.4,TRUE
41,Nam,5.6,8.025,5.5,1.6,3.45,2.1,84,3.8,426.2,37.2,34.8,FALSE
50,Nam,4.3,8.025,5.5,1.6,3.45,2.1,91.8,5.3,426.2,16.1,15.6,FALSE
21,Nam,4.2,8.025,5.5,1.6,3.45,2.1,69.9,5.3,426.2,14.5,11.3,FALSE
17,Nam,3.8,8.025,5.5,1.6,3.45,2.1,73,5.3,426.2,11.1,11.4,FALSE
45,Nam,6.2,8.025,4.6,1.6,3.45,6,105.7,5.3,529.3,22.6,39.3,FALSE
65,Nam,5.6,8.025,5.5,1.6,3.45,2.1,83.3,4.2,426.2,31.6,23.4,FALSE
79,Nam,4.9,8.025,5.5,1.6,3.45,2.1,100,4.1,426.2,32.7,27.8,FALSE
33,Nữ,4.8,8.025,5.5,1.6,3.45,2.1,125.6,4.6,449.9,39.9,50.5,FALSE
33,Nam,5.4,8.025,5.5,1.6,3.45,2.1,87.8,5.1,426.2,19.7,20.2,FALSE
15,Nam,6.9,8.025,5.5,1.6,3.45,2.1,77.1,4.4,426.2,20.4,18.8,FALSE
23,Nữ,3.8,8.025,5.5,1.6,3.45,2.1,118,4.5,426.2,25.2,12.3,FALSE
32,Nam,5.6,8.025,5.5,1.6,3.45,2.1,85,5.3,426.2,18.6,17.6,FALSE
34,Nam,4.9,8.025,5.5,1.6,3.45,2.1,85.2,5.3,426.2,23.3,41.1,FALSE
31,Nam,5.6,8.025,4.8,1.6,3.45,1.5,85.2,5.3,426.2,23.7,20,FALSE
28,Nam,3.9,8.025,5.5,1.6,3.45,2.1,85.4,5.3,426.2,16.3,12.5,FALSE
47,Nam,4.4,8.025,5.5,1.6,3.45,2.1,91,5.3,426.2,18.7,16.2,FALSE
92,Nam,8.4,8.025,5.5,1.6,3.45,2.1,102.2,5.6,426.2,19.7,18.9,TRUE
18,Nam,3.9,8.025,5.5,1.6,3.45,2.1,70.3,5.3,426.2,32.9,22.4,FALSE
59,Nam,9.7,8.025,6.1,1.5,3.45,4.6,110.5,5.5,426.2,25,21.6,TRUE
56,Nữ,6.2,8.025,5.5,1.6,3.45,2.1,118.8,7.9,426.2,121.2,117.8,FALSE
32,Nam,4.1,8.025,5.5,1.6,3.45,2.1,84.1,3.9,426.2,22.2,17.8,FALSE
80,Nữ,14.4,8.2,5.5,1.6,3.45,2.1,92.5,5.9,277.9,49.2,42.7,TRUE
89,Nam,5.6,8.025,6.3,1.5,3.45,1.9,128.3,10.2,426.2,29.7,30.7,FALSE
37,Nữ,5.2,8.025,5.5,1.6,3.45,2.1,96.6,3.7,470.5,22.5,12.3,FALSE
15,Nữ,7.4,8.025,5.5,1.6,3.45,2.1,118.3,5,426.2,66.6,53.5,TRUE
60,Nam,5.3,8.025,5,1.6,3.45,1.1,85.2,5.3,426.2,36.4,33.4,FALSE
66,Nữ,5.5,4.75,3.9,1.9,3.45,1.1,85.2,5.3,426.2,44.2,23.5,FALSE
46,Nữ,5,8.025,3.7,1.6,3.45,0.9,108.4,5.3,384,22.4,18.8,FALSE
65,Nam,20.8,8.025,5.5,1.6,3.45,2.1,140.1,5.3,426.2,14.5,14.3,TRUE
16,Nam,4.3,8.025,5.5,1.6,3.45,2.1,65,5.3,426.2,21.9,23.5,FALSE
22,Nam,5.1,8.025,5.5,1.6,3.45,2.1,82.3,5.3,426.2,17.9,18.2,FALSE
37,Nữ,5.6,8.025,5.5,1.6,3.45,2.1,117.3,2.6,426.2,22.7,16.2,FALSE
61,Nam,6.4,8.025,5.5,1.6,3.45,2.1,102.9,5.8,426.2,30.3,49.4,FALSE
62,Nam,9.6,8.025,5.5,1.6,3.45,2.1,118.2,5.4,426.2,25.5,25.5,TRUE
27,Nam,4.9,8.025,5.5,1.6,3.45,2.1,69.2,5.3,426.2,18.1,14.9,FALSE
50,Nam,4.5,8.025,4.7,1.1,3.45,5.1,94.8,5.2,426.2,30.8,24.2,FALSE
30,Nam,5.8,8.025,5.5,1.6,3.45,2.1,77,5.3,426.2,29.6,25.9,FALSE
28,Nữ,5.6,8.025,4.4,1.6,3.45,1.2,85.2,5.3,426.2,33.5,41.2,FALSE
47,Nam,5.9,8.025,5.5,1.6,3.45,2.1,82.1,5.3,426.2,26.5,11.6,FALSE
71,Nam,10,8.025,5.5,1.6,3.45,2.1,131.9,9.4,538.7,29.6,18.4,TRUE
65,Nữ,5.8,8.025,5.5,1.6,3.45,2.1,108.6,2.4,544.1,22.8,23.1,FALSE
71,Nữ,4.7,8.025,5.5,1.6,3.45,2.1,142.3,4.9,426.2,40.9,15.9,FALSE
22,Nam,5,8.025,5.5,1.6,3.45,2.1,95.9,5.3,426.2,16.7,15,FALSE
31,Nam,6.4,8.025,5.5,1.6,3.45,2.1,87.5,5.3,426.2,13.1,16.1,FALSE
56,Nam,10.8,8.26,5.5,1.6,3.45,2.1,88.8,5.3,426.2,12.5,13.7,TRUE
44,Nữ,7.9,8.025,3.9,1.6,3.45,10.1,72.1,5.5,426.2,151.7,76.3,TRUE
39,Nam,7.4,8.025,5.5,1.6,3.45,2.1,94.8,5.3,426.2,94.3,78.6,TRUE
13,Nam,4.7,8.025,5.5,1.6,3.45,2.1,76.2,2.3,426.2,16.9,11.7,FALSE
39,Nữ,7.5,5.47,16.1,3.5,3.45,29.9,92.7,2.7,426.2,180,99,TRUE
58,Nữ,4.5,8.025,5.5,1.6,3.45,2.1,109,2.9,331.2,86,86.8,FALSE
32,Nam,5.6,8.025,5.5,1.6,3.45,2.1,79.7,3.8,426.2,37.4,22.2,FALSE
52,Nam,4.8,8.025,4.4,1.8,3.45,1.7,87.4,6.3,284.3,25.6,18.3,FALSE
19,Nam,3.8,8.025,5.5,1.6,3.45,2.1,68.8,5.3,426.2,15.9,11.8,FALSE
49,Nam,10.1,8.025,5.5,1.6,3.45,2.1,79.9,4.5,426.2,17.3,16.6,TRUE
52,Nam,4.5,8.025,5.5,1.6,3.45,2.1,103.5,2,426.2,80.8,63,FALSE
39,Nam,4.2,8.025,5.5,1.6,3.45,2.1,102.7,5.3,426.2,21.8,26.5,FALSE
75,Nam,4.6,8.025,5.5,1.6,3.45,2.1,1149.9,35.6,426.2,19.7,21.2,FALSE
54,Nữ,5.2,8.025,5.5,1.6,3.45,2.1,95.3,6,426.2,228.1,155.7,FALSE
96,Nam,7.8,8.025,5.5,1.6,3.45,2.1,100,5.2,426.2,25.9,11.3,TRUE
33,Nam,5,8.025,5.5,1.6,3.45,2.1,95.7,5.3,426.2,18.9,24.6,FALSE
17,Nam,5.6,8.025,4,1.6,3.45,1.2,88.6,5.3,426.2,13.5,12.2,FALSE
54,Nam,7.3,8.025,5.5,1.6,3.45,2.4,95.3,5.3,426.2,61.8,100.5,TRUE
37,Nam,4.4,8.025,5.5,1.6,3.45,2.1,93.7,5.3,426.2,19.8,11.7,FALSE
56,Nữ,4,8.025,5.5,1.6,3.45,2.1,95.3,5.3,426.2,20.8,28.5,FALSE
64,Nam,11.4,8.025,5.5,1.6,3.45,2.1,88.6,5.4,426.2,110,87.9,TRUE
68,Nữ,22.7,8.025,5.5,1.6,3.45,2.1,107.3,5.3,426.2,41.6,44.5,TRUE
48,Nam,3,8.025,5.5,1.6,3.45,2.1,92.7,5.3,426.2,17.9,16.9,FALSE
44,Nữ,8.2,9.58,5.9,1.6,3.45,1.3,100,3.6,371.7,24.1,41.8,TRUE
69,Nam,5.1,8.025,6.5,1.6,3.45,3.2,96.2,4.8,230.4,21.2,22.5,FALSE
64,Nam,7.8,6.34,5.7,1.7,3.45,3.6,90.4,3.9,426.2,17.6,22.2,TRUE
38,Nam,3.8,8.025,5.5,1.6,3.45,2.1,73.4,5.3,426.2,31,25.5,FALSE
37,Nam,4.4,8.025,5.5,1.6,3.45,2.1,75.4,5.3,426.2,16.3,13.2,FALSE
58,Nam,8.6,6.74,7.2,1.6,3.45,4,85.2,5.3,426.2,25,21.6,TRUE
57,Nữ,7,8.025,6.4,1.3,3.45,2.8,137,7.2,426.2,28.3,46.7,TRUE
67,Nam,4.3,8.025,5,1.5,3.45,1.8,94.8,5.4,426.2,33.7,12.1,FALSE
42,Nam,5.8,8.025,5.5,1.6,3.45,2.1,99.7,4.5,426.2,18.2,17.9,FALSE
75,Nam,4.8,8.025,6,1.6,3.45,3.9,96.3,4.8,426.2,18.8,22.1,FALSE
50,Nữ,4.4,8.025,5.5,1.6,3.45,2.1,93.7,6.3,426.2,19.8,11.7,FALSE
35,Nữ,4.8,8.025,5.5,1.6,3.45,2.1,103.8,5.3,426.2,26.8,33.7,FALSE
2,Nữ,11,8.025,5.5,1.6,3.45,2.1,60.2,6.6,426.2,51,21.4,TRUE
66,Nam,5,8.025,5.5,1.6,3.45,2.1,93.8,6.5,426.2,35.1,30.7,FALSE
72,Nữ,12.6,8.025,5.7,1.7,3.45,1.3,134,9.2,426.2,149.5,83,TRUE
49,Nam,6,8.025,5.5,1.6,3.45,2.1,96.6,5.3,426.2,14.2,24.1,FALSE
22,Nam,16.3,8.025,5.5,1.6,3.45,2.1,101.6,8.2,426.2,20.3,13.9,TRUE
34,Nữ,5.7,8.025,5.7,2.3,3.45,2.4,107.8,6,426.2,89.2,74.2,FALSE
57,Nữ,5.3,8.025,5.4,1.6,3.45,1.3,141.7,5.3,478.6,25.3,22.6,FALSE
51,Nam,5.6,8.025,5.7,1.6,3.45,1.1,85.2,5.3,426.2,20.1,24.6,FALSE
36,Nữ,9.3,8.025,5.5,1.6,3.45,2.1,114.7,5.3,426.2,14.5,17.5,TRUE
78,Nam,8.3,8.025,5,2,3.45,1.8,107,7.5,426.2,22.5,20.6,TRUE
59,Nữ,5.6,8.025,5.5,1.6,3.45,2.1,110.5,5.3,426.2,30.3,22.6,FALSE
31,Nam,5.1,8.025,5.5,1.6,3.45,2.1,85.5,5.3,426.2,17.7,18.3,FALSE
66,Nam,6.3,8.025,5.5,1.6,3.45,2.1,112.6,5.3,426.2,23.1,16.8,FALSE
56,Nam,5.8,8.025,5.5,1.6,3.45,2.1,106.3,4.3,426.2,18.9,17.3,FALSE
82,Nam,5.2,8.025,4.3,1.6,3.45,1.2,115.2,5.2,560,18,12.2,FALSE
57,Nam,4.5,8.025,3.5,1.4,3.45,1.7,85.2,5.3,426.2,25,21.6,FALSE
65,Nam,4.8,8.025,6,2.1,3.45,1.7,91.1,5.6,426.2,27.1,27,FALSE
48,Nam,2.8,8.025,5.5,1.6,3.45,2.1,92.7,6.2,426.2,34.6,33.6,FALSE
57,Nữ,10.7,8.025,5.5,1.6,3.45,2.1,104.9,4.9,484.9,61.3,39.1,TRUE
45,Nam,6.5,8.025,5.5,1.6,3.45,2.1,94.7,5.3,426.2,26.3,16.8,FALSE
45,Nữ,5.6,8.025,5.5,1.6,3.45,2.1,103.7,5.3,426.2,42.2,29.5,FALSE
46,Nữ,6.5,8.025,5.5,1.6,3.45,2.1,1053.9,22,426.2,55.2,58.2,FALSE
63,Nữ,5.3,8.025,5.5,1.6,3.45,2.1,103.8,4.7,426.2,21.6,20.8,FALSE
41,Nữ,8.5,8.025,5.5,1.6,3.45,2.1,106.4,8,426.2,35.6,17.1,TRUE
58,Nam,12.2,7.73,5.5,1.6,3.45,2.1,121,5.3,426.2,25,21.6,TRUE
67,Nữ,5.3,8.025,6.8,1.8,3.45,1.6,102.1,9.7,239.3,20.9,22.9,FALSE
40,Nam,4.4,8.025,5.5,1.6,3.45,2.1,95.9,5.3,426.2,12.4,14.9,FALSE
32,Nam,5.6,8.025,5.5,1.6,3.45,2.1,113.9,2.8,426.2,24,21.2,FALSE
49,Nam,5.6,8.025,5.5,1.6,3.45,2.1,142.9,4.4,426.2,29.3,22.9,FALSE
39,Nữ,8,8.025,5.5,1.6,3.45,2.1,110.9,2.9,426.2,25.9,27.3,TRUE
32,Nam,5.2,8.025,5.5,1.6,3.45,2.1,93.7,3.9,426.2,18.8,13.7,FALSE
49,Nam,6.5,8.025,3.7,1.6,3.45,0.9,99.5,5.3,426.2,27.5,29.2,FALSE
13,Nữ,5.5,8.025,5.5,1.6,3.45,2.1,89.1,5.3,426.2,22.2,13.2,FALSE
41,Nữ,5.8,8.025,5.5,1.6,3.45,2.1,108.7,5.3,426.2,50.6,64.9,FALSE
14,Nam,5.6,8.025,5.5,1.6,3.45,2.1,90.1,4.7,426.2,19.1,18.2,FALSE
42,Nữ,9.7,8.025,5.5,1.6,3.45,2.1,119.2,4.4,426.2,40.8,58.8,TRUE
64,Nữ,9.2,8.025,4.5,1.6,3.45,1.2,120.8,8,387.4,25.1,47.5,TRUE
15,Nam,5.1,8.025,5.5,1.6,3.45,2.1,75.4,5.3,426.2,11.7,16.4,FALSE
27,Nam,2.7,8.025,5.5,1.6,3.45,2.1,70,6,426.2,17.5,13.7,FALSE
65,Nữ,4.2,8.025,5.5,1.6,3.45,2.1,85.2,7.5,426.2,31.7,24.2,FALSE
36,Nam,4.7,8.025,5.5,1.6,3.45,2.1,79.4,5.7,426.2,25.5,21,FALSE
20,Nam,5.8,8.025,5.5,1.6,3.45,2.1,76.7,5.3,426.2,13.9,10.2,FALSE
44,Nam,5.6,8.025,5.5,1.6,3.45,2.1,100.2,5.9,426.2,17.2,28.9,FALSE
54,Nam,9.5,8.025,6.3,2,3.45,4.8,98,7.5,426.2,15.4,26.2,TRUE
77,Nữ,5,8.025,5.5,1.6,3.45,2.1,124.7,5.3,563.2,15.8,17.2,FALSE
66,Nam,5.3,8.025,4.8,1.6,3.45,2.3,91.3,5.3,389.7,20.1,25.2,FALSE
57,Nam,5,8.025,5.5,1.6,3.45,1.7,133,5.3,426.2,29,32,FALSE
25,Nữ,5.6,8.025,5.5,1.6,3.45,2.1,138.6,5.3,426.2,17.8,16.7,FALSE
52,Nam,4.9,8.025,5.3,1.6,3.45,1.2,85.2,5.3,426.2,28.2,15.4,FALSE
29,Nam,5.6,8.025,3,1.6,3.45,1.3,85.2,5.3,426.2,13.3,19.6,FALSE
63,Nam,5.6,8.025,3.7,1.6,3.45,1.8,85.2,5.3,426.2,20,14.3,FALSE
80,Nam,5.6,8.025,5.5,1.6,3.45,2.1,93.8,5.3,426.2,29.7,32,FALSE
41,Nam,3.9,8.025,5.5,1.6,3.45,2.1,107.5,5.3,426.2,22.3,28.8,FALSE
44,Nam,7.6,8.025,5.5,1.6,3.45,2.1,92,5.3,426.2,17.4,32.5,TRUE
63,Nam,5.6,8.025,5.5,1.6,3.45,2.1,102.1,3.2,426.2,22.9,20.5,FALSE
66,Nữ,9.3,8.025,5.5,1.6,3.45,2.1,122.7,4.5,426.2,20.3,27.4,TRUE
54,Nam,4.9,8.025,4.8,1.5,3.45,1.5,107.2,6.9,397.6,31.1,38.4,FALSE
84,Nữ,9.7,8.025,4.7,1.6,3.45,2.5,142.4,7.7,426.2,24.3,21.7,TRUE
76,Nam,5.3,8.025,5.5,1.6,3.45,2.1,147.6,11.7,426.2,19.9,14.6,FALSE
36,Nữ,8.2,8.025,5.5,1.6,3.45,2.1,77.5,3,426.2,226.2,45.8,TRUE
53,Nam,4.9,8.025,5.5,1.6,3.45,2.1,92.7,5.3,426.2,17,16.7,FALSE
46,Nam,5.6,8.025,5.5,1.6,3.45,2.1,90,5.9,426.2,13.6,13.2,FALSE
56,Nam,6.3,8.025,7.1,2.2,3.45,10.3,81.7,3.7,426.2,26.5,43.2,FALSE
39,Nam,4.7,8.025,5.5,1.6,3.45,2.1,104.4,5.8,332,19.4,21.3,FALSE
87,Nam,5.3,8.025,5.5,1.6,3.45,2.1,84,4.3,339.3,25.3,13.7,FALSE
44,Nam,5.4,8.025,5.5,1.6,3.45,2.1,98.9,5.3,426.2,55.6,147.7,FALSE
2,Nữ,3.7,8.025,5.5,1.6,3.45,2.1,40,2.4,426.2,25,21.6,FALSE
6,Nam,3.2,8.025,5.5,1.6,3.45,2.1,73,7.5,426.2,34.7,16.8,FALSE
62,Nam,3.6,8.025,6,1.8,3.45,3.3,85.2,5.3,426.2,25,21.6,FALSE
44,Nam,6.5,8.025,5.5,1.6,3.45,1.6,85.2,5.3,426.2,20.3,18.6,FALSE
56,Nam,6.3,8.025,5.5,1.6,3.45,2.1,103.3,5.3,426.2,18.6,18.4,FALSE
40,Nữ,8.8,8.025,5.5,1.6,3.45,2.1,144.2,4.7,426.2,51.3,49.7,TRUE
22,Nam,3.2,8.025,5.5,1.6,3.45,2.1,81.1,5.3,426.2,15.3,10,FALSE
39,Nữ,5.6,8.025,12.1,1.6,3.45,26.4,85.2,5.3,426.2,207.3,106.4,FALSE
3,Nam,14.7,8.025,5.5,1.6,3.45,2.1,75.1,6.6,426.2,182.4,70.8,TRUE
38,Nữ,4.6,8.025,5.5,1.6,3.45,2.1,101.3,4.2,426.2,21.7,22.6,FALSE
12,Nam,5,8.025,5.5,1.6,3.45,2.1,75.4,2.8,426.2,25,21.6,FALSE
66,Nam,9.4,8.025,5.4,1.2,3.45,1.6,89.2,6.2,422.7,28.3,17.2,TRUE
55,Nữ,8.3,8.025,5.5,1.6,3.45,2.1,146.9,7,426.2,30.8,40.4,TRUE
34,Nữ,5.6,8.025,5.5,1.6,3.45,2.1,137.4,5.2,426.2,26.6,27,FALSE
33,Nữ,5.6,8.025,5.5,1.6,3.45,2.1,105.3,5.5,426.2,32.5,41.4,FALSE
35,Nam,4.5,8.025,5.5,1.6,3.45,2.1,100.8,5.3,426.2,22.1,15.9,FALSE
25,Nam,4.5,8.025,5.5,1.6,3.45,2.1,93.3,5.3,426.2,23.5,13.7,FALSE
5,Nam,3.9,8.025,5.5,1.6,3.45,2.1,55.2,3.5,426.2,31.9,14,FALSE
57,Nữ,14,8.025,6,2.4,3.45,1.4,158,4.4,426.2,54,30,TRUE
61,Nam,9,8.025,5.5,1.6,3.45,2.1,123.6,5,426.2,24,37.4,TRUE
46,Nữ,14.4,8.025,5.5,1.6,3.45,13.3,104.9,6.9,426.2,156.1,342.3,TRUE
49,Nữ,6.4,8.025,5.5,1.6,3.45,2.1,93.4,13.5,426.2,339.4,162,FALSE
54,Nam,5.5,8.025,5.5,1.6,3.45,2.1,98.8,4.1,426.2,26.1,41.1,FALSE
20,Nam,5.5,8.025,5.5,1.6,3.45,2.1,72.9,5.3,426.2,125.5,237.6,FALSE
51,Nam,3.8,8.025,5.5,1.6,3.45,2.1,100.9,4.3,426.2,24.5,24.1,FALSE
12,Nữ,7.1,8.025,5.5,1.6,3.45,2.1,87.5,5.3,426.2,30.8,15.4,TRUE
17,Nam,5.8,8.025,5.5,1.6,3.45,2.1,78.9,4.1,426.2,16.5,15.6,FALSE
1,Nam,5.6,8.025,5.5,1.6,3.45,2.1,41.1,2,426.2,40,22.2,FALSE
74,Nữ,12.3,8.025,4.9,1.6,3.45,7.5,256.2,9.9,426.2,18.7,13.5,TRUE
35,Nam,5.9,8.025,5.5,1.6,3.45,2.1,68.4,5.3,426.2,22.4,17.1,FALSE
38,Nam,4.7,8.025,5.5,1.6,3.45,2.1,91.6,5.3,426.2,17.3,12.2,FALSE
73,Nữ,4.5,8.025,5.5,1.6,3.45,2.1,162.2,8.6,426.2,16.6,19.5,FALSE
8,Nữ,5.6,8.025,5.5,1.6,3.45,2.1,72.6,5.3,426.2,22.3,11.5,FALSE
32,Nam,4.8,8.025,5.5,1.6,3.45,2.1,62.8,5.3,426.2,20.2,11.6,FALSE
17,Nam,6.6,8.025,5.5,1.6,3.45,2.1,103.9,5.3,426.2,36.5,26,FALSE
18,Nam,3.6,8.025,5.5,1.6,3.45,2.1,67,5.3,426.2,19.7,18.4,FALSE
76,Nam,2.9,8.025,5.5,1.6,3.45,2.1,89.2,5.3,426.2,17.3,17.2,FALSE
1,Nam,5.6,8.025,5.5,1.6,3.45,2.1,14.6,3.1,426.2,89,52.3,FALSE
50,Nam,3.7,8.025,5.5,1.6,3.45,2.1,82,5.3,426.2,13.8,22.8,FALSE
83,Nam,11.2,8.025,4.8,1.6,3.45,3.7,88.9,4.9,426.2,81.5,91.4,TRUE
26,Nam,7.5,8.025,5.5,1.6,3.45,2.1,78.5,5.3,426.2,19,15.3,TRUE
34,Nữ,6,8.025,5.5,1.6,3.45,0.8,105.1,5.3,426.2,26.2,17.9,FALSE
62,Nam,7.7,8.025,5.5,1.6,3.45,2.1,101.1,4.7,426.2,34.5,30.7,TRUE
19,Nam,5.7,8.025,5.5,1.6,3.45,2.1,84.5,3.8,426.2,17.7,13.5,FALSE
53,Nam,6.4,8.025,5.5,1.6,3.45,2.1,73.2,3,426.2,47.6,46.4,FALSE
88,Nữ,4.2,8.025,5.5,1.6,3.45,2.1,166.1,6,643.7,23.1,12.9,FALSE
83,Nam,4.7,8.025,5.5,1.6,3.45,2.1,112.9,5.3,426.2,29.2,20.8,FALSE
46,Nam,5,8.025,5.5,1.6,3.45,2.1,87,5.3,426.2,23,17,FALSE
44,Nam,5.1,8.025,4.8,1.6,3.45,2.1,85.2,5.3,426.2,19,17.8,FALSE
1,Nam,5.6,8.025,5.5,1.6,3.45,2.1,30.3,2,426.2,39.5,20.9,FALSE
65,Nam,5.9,8.025,6.6,2,3.45,1,101.6,11.6,426.2,24.9,31.5,FALSE
33,Nam,12.5,8.025,5.5,1.6,3.45,2.1,81.7,5.3,426.2,25,25.2,TRUE
60,Nữ,3.3,8.025,5.5,1.6,3.45,2.1,523.8,23.2,426.2,28,12.4,FALSE
41,Nữ,5.8,8.025,3.2,1.6,3.45,2.3,85.2,5.3,413.2,20.3,25.9,FALSE
21,Nam,4.4,8.025,5.5,1.6,3.45,2.1,58.7,5.3,426.2,17.9,10.5,FALSE
49,Nam,5.6,8.025,5.5,1.6,3.45,2.1,99.8,5.3,426.2,22.7,28.7,FALSE
38,Nữ,22.6,8.025,5.5,1.6,3.45,2.1,182.8,5.1,426.2,25,21.6,TRUE
61,Nam,6.2,8.025,5.5,1.6,3.45,2.1,85.2,5.3,426.2,41,75.2,FALSE
95,Nam,9.6,8.025,5.5,1.6,3.45,2.1,141.8,9.1,426.2,13.1,11.2,TRUE
70,Nữ,10.1,8.025,4.9,1.8,3.45,1,127.1,4.7,426.2,18,18.2,TRUE
23,Nam,4.5,8.025,5.5,1.6,3.45,2.1,75.6,5.3,426.2,12.9,19.3,FALSE
14,Nam,4.8,8.025,5.5,1.6,3.45,2.1,74.1,5.3,426.2,15.4,13,FALSE
51,Nữ,9.2,4.29,5.5,1.6,3.45,2.1,118.2,5.5,426.2,25,21.6,TRUE
38,Nữ,31.1,8.025,5.5,1.6,3.45,2.1,85.2,5.3,426.2,45,26.2,TRUE
41,Nữ,6.5,8.025,5.5,1.6,3.45,2.1,154.6,6.4,388.6,25.1,36.6,FALSE
42,Nam,5.5,8.025,5.5,1.6,3.45,2.1,73.8,5.3,426.2,16.3,15.7,FALSE
21,Nữ,5,8.025,5.5,1.6,3.45,2.1,126,5.3,426.2,31.4,28.4,FALSE
54,Nữ,16.5,8.025,5.5,1.6,3.45,2.1,197,12.8,426.2,91.9,56.8,TRUE
40,Nam,5.3,8.025,6.9,1.6,3.45,1.9,85.2,5.3,426.2,21.7,13,FALSE
25,Nam,5.4,8.025,5.5,1.6,3.45,2.1,85.6,3.2,426.2,19,12.6,FALSE
60,Nữ,9.6,8.025,5.5,1.6,3.45,2.1,153.1,7.1,426.2,37,36.4,TRUE
57,Nam,5.2,8.025,5.5,1.6,3.45,2.1,92.8,4.1,426.2,15.1,19,FALSE
37,Nam,5.8,8.025,5.5,1.6,3.45,2.1,96.4,4.4,426.2,19.9,14.7,FALSE
1,Nữ,4.8,8.025,5.5,1.6,3.45,2.1,32.3,2,426.2,67.2,43,FALSE
46,Nữ,5.6,8.025,5.5,1.6,3.45,2.1,75.9,5.6,426.2,196.3,47.3,FALSE
62,Nữ,4.9,8.025,5.5,1.6,3.45,2.1,131.2,5.9,554.5,25,21.6,FALSE
29,Nam,4.8,8.025,5.5,1.6,3.45,2.1,98.8,5.3,426.2,31,21.5,FALSE
61,Nam,17.4,8.025,5.5,1.6,3.45,2.1,114.2,5.3,426.2,47,44.5,TRUE
12,Nam,7,8.025,5.5,1.6,3.45,2.1,76.1,5.3,426.2,20.8,18.2,TRUE
48,Nam,10,8.025,5.5,1.6,3.45,2.1,113,5.3,426.2,17,12,TRUE
42,Nam,8.5,8.025,5.5,1.6,3.45,2.1,97.2,4.1,426.2,18.5,17.1,TRUE
48,Nữ,5.2,8.025,5.5,1.6,3.45,2.1,69.9,4.6,426.2,226.2,55.7,FALSE
52,Nữ,4.9,8.025,5.5,1.6,3.45,2.1,97.2,5.3,536.5,16.1,22.5,FALSE
58,Nữ,5.4,8.025,5.3,1.6,3.45,0.8,85.2,5.3,426.2,46.1,29.8,FALSE
43,Nam,5.8,8.025,4,1.6,3.45,0.4,85.2,5.3,426.2,28.8,25,FALSE
49,Nam,10.9,8.025,5.5,1.6,3.45,2.1,69.5,3.3,426.2,31.7,53,TRUE
59,Nam,6.8,8.025,5.5,1.6,3.45,2.1,100.8,5.3,426.2,56.5,44.8,FALSE
62,Nam,12.6,8,5.5,1.6,3.45,2.1,107.4,7.3,426.2,44.2,82.5,TRUE
78,Nữ,7.6,8.025,5.5,1.6,3.45,2.1,163.1,11.7,390.3,42.9,22.3,TRUE
43,Nam,5.5,8.025,5.5,1.6,3.45,2.1,87,5.6,426.2,21.2,23.3,FALSE
56,Nam,15.5,8.025,5.5,1.6,3.45,2.1,85.2,5.3,426.2,17.1,29.4,TRUE
35,Nam,4.3,8.025,5.5,1.6,3.45,2.1,89.6,5.3,426.2,14.8,12.1,FALSE
3,Nữ,5.6,8.025,5.5,1.6,3.45,2.1,65,4.2,426.2,21.3,17.1,FALSE
50,Nam,5,8.025,5.5,1.6,3.45,2.1,106,5.3,426.2,26.2,20,FALSE
16,Nữ,4.2,8.025,5.5,1.6,3.45,2.1,88.9,5.3,426.2,20.6,12.4,FALSE
33,Nữ,5.5,8.025,5.5,1.6,3.45,2.1,101.2,5.3,426.2,36.6,74.6,FALSE
65,Nữ,10.1,8.025,5.5,1.6,3.45,2.1,114.8,5.1,426.2,12.9,11.9,TRUE
57,Nữ,7.5,8.025,3.7,1.3,3.45,1.1,92,5.2,426.2,34.9,42.5,TRUE
98,Nam,7.9,8.025,5.2,1.6,3.45,2.1,101.4,5.1,426.2,23.2,12.1,TRUE
54,Nữ,3.5,8.025,5.5,1.6,3.45,2.1,72.4,3.2,426.2,169.3,36.9,FALSE
13,Nam,5.4,8.025,5.5,1.6,3.45,2.1,71.1,3.8,426.2,18.9,9.6,FALSE
75,Nam,6.2,8.025,5.4,1.6,3.45,1.4,85.2,5.3,426.2,27.6,22.2,FALSE
65,Nam,6.2,8.025,6.3,1.6,3.45,3.2,85.2,5.3,426.2,16.8,16.2,FALSE
79,Nam,6.1,8.025,3.9,1.6,3.45,0.9,85.2,5.3,426.2,24.7,14.3,FALSE
54,Nữ,22.2,8.025,4.1,1.6,3.45,1.8,131.7,5.3,426.2,28.5,41.5,TRUE
38,Nam,6.6,8.025,5.5,1.6,3.45,2.1,92.3,5.3,426.2,16.5,22.6,FALSE
12,Nữ,7.1,8.025,5.5,1.6,3.45,2.1,75.7,5.3,426.2,21.8,18.6,TRUE
37,Nữ,8.3,8.025,5.5,1.6,3.45,2.1,115.9,5.3,426.2,26,24.2,TRUE
17,Nam,5,8.025,5.5,1.6,3.45,2.1,122.1,5.3,426.2,13.9,14.7,FALSE
31,Nữ,4,8.025,5.5,1.6,3.45,2.1,93.2,5.3,426.2,50.2,78,FALSE
41,Nam,4.1,8.025,5.5,1.6,3.45,2.1,77.8,5.3,426.2,15.5,13.4,FALSE
21,Nam,5.5,8.025,5.5,1.6,3.45,2.1,84.4,5.3,426.2,13.1,10.5,FALSE
36,Nam,4.2,8.025,5.5,1.6,3.45,2.1,72.9,5.3,426.2,21.4,31.9,FALSE
64,Nữ,3.9,8.025,5.5,1.6,3.45,2.1,131.6,4,426.2,17.5,16.7,FALSE
65,Nam,7.2,8.025,5.5,1.6,3.45,2.1,87.5,4.5,426.2,24.9,25.5,TRUE
45,Nam,6.9,8.025,5.5,1.6,3.45,2.1,77.9,3.6,426.2,32.7,21.8,FALSE
61,Nam,11.7,8.025,5.5,1.6,3.45,2.1,95.9,4.8,426.2,11.6,17.8,TRUE
59,Nam,8.3,8.025,5.5,1.6,3.45,2.1,100.6,6.8,426.2,31,39.5,TRUE
3,Nữ,4,8.025,5.5,1.6,3.45,2.1,49.8,3.7,426.2,23.8,8.9,FALSE
81,Nữ,9.6,8.37,6.5,2,3.45,2.1,85.2,5.3,426.2,25,21.6,TRUE
52,Nam,5,8.025,6,1.7,3.45,3.1,101.9,4.3,426.2,25.3,21.4,FALSE
23,Nam,6.2,8.025,5.5,1.6,3.45,2.1,71.4,5.3,426.2,29.6,39.9,FALSE
39,Nam,4.7,8.025,5.5,1.6,3.45,2.1,77.5,5.3,426.2,13.2,15.3,FALSE
39,Nam,4,8.025,5.5,1.6,3.45,2.1,94,2.1,426.2,25,21.6,FALSE
52,Nam,16.9,8.025,4.1,1.4,3.45,1.8,85.2,5.3,426.2,25,21.6,TRUE
64,Nam,6.3,8.025,4.7,1.5,3.45,2.7,91.9,6,426.2,32.1,52.8,FALSE
43,Nam,5,8.025,5.5,1.6,3.45,2.1,96.6,4.7,426.2,17.4,20.2,FALSE
32,Nam,4.3,8.025,5.5,1.6,3.45,2.1,75.5,5.3,426.2,21.4,11,FALSE
72,Nam,6.5,8.025,5.5,1.6,3.45,2.1,111.6,5.3,426.2,24.7,34.3,FALSE
59,Nam,5.1,8.025,5.5,1.6,3.45,2.1,95,5.3,426.2,36.8,31,FALSE
48,Nam,4.1,8.025,5.5,1.6,3.45,2.1,110.2,5.5,426.2,27.2,26.9,FALSE
53,Nữ,5.7,8.025,5.5,1.6,3.45,2.1,97.4,4.9,426.2,34.7,33.5,FALSE
37,Nam,7.4,8.025,5.5,1.6,3.45,2.1,77.3,5.3,426.2,16.9,18.1,TRUE
66,Nam,6.7,8.025,6.5,1.6,3.45,2.3,85.2,5.3,426.2,25,21.6,FALSE
49,Nam,5.9,8.025,5.5,1.6,3.45,2.1,96.4,5.3,426.2,19,17.6,FALSE
52,Nam,14.6,8.025,5.5,1.6,3.45,2.1,96.5,4.1,426.2,26.2,33.8,TRUE
4,Nữ,5.6,8.025,4.4,1.6,3.45,0.9,67.2,4,426.2,25,21.6,FALSE
55,Nữ,6,8.025,6.7,1.6,3.45,3.3,118.6,5.3,301.1,24.2,23.8,FALSE
65,Nam,8.2,8.025,5.4,1.7,3.45,0.9,85.2,5.3,426.2,33.4,31.9,TRUE
52,Nam,4.6,8.025,4.2,1.6,3.45,1.7,121.9,6.9,347,21.3,24,FALSE
66,Nam,5.6,8.025,6.1,2.1,3.45,4.4,92.5,7.5,426.2,16,20,FALSE
56,Nam,6,8.025,6.1,1.6,3.45,2.5,95,5.3,426.2,20.8,22.7,FALSE
55,Nữ,8.5,8.025,5.5,1.6,3.45,2.1,85.2,5.3,426.2,16,16.5,TRUE
33,Nam,10.5,8.025,5.5,1.6,3.45,2.1,94.7,4.3,426.2,32.5,43.8,TRUE
21,Nam,6.7,8.025,5.5,1.6,3.45,2.1,93.7,5.3,426.2,12.5,19,FALSE
59,Nam,6.1,8.025,7.2,1.6,3.45,3.3,106.8,7.2,426.2,39.6,50.6,FALSE
63,Nam,4.8,8.025,5.5,1.6,3.45,2.1,801.9,23.2,426.2,32.8,32,FALSE
33,Nam,4.8,8.025,5.5,1.6,3.45,2.1,81.8,5.3,426.2,21.2,22,FALSE
36,Nam,5.2,8.025,5.5,1.6,3.45,2.1,75.9,5.3,426.2,19.4,14.8,FALSE
65,Nam,4.9,8.025,5.5,1.6,3.45,2.1,93.6,5.3,426.2,61.5,63.5,FALSE
63,Nữ,7.2,8.025,5.5,1.6,3.45,2.1,109.9,5.3,426.2,30.4,34.1,TRUE
41,Nam,5.2,8.025,5.5,1.6,3.45,2.1,90.8,5.3,426.2,17.7,14.1,FALSE
52,Nam,7.7,8.025,5.5,1.6,3.45,2.1,105,5.3,426.2,14.7,19.8,TRUE
20,Nam,4.5,8.025,5.5,1.6,3.45,2.1,75.5,5.3,426.2,14.1,16.9,FALSE
58,Nam,10.5,8.025,5.5,1.6,3.45,2.1,104.9,5.4,426.2,51.2,50.9,TRUE
52,Nam,3.8,8.025,5.5,1.6,3.45,2.1,4.2,4.2,426.2,60,89,FALSE
41,Nam,5.6,8.025,5.5,1.6,3.45,2.1,91.6,3.3,426.2,20.5,20.1,FALSE
57,Nam,13.1,8.025,5.5,1.6,3.45,2.1,102.4,5.3,426.2,40.2,77.9,TRUE
16,Nữ,3.6,8.025,5.5,1.6,3.45,2.1,77.5,5.3,426.2,19.6,12.5,FALSE
16,Nam,3.4,8.025,5.5,1.6,3.45,2.1,60.8,5.3,426.2,18.6,13.6,FALSE
59,Nam,5.2,8.025,5.5,1.6,3.45,2.1,118.5,8.1,426.2,26.3,21.3,FALSE
32,Nam,5.6,8.025,5.5,1.6,3.45,2.1,104,3.5,426.2,17.1,12.8,FALSE
36,Nữ,5.6,8.025,5.5,1.6,3.45,2.1,111.7,4.9,426.2,38.4,56.6,FALSE
31,Nữ,4.5,8.025,5.5,1.6,3.45,2.1,100.6,5.3,426.2,30.6,32.3,FALSE
24,Nam,4.9,8.025,5.5,1.6,3.45,2.1,82.4,5.3,426.2,15.8,14.9,FALSE
60,Nữ,4.6,8.025,5.5,1.6,3.45,2.1,100.9,4.8,426.2,39.2,31.1,FALSE
24,Nam,4,8.025,5.5,1.6,3.45,2.1,73.7,5.3,426.2,20.4,12.8,FALSE
39,Nam,3.8,8.025,5.5,1.6,3.45,2.1,105.4,5.3,426.2,39.6,39.1,FALSE
64,Nam,8.4,8.025,6.8,1.6,3.45,2.5,112.2,8.8,426.2,20.2,19.2,TRUE
21,Nam,7.4,8.025,5.5,1.6,3.45,2.1,92.7,4.2,426.2,27.4,38.4,TRUE
60,Nam,5.3,8.025,5.5,1.6,3.45,2.1,103.4,4.5,426.2,27.4,14.4,FALSE
50,Nam,7,8.025,5.5,1.6,3.45,2.1,101.1,3.9,426.2,366.9,222,TRUE
67,Nam,5.4,8.025,5.5,1.6,3.45,2.1,103.9,4.6,426.2,56.1,49.2,FALSE
46,Nữ,9.3,8.025,5.5,1.6,3.45,2.1,85.2,5.3,426.2,22,30.8,TRUE
41,Nữ,5.8,8.025,5.5,1.6,3.45,2.1,107.4,5.3,426.2,26.9,34.6,FALSE
58,Nam,7.5,8.025,5.5,1.6,3.45,2.1,85.6,5.3,426.2,33.3,25.5,TRUE
30,Nam,4.2,8.025,5.5,1.6,3.45,2.1,72.2,5.3,426.2,17,9.3,FALSE
4,Nam,4.8,8.025,5.5,1.6,3.45,2.1,64.5,3.1,426.2,36.2,13.1,FALSE
67,Nữ,5.6,8.025,5.2,1.6,3.45,3.2,85.2,5.3,426.2,36.1,38.1,FALSE
39,Nam,5.3,8.025,5.5,1.6,3.45,2.1,93.2,5.3,426.2,27.8,19.6,FALSE
38,Nữ,5.2,8.025,5.5,1.6,3.45,2.1,117.6,5.3,426.2,41.1,41.5,FALSE
28,Nam,5.8,8.025,4.3,1.6,3.45,3.6,94.8,5.3,426.2,46.7,53.6,FALSE
24,Nam,6.7,8.025,5.5,1.6,3.45,2.1,76.6,5.3,426.2,20.7,28,FALSE
30,Nam,4.4,8.025,5.5,1.6,3.45,2.1,74.3,5.3,426.2,16.3,13.2,FALSE
75,Nam,4,8.025,4.2,1.6,3.45,2.1,70.7,4.9,426.2,39.6,40.9,FALSE
61,Nam,4.8,8.025,6,1.6,3.45,1.5,131.2,7.3,426.2,24.6,31.3,FALSE
76,Nam,7.1,8.025,5.5,1.6,3.45,2.1,112.7,5.3,429.7,29.2,28,TRUE
65,Nam,9.5,8.025,5.5,1.6,3.45,1.5,104.9,5.3,426.2,41,63.3,TRUE
86,Nam,5.2,8.025,3.5,1.6,3.45,4.2,116.2,5.3,625,36.9,35.8,FALSE
50,Nữ,5,8.025,3.7,1.6,3.45,1.7,78.7,4.1,426.2,31.2,32.8,FALSE
51,Nữ,6.5,8.025,7.2,1.6,3.45,2.1,107.6,5.3,426.2,133.3,54.3,FALSE
35,Nữ,4.8,8.025,5.5,1.6,3.45,2.1,85.1,5.3,426.2,26.6,25.5,FALSE
23,Nữ,4,8.025,5.5,1.6,3.45,2.1,97.8,5.3,426.2,22.4,25.2,FALSE
23,Nam,3.4,8.025,5.5,1.6,3.45,2.1,68,5.3,426.2,10.5,10.7,FALSE
21,Nam,4.3,8.025,5.5,1.6,3.45,2.1,90.5,5.3,426.2,22.3,18.2,FALSE
19,Nam,5.5,8.025,5.5,1.6,3.45,2.1,78.1,5.3,426.2,12.7,12.4,FALSE
22,Nam,5.6,8.025,5.5,1.6,3.45,2.1,81.7,4.8,426.2,25,35,FALSE
77,Nữ,4.7,8.025,5.5,1.6,3.45,2.1,132.4,5.8,426.2,19.7,17.6,FALSE
76,Nữ,4,8.025,5.5,1.6,3.45,2.1,111.2,2.6,426.2,16.6,11.8,FALSE
44,Nữ,5,8.025,4.6,1.5,3.45,0.6,104.2,5.7,426.2,22.5,19,FALSE
62,Nữ,6.7,8.025,7.1,1.9,3.45,1.4,101.4,3,386.6,65.8,93,FALSE
51,Nam,5.6,8.025,5.5,1.6,3.45,2.1,93.5,5.8,426.2,46.7,40.7,FALSE
62,Nam,7.5,8.025,5.5,1.6,3.45,2.1,85.2,5.3,426.2,20.5,19.1,TRUE
30,Nam,5.9,8.025,5.5,1.6,3.45,2.1,71.7,5.3,426.2,16.1,18.1,FALSE
33,Nữ,5,8.025,6,1.6,3.45,2.1,85.2,5.3,426.2,20.4,28.8,FALSE
61,Nam,4.4,7.22,5.1,1.5,3.45,2.5,97.2,5.3,426.2,25,21.6,TRUE
39,Nam,6.6,6.8,4.3,1.8,3.45,0.6,85.2,5.3,426.2,25,21.6,TRUE
47,Nữ,4.6,8.025,5.5,1.6,3.45,2.1,98.8,5.3,426.2,66.4,54.2,FALSE
57,Nam,3.7,8.025,5.5,1.6,3.45,2.1,73.5,3.3,426.2,21.4,14,FALSE
89,Nam,4.3,8.025,5.1,1.8,3.45,1.6,84.6,7.6,426.2,28.7,22.2,FALSE
42,Nam,3.9,8.025,5.5,1.6,3.45,2.1,83.7,4.5,426.2,23.6,18.5,FALSE
53,Nam,4.9,8.025,5.5,1.6,3.45,2.1,79.9,4.2,449.1,18.8,13.2,FALSE
17,Nam,3.4,8.025,5.5,1.6,3.45,2.1,85.2,5.3,426.2,16.6,15.2,FALSE
78,Nam,4.5,8.025,5.5,1.6,3.45,2.1,100.8,5.3,426.2,14.4,13.8,FALSE
67,Nam,8.4,8.025,4.7,1.9,3.45,1.2,94.7,4.8,426.2,29.3,17.9,TRUE
44,Nam,8.1,7.15,4.6,1.3,3.45,1.8,75.7,5.1,426.2,25,21.6,TRUE
79,Nữ,3.2,6.43,5.5,1.6,3.45,2.1,178.2,9.4,426.2,21.5,20.5,FALSE
74,Nam,11.1,8.025,5.5,1.6,3.45,2.1,125.1,6.8,426.2,20.2,22.1,TRUE
62,Nam,7.9,5.67,5.5,1.6,3.45,2.1,85.2,5.3,336.2,25,21.6,TRUE
3,Nữ,4,8.025,5.5,1.6,3.45,2.1,77.2,6.8,426.2,35,17.9,FALSE
54,Nữ,12.8,8.025,5.5,1.6,3.45,2.1,157.3,6.4,426.2,35.4,62.7,TRUE
57,Nữ,5.6,8.025,3.5,1.6,3.45,1.5,85.2,5.3,426.2,23.8,16.1,FALSE
39,Nam,5,8.025,5.5,1.6,3.45,2.1,85.2,5.3,426.2,15.8,14.4,FALSE
23,Nữ,9.1,8.025,5.5,1.6,3.45,2.1,156.1,6.3,426.2,39.6,17,TRUE
21,Nam,5.1,8.025,5.5,1.6,3.45,2.1,89.9,5.3,426.2,21.9,25,FALSE
32,Nam,6.7,8.025,5.5,1.6,3.45,2.1,98.5,5.6,426.2,23.3,27.4,FALSE
19,Nữ,5.4,8.025,5.5,1.6,3.45,2.1,137.1,6.8,426.2,54.7,37.8,FALSE
37,Nữ,7.6,8.025,5.5,1.6,3.45,2.1,97.3,5.3,426.2,46.6,40.5,TRUE
43,Nam,3.7,8.025,5.5,1.6,3.45,2.1,83.6,5.3,426.2,25.4,20.4,FALSE
35,Nam,3.5,8.025,5.5,1.6,3.45,2.1,73.7,5.3,426.2,22.4,19.1,FALSE
22,Nữ,4.9,8.025,4.9,1.6,3.45,1.2,113.6,5.2,426.2,22.6,21.3,FALSE
66,Nam,5.7,8.025,5.5,1.6,3.45,2.1,99.5,4.1,426.2,29.2,15.3,FALSE
51,Nữ,11.6,8.025,5.5,1.6,3.45,2.1,83.3,7.5,426.2,272.9,140,TRUE
63,Nam,11.5,8.025,5.5,1.6,3.45,2.1,119.1,7,426.2,26.7,36.7,TRUE
51,Nam,9.6,8.025,5.5,1.6,3.45,2.1,85.2,5.3,426.2,21.9,15.3,TRUE
41,Nam,5.3,8.025,5.5,1.6,3.45,2.1,85.2,5.3,426.2,17,14.3,FALSE
46,Nam,5.1,8.025,5.7,1.3,3.45,3.9,87.3,4.5,426.2,20,13.6,FALSE
57,Nữ,5.7,8.025,5.5,1.6,3.45,2.1,85.2,5.3,426.2,78.2,52.8,FALSE
31,Nam,4.1,8.025,5.5,1.6,3.45,2.1,78.9,5.3,426.2,18.3,12.1,FALSE
38,Nam,4.6,8.025,5.5,1.6,3.45,2.1,85.2,5.1,426.2,33,44,FALSE
51,Nam,5.2,8.025,5.5,1.6,3.45,2.1,90.6,5.1,342.7,26.5,25.9,FALSE
49,Nam,4.9,8.025,5.5,1.6,3.45,2.1,89.4,6.9,426.2,23.1,22.5,FALSE
39,Nam,5.8,8.025,5.5,1.6,3.45,2.1,130.3,5.4,426.2,30.9,22.8,FALSE
49,Nữ,5.1,8.025,5.5,1.6,3.45,2.1,111,5.3,426.2,50.6,35.3,FALSE
36,Nam,4.1,8.025,5.5,1.6,3.45,2.1,64.2,5.3,426.2,12.3,10.1,FALSE
58,Nam,10.7,8.025,5.5,1.6,3.45,2.1,118.5,4.3,426.2,37.4,32.7,TRUE
77,Nam,6.6,8.025,5.5,1.6,3.45,2.1,132.8,6.6,426.2,21.7,13.6,FALSE
72,Nam,15.3,8.025,5.5,1.6,3.45,2.1,148.6,8.9,426.2,25.8,25.2,TRUE
49,Nữ,13.7,8.025,5.5,1.6,3.45,2.1,111.9,6.8,426.2,15.8,16.4,TRUE
51,Nam,6.5,8.025,5.5,1.6,3.45,2.1,95.2,5.3,426.2,25.8,22.8,FALSE
21,Nam,4.1,8.025,5.5,1.6,3.45,2.1,78.5,5.3,426.2,71.3,38.4,FALSE
80,Nữ,3.6,8.025,5.5,1.6,3.45,2.1,121,5.3,426.2,26.8,28.8,FALSE
6,Nam,5.1,8.025,5.5,1.6,3.45,2.1,65.3,2.1,426.2,39.7,16.6,FALSE
18,Nam,4.5,8.025,5.5,1.6,3.45,2.1,76.6,5.3,426.2,15.6,12.8,FALSE
64,Nữ,5.4,8.025,5.5,1.6,3.45,2.1,129.9,7.2,426.2,25.6,21.2,FALSE
61,Nam,5.8,8.025,5.5,1.6,3.45,2.1,116.3,5.3,426.2,32.2,25.8,FALSE
59,Nữ,6.2,8.025,5.5,1.6,3.45,2.1,111.3,5.3,426.2,41.9,24.6,FALSE
63,Nam,5.1,8.025,5.5,1.6,3.45,2.1,145.9,2.4,426.2,72.4,31.6,FALSE
31,Nam,8.4,8.025,5.5,1.6,3.45,2.1,103.6,5.3,426.2,20.4,13.3,TRUE
38,Nữ,5.6,8.025,5.5,1.6,3.45,2.1,111.4,5.3,426.2,16.8,22.3,FALSE
19,Nữ,5.6,8.025,5.5,1.6,3.45,2.1,119.9,5.3,426.2,21.1,24,FALSE
62,Nữ,4.6,8.025,5.5,1.6,3.45,2.1,101.9,5.3,426.2,24.9,25.8,FALSE
8,Nữ,5.6,8.025,5.5,1.6,3.45,2.1,46.2,3.5,426.2,26.2,22,FALSE
62,Nữ,6.7,8.025,6.2,1.2,3.45,3.5,85.2,5.3,426.2,25,21.6,FALSE
65,Nữ,6.8,8.025,5.5,1.6,3.45,2.1,85.2,5.3,426.2,175,83.8,FALSE
33,Nữ,5.6,8.025,5.5,1.6,3.45,2.1,126.6,5,426.2,31,34.1,FALSE
58,Nữ,5.4,8.025,5.5,1.6,3.45,2.1,98.4,7.3,460.8,35.4,43.3,FALSE
28,Nam,5.6,8.025,5.5,1.6,3.45,2.1,70.2,5.3,426.2,23.6,13.5,FALSE
69,Nam,6.9,8.025,5.5,1.6,3.45,2.1,90.2,6,426.2,25.9,28.3,FALSE
54,Nam,4.5,8.025,5.5,1.6,3.45,2.1,85.2,5.3,426.2,25.8,15.9,FALSE
63,Nữ,7.5,8.025,5.5,1.6,3.45,2.1,203.3,11,426.2,25,21.6,TRUE
29,Nam,3.6,8.025,5.5,1.6,3.45,2.1,94.4,5.3,426.2,41,25.6,FALSE
55,Nữ,5.6,8.025,5.5,1.6,3.45,2.1,89.9,5.3,426.2,28.1,29.2,FALSE
42,Nữ,5.6,8.025,5.5,1.6,3.45,2.1,110.2,5.3,426.2,21,40.1,FALSE
22,Nam,4.6,8.025,5.5,1.6,3.45,2.1,107,5.3,426.2,17.2,13.1,FALSE
70,Nữ,6.4,8.025,5.5,1.6,3.45,2.1,113.4,5.3,426.2,76.1,28.4,FALSE
71,Nữ,5.6,8.025,5.5,1.6,3.45,2.1,133.1,6.8,588.1,25,21.6,FALSE
11,Nữ,3.6,8.025,5.5,1.6,3.45,2.1,90.7,5.3,426.2,15.2,11.6,FALSE
68,Nam,6.9,8.025,5.5,1.6,3.45,2.1,95.3,3.9,426.2,15.2,14.7,FALSE
62,Nam,4.8,8.025,5.5,1.6,3.45,2.1,109.5,5.2,426.2,25.2,16.6,FALSE
68,Nam,5.2,8.025,5.5,1.6,3.45,2.1,105.2,4.6,426.2,17.2,17.5,FALSE
16,Nam,5.6,8.025,5.5,1.6,3.45,2.1,108.7,4.5,426.2,14.7,7.3,FALSE
12,Nữ,7,8.025,5.5,1.6,3.45,2.1,99.5,4.6,426.2,27.5,12.5,TRUE
35,Nữ,7.5,8.025,5.3,1.6,3.45,2.2,85.2,5.3,426.2,27.8,43.7,TRUE
76,Nữ,12.6,8.025,7,1.4,3.45,4.8,120.5,5.1,426.2,27.7,19.1,TRUE
52,Nữ,11.6,8.025,5.7,1.4,3.45,2.7,85.2,5.3,426.2,25,21.6,TRUE
54,Nam,6.3,8.025,4.8,1.2,3.45,2.2,103.8,3.6,426.2,28.3,32.8,FALSE
36,Nữ,5.1,8.025,5.5,1.6,3.45,2.1,122.6,5.3,426.2,26.7,25.7,FALSE
44,Nam,5.2,8.025,6.2,1.5,3.45,3.4,98.3,4.2,426.2,20.7,18.2,FALSE
66,Nữ,5.7,8.025,5.5,1.6,3.45,2.1,77,5.3,426.2,14.7,15.8,FALSE
13,Nam,4.8,8.025,5.5,1.6,3.45,2.1,96,4.4,426.2,27.2,14.8,FALSE
53,Nam,4.4,8.025,5.5,1.6,3.45,2.1,92.4,5.3,426.2,27.2,32,FALSE
59,Nữ,12.8,8.025,5.5,1.6,3.45,2.1,85.2,12.7,426.2,23.1,22.8,TRUE
56,Nam,5.6,8.025,5.5,1.6,3.45,2.1,93,6.1,426.2,31.4,21.7,FALSE
86,Nam,5.1,8.025,5.5,1.6,3.45,2.1,96.3,5.1,426.2,30.4,20.9,FALSE
40,Nữ,3.8,8.025,4.6,1.7,3.45,1.2,110.7,5.5,426.2,46.1,24.3,FALSE
3,Nam,5.4,8.025,5.5,1.6,3.45,2.1,39.8,5.3,426.2,38.9,16.3,FALSE
67,Nam,4.6,8.025,7.2,1.6,3.45,6.9,85.2,5.3,426.2,12.7,15,FALSE
57,Nam,4.6,8.025,5.5,1.6,3.45,2.1,93.3,5.3,426.2,24.2,43.2,FALSE
36,Nam,4.5,8.025,5.5,1.6,3.45,2.1,79.8,5.3,426.2,15.5,10.2,FALSE
51,Nam,4.3,8.025,4.8,1.1,3.45,2.4,89.7,6,426.2,23.9,22.9,FALSE
30,Nam,6.3,8.025,5.5,1.6,3.45,2.1,93.8,5.3,426.2,21.4,24.6,FALSE
19,Nữ,5.4,8.025,5.5,1.6,3.45,2.1,154,6.7,426.2,68.9,37.4,FALSE
27,Nữ,8.2,8.025,5.5,1.6,3.45,2.1,127.3,8.3,426.2,71.2,127.2,TRUE
55,Nữ,5.6,8.025,5.5,1.6,3.45,2.1,158.6,8.7,426.2,30.5,41.5,FALSE
59,Nam,4,8.025,8.1,1.7,3.45,4.4,109.4,5.9,426.2,21.8,15.6,FALSE
48,Nam,15.4,8.025,8.1,1.8,3.45,4.8,112.9,5.9,426.2,49.9,127,TRUE
35,Nam,3.9,8.025,5.5,1.6,3.45,2.1,71.7,5.3,426.2,13.4,11.5,FALSE
21,Nam,3.9,8.025,5.5,1.6,3.45,2.1,67.8,5.3,426.2,48.3,65.3,FALSE
44,Nam,4.6,8.025,5.4,1.6,3.45,0.9,85.2,5.3,426.2,20.9,17.6,FALSE
83,Nam,6.8,8.025,5.5,1.6,3.45,2.1,102,5.3,426.2,26.6,23.8,FALSE
91,Nữ,9.5,8.025,5.5,1.6,3.45,2.1,122.5,3.7,309.5,27.7,22,TRUE
5,Nam,5.6,8.025,5.5,1.6,3.45,2.1,91.6,6.5,426.2,23.7,11.3,FALSE
12,Nam,5.6,8.025,3.8,1.6,3.45,3.5,45.8,3.2,426.2,21.1,9.9,FALSE
35,Nam,5.8,8.025,5.5,1.6,3.45,2.1,83.7,5.3,426.2,23.4,15.4,FALSE
67,Nam,5.6,8.025,5.5,1.6,3.45,2.1,93.9,8.7,426.2,27.3,24,FALSE
45,Nam,17.1,8.025,5.5,1.6,3.45,2.1,106.7,5.3,357.6,46.8,56.1,TRUE
38,Nữ,5.6,8.025,5.5,1.6,3.45,2.1,126.6,8.4,426.2,36.6,46,FALSE
44,Nữ,8.2,8.025,5.5,1.6,3.45,2.1,119.3,5.7,426.2,45.6,87.8,TRUE
27,Nam,4.2,8.025,5.5,1.6,3.45,2.1,84,5.3,426.2,19.4,18.4,FALSE
61,Nam,4.2,8.025,8.1,1.7,3.45,2.6,141.2,12.9,426.2,21.9,16.7,FALSE
70,Nam,5.3,8.025,5.1,1.6,3.45,1.8,86,5.3,426.2,26.9,26.4,FALSE
102,Nữ,6.4,8.025,5.5,1.6,3.45,2.1,144.4,5.3,426.2,50.7,32.3,FALSE
61,Nam,10.4,9.4,4.5,1.1,3.45,2,85.2,5.3,426.2,25,21.6,TRUE
78,Nam,6.8,8.025,4.6,1.7,3.45,2.3,104.8,5.4,426.2,35.4,19.3,FALSE
22,Nam,4.1,8.025,5.5,1.6,3.45,2.1,78.9,5.3,426.2,11.3,11.9,FALSE
63,Nữ,5.6,8.025,5.5,1.6,3.45,2.1,188.4,11.4,426.2,28.8,21.6,FALSE
40,Nữ,7.2,8.025,5.5,1.6,3.45,2.1,111,5.3,426.2,37.7,62.5,TRUE
68,Nam,8.3,8.025,7,1.7,3.45,1.5,189.5,15.7,426.2,23.1,8,TRUE
32,Nữ,3.5,8.025,5.5,1.6,3.45,2.1,56.5,4.2,426.2,82.8,49,FALSE
72,Nữ,5.3,8.025,5.5,1.6,3.45,2.1,134.9,6.9,569.4,24.2,19.4,FALSE
67,Nam,5.1,8.025,5.5,1.6,3.45,2.1,107.6,5.3,426.2,28.3,22.9,FALSE
30,Nam,4.4,8.025,5.5,1.6,3.45,2.1,83.9,5.3,426.2,17.8,11.3,FALSE
40,Nam,4.8,8.025,5.5,1.6,3.45,2.1,99.2,5.3,426.2,32.2,28.5,FALSE
46,Nam,5.6,8.025,5.5,1.6,3.45,2.1,136.5,5.6,426.2,28.6,30.8,FALSE
82,Nữ,14.3,8.025,7.6,1.6,3.45,2.3,159.9,5.3,426.2,26.1,32,TRUE
81,Nữ,9.9,8.025,5.5,1.6,3.45,2.1,123.5,6.4,426.2,39.5,49.5,TRUE
44,Nữ,7.5,8.025,4.5,2.6,3.45,1.8,107,9.5,421.3,32.4,28.8,TRUE
50,Nam,6.6,8.025,5.5,1.6,3.45,2.1,85.2,5.9,426.2,27.5,21.9,FALSE
51,Nam,5.5,8.025,5.5,1.6,3.45,2.1,100.9,5.6,317.5,16.9,15,FALSE
56,Nam,5.9,8.025,5.5,1.6,3.45,2.1,85.2,5.3,426.2,32.7,24.1,FALSE
36,Nữ,4.3,8.025,5.5,1.6,3.45,2.1,111.1,5.3,426.2,390,562.2,FALSE
39,Nữ,7.4,8.025,5.5,1.6,3.45,2.1,120.9,5.3,426.2,88.1,159.7,TRUE
65,Nam,4.2,8.025,5.5,1.6,3.45,2.1,91.1,5.3,426.2,15.6,12.2,FALSE
53,Nam,13.1,8.025,5.5,1.6,3.45,2.1,108.1,4.9,426.2,19.4,22.3,TRUE
20,Nữ,5.6,8.025,5.5,1.6,3.45,2.1,106.4,4.5,426.2,26.1,31,FALSE
47,Nữ,4.4,8.025,3.8,1.6,3.45,1.2,99.2,5.4,530.7,106.4,147.2,FALSE
33,Nữ,5.6,8.025,5.5,1.6,3.45,2.1,105.6,8.3,426.2,33.1,33.6,FALSE
2,Nam,5.6,8.025,5.5,1.6,3.45,2.1,49.8,5.4,426.2,38.2,16.9,FALSE
2,Nữ,4.5,8.025,5.5,1.6,3.45,2.1,52.4,5.3,426.2,41.2,13.9,FALSE
6,Nữ,4.6,8.025,5.5,1.6,3.45,2.1,72,5.3,426.2,33.3,13,FALSE
29,Nam,4.9,8.025,5.5,1.6,3.45,2.1,84.7,5.3,426.2,19.6,18.3,FALSE
28,Nam,5.9,8.025,5.5,1.6,3.45,2.1,91.2,5.3,426.2,14.2,12.3,FALSE
44,Nam,4.5,8.025,5.5,1.6,3.45,2.1,91.1,5.3,426.2,20.7,23.4,FALSE
51,Nữ,5.1,8.025,5.5,1.6,3.45,2.1,114.7,5.3,426.2,21.8,15.9,FALSE
35,Nam,5.6,8.025,5.5,1.6,3.45,2.1,145,10.8,426.2,37.3,15,FALSE
65,Nam,4.1,8.025,5.5,1.6,3.45,2.1,124,8.2,426.2,42.9,34.9,FALSE
55,Nữ,6.4,8.025,5.5,1.6,3.45,2.1,119.2,10.5,426.2,29.9,39.6,FALSE
49,Nam,4.6,8.025,5.5,1.6,3.45,2.1,109.6,7.2,426.2,15,14,FALSE
12,Nữ,4.6,8.025,5.5,1.6,3.45,2.1,57,2.8,426.2,15,14,FALSE
22,Nam,5.3,8.025,5.5,1.6,3.45,2.1,74.5,5.3,426.2,16.2,14.6,FALSE
51,Nam,14.7,8.025,8.5,1.6,3.45,7.6,150.4,5.3,426.2,27.6,38.2,TRUE
46,Nam,6.9,8.025,7.5,1.6,3.45,12.1,87.4,5.3,426.2,18.8,22.3,FALSE
41,Nữ,6.9,8.025,4.2,1.6,3.45,0.6,107.5,5.9,426.2,21.1,18.8,FALSE
27,Nữ,5.6,8.025,5.5,1.6,3.45,2.1,114.7,4.4,426.2,19.5,25.3,FALSE
53,Nam,5.6,8.025,5.5,1.6,3.45,2.1,116.1,6.2,426.2,30,20.5,FALSE
47,Nữ,18.9,8.025,5.5,1.6,3.45,2.1,170.2,10.5,426.2,31.4,35.1,TRUE
74,Nữ,4.5,8.025,5.3,2.2,3.45,1.6,107.6,9,426.2,40.9,49.5,FALSE
31,Nam,5.6,8.025,5.5,1.6,3.45,2.1,94.2,5.3,426.2,18.6,40.9,FALSE
44,Nam,4.8,8.025,5.5,1.6,3.45,2.1,84.3,6.4,426.2,24.8,16.3,FALSE
19,Nam,3.8,8.025,5.5,1.6,3.45,2.1,79.3,5.3,426.2,16.7,15.4,FALSE
54,Nam,4.5,8.025,5.5,1.6,3.45,2.1,85.2,7,426.2,38.6,30.7,FALSE
83,Nam,6.9,8.025,5.5,1.6,3.45,2.1,104.6,7.1,426.2,16.4,15.8,FALSE
65,Nam,5.3,8.025,5.5,1.6,3.45,2.1,81.3,7.6,426.2,40.9,42.9,FALSE
61,Nam,5,8.025,6.5,1.6,3.45,2.7,85.2,5.3,426.2,26.7,39.5,FALSE
33,Nữ,29.6,8.025,5.5,1.6,3.45,2.1,85.2,5.3,426.2,358.8,240.3,TRUE
50,Nam,5,8.025,4.6,1.6,3.45,1.6,113.7,5.3,426.2,24.3,23.6,FALSE
33,Nữ,17.3,8.025,5.5,1.6,3.45,2.1,97.1,10.3,426.2,25,21.6,TRUE
41,Nam,5.8,8.025,6.3,1.6,3.45,1.2,91.8,5.3,426.2,27.5,28.6,FALSE
67,Nam,5.6,8.025,5.5,1.6,3.45,2.1,90.8,4.7,426.2,25.8,21.4,FALSE
53,Nữ,7.8,8.025,5.5,1.6,3.45,2.1,158.2,7.4,426.2,183.5,228.5,TRUE
93,Nam,4.8,8.025,5.5,1.6,3.45,2.1,121.5,5.1,426.2,46.1,19.2,FALSE
42,Nữ,4.5,8.025,5.5,1.6,3.45,2.1,91.1,5.3,426.2,150.1,212.6,FALSE
65,Nam,4.2,8.025,5.5,1.6,3.45,2.1,90,4.6,426.2,19.2,14.9,FALSE
67,Nam,4.4,8.025,5.5,1.6,3.45,2.1,206.4,7.8,426.2,38.7,48.4,FALSE
93,Nữ,4.8,4.7,4.9,1.1,3.45,1.8,85.2,5.3,426.2,25,21.6,FALSE
57,Nam,5.4,8.025,5.8,1.7,3.45,3.6,91.6,5.5,426.2,21.6,17.9,FALSE
60,Nam,17.7,8.025,5.5,1.6,3.45,2.1,131.4,6.3,426.2,23.4,20.3,TRUE
12,Nam,5.6,8.025,5.5,1.6,3.45,2.1,72.9,2.5,426.2,37.3,27.1,FALSE
62,Nam,17.8,8.025,6.7,1.4,3.45,5.1,126.3,5.9,232.9,32.1,18.7,TRUE
49,Nữ,11.2,8.025,5.5,1.6,3.45,2.1,158.4,5.1,426.2,49.4,38.2,TRUE
47,Nam,4.8,8.025,5.5,1.6,3.45,2.1,101.8,4,426.2,25.2,19.7,FALSE
61,Nam,6.1,8.025,3.9,1.6,3.45,0.7,117,6.1,426.2,23.1,23.1,FALSE
42,Nữ,3.8,8.025,5.5,1.6,3.45,2.1,114.8,5,426.2,60.4,57.4,FALSE
68,Nữ,5.3,8.025,5.5,1.6,3.45,2.1,112.6,7.6,426.2,58.4,52.6,FALSE
59,Nam,3.4,8.025,5.5,1.6,3.45,2.1,111.7,6.3,426.2,21,21.6,FALSE
25,Nam,5.6,8.025,5.5,1.6,3.45,2.1,83.3,6.8,426.2,21.3,15.1,FALSE
89,Nữ,7,8.025,5.5,1.6,3.45,2.1,124.1,3.6,426.2,25,21.6,TRUE
68,Nam,4.9,8.025,5.1,1.4,3.45,4.4,104.3,6.8,426.2,22.9,15.1,FALSE
58,Nam,5,8.025,5.2,1.5,3.45,3.3,85.2,6.1,426.2,23.8,17.6,FALSE
39,Nữ,5.7,8.025,5.5,1.6,3.45,2.1,85.2,5.3,426.2,28.3,21.8,FALSE
50,Nam,11.4,8.025,5.5,1.6,3.45,2.1,98.3,4.2,426.2,22.5,35.6,TRUE
61,Nữ,8.4,8.025,5.5,1.6,3.45,2.1,137,5.8,426.2,29.2,33.8,TRUE
57,Nữ,6.9,8.025,4.3,1.6,3.45,2.6,119.7,4.8,426.2,44.2,82.5,FALSE
69,Nữ,5.2,8.025,4.4,1.6,3.45,3.1,114.3,6.2,426.2,28.9,34.8,FALSE
38,Nữ,11.8,8.025,5.5,1.6,3.45,2.1,128.2,12.6,426.2,30,40.9,TRUE
43,Nam,4.3,8.025,5.5,1.6,3.45,2.1,96.4,5.3,426.2,19.5,31.2,FALSE
23,Nữ,3.9,8.025,5.5,1.6,3.45,2.1,142.8,7.9,426.2,82.7,76.4,FALSE
23,Nam,5.8,8.025,5.5,1.6,3.45,2.1,63.9,5.3,426.2,38.2,21.6,FALSE
68,Nam,6.2,8.025,5.5,1.6,3.45,2.1,96.4,5.1,426.2,34.8,38.6,FALSE
38,Nữ,5.1,8.025,5.5,1.6,3.45,2.1,114.7,5.3,426.2,29.7,30.5,FALSE
3,Nữ,5.4,8.025,5.5,1.6,3.45,2.1,67.1,5.3,426.2,42.9,45.2,FALSE
21,Nam,3.4,8.025,5.5,1.6,3.45,2.1,77.2,5.3,426.2,32,28.6,FALSE
50,Nữ,27.8,8.025,5.5,1.6,3.45,2.1,160.3,6.1,332.1,42,45,TRUE
59,Nam,4.6,8.025,5.5,1.6,3.45,2.1,93.5,6.1,426.2,30.5,19.4,FALSE
37,Nữ,5.6,8.025,5.5,1.6,3.45,2.1,102.1,6.1,426.2,35.4,68.1,FALSE
72,Nam,5.9,8.025,5.5,1.6,3.45,2.1,68.1,3.5,426.2,24.8,14.1,FALSE
39,Nữ,7.6,8.025,5.5,1.6,3.45,2.1,114.8,8.7,426.2,22.4,18,TRUE
22,Nam,4.7,8.025,5.5,1.6,3.45,2.1,91.8,4.5,426.2,23.7,11.9,FALSE
43,Nữ,6,8.025,5.5,1.6,3.45,2.1,516.7,69.5,767.3,228,353.4,FALSE
67,Nữ,12.1,8.025,5.5,1.6,3.45,2.1,114.2,8.3,426.2,33.7,25.6,TRUE
67,Nữ,3.6,8.025,5.5,1.6,3.45,2.1,109,4,426.2,33.2,15.9,FALSE
47,Nữ,5,8.025,5.5,1.6,3.45,2.1,94,5.3,426.2,53,32,FALSE
66,Nam,4.3,8.025,5.5,1.6,3.45,2.1,100.6,5.3,426.2,23.3,16.7,FALSE
6,Nữ,6,8.025,5.5,1.6,3.45,2.1,62.4,3.8,426.2,33.6,12.7,FALSE
49,Nam,5.2,8.025,5.5,1.6,3.45,2.1,102.5,5.3,426.2,27.4,29.6,FALSE
45,Nữ,4.5,8.025,5.5,1.6,3.45,2.1,103.4,5.1,426.2,28.7,48.4,FALSE
20,Nam,3.7,8.025,5.5,1.6,3.45,2.1,95.5,3.7,426.2,27.5,30.8,FALSE
18,Nam,4.8,8.025,5.5,1.6,3.45,2.1,98.8,5.3,426.2,15,20.1,FALSE
7,Nam,5.6,8.025,5.5,1.6,3.45,2.1,74.1,5.3,426.2,25.2,13.2,FALSE
24,Nam,4.1,8.025,5.5,1.6,3.45,2.1,70.7,3.4,426.2,21.8,24.2,FALSE
24,Nam,6.2,8.025,5.5,1.6,3.45,2.1,81,3.2,426.2,21.4,24.6,FALSE
49,Nữ,5.6,8.025,3.2,1.6,3.45,1,141.1,5.8,426.2,33.1,23.4,FALSE
25,Nam,5.3,8.025,5.5,1.6,3.45,2.1,92.8,3.9,426.2,19.4,11.4,FALSE
39,Nữ,7.9,8.025,5.5,1.6,3.45,2.1,532.4,44.2,426.2,53.5,20.5,TRUE
30,Nữ,11.6,8.025,5.5,1.6,3.45,2.1,121.1,8.2,426.2,25.6,24.9,TRUE
68,Nữ,10.9,8.025,5.5,1.6,3.45,2.1,155.5,8.3,426.2,25.7,15.1,TRUE
17,Nữ,4.5,8.025,5.5,1.6,3.45,2.1,111.9,5.3,426.2,28.3,42.3,FALSE
20,Nam,3.8,8.025,5.5,1.6,3.45,2.1,69.8,5.3,426.2,16.9,11.2,FALSE
38,Nữ,5.8,8.025,5.5,1.6,3.45,2.1,118,5.3,426.2,36.8,30.1,FALSE
69,Nữ,5.8,8.025,5.5,1.6,3.45,2.1,271.4,16,426.2,28.3,19.3,FALSE
54,Nữ,6.1,8.025,5.5,1.6,3.45,2.1,112.5,5.3,426.2,22.2,17.3,FALSE
46,Nam,4.3,8.025,5.5,1.6,3.45,2.1,94.5,6.3,426.2,56.9,103.5,FALSE
45,Nữ,4.7,8.025,5.5,1.6,3.45,2.1,123,5.3,426.2,28.1,29.4,FALSE
33,Nữ,6,8.025,5.5,1.6,3.45,2.1,107.2,5.3,426.2,42.9,42.4,FALSE
54,Nam,4.8,8.025,5.5,1.6,3.45,2.1,93.3,5.3,426.2,20.8,25.9,FALSE
56,Nam,4.6,8.025,5.5,1.6,3.45,2.1,94.6,5.3,426.2,20.9,35.4,FALSE
59,Nữ,5,8.025,6,2.8,3.45,1.9,114.7,6.2,426.2,76.4,45.6,FALSE
37,Nữ,4,8.025,5.5,1.6,3.45,2.1,96,5.3,426.2,57,82,FALSE
68,Nữ,4.6,8.025,5.5,1.6,3.45,2.1,92.3,5.3,426.2,16.8,14.6,FALSE
42,Nam,5.5,8.025,5.5,1.6,3.45,2.1,104.2,5.3,426.2,25,21.4,FALSE
39,Nam,4.3,8.025,5.5,1.6,3.45,2.1,97.2,5.3,426.2,24.8,19.3,FALSE
40,Nữ,9,8.025,5.5,1.6,3.45,2.1,114.6,5.3,426.2,24.1,13.9,TRUE
68,Nữ,5,8.025,5.5,1.6,3.45,2.1,94.9,5.3,426.2,19.4,13.5,FALSE
52,Nam,5.2,8.025,5.5,1.6,3.45,2.1,99.6,5.3,426.2,23.1,12.5,FALSE
64,Nam,5.4,8.025,5.5,1.6,3.45,2.1,97.1,5.3,426.2,29.5,16.3,FALSE
26,Nam,5.6,8.025,5.5,1.6,3.45,2.1,83.8,3.1,426.2,21.6,13.1,FALSE
72,Nữ,4,8.025,5.5,1.6,3.45,2.1,108.2,6.5,426.2,26,17.8,FALSE
32,Nam,4.2,8.025,5.5,1.6,3.45,2.1,82.3,3.2,426.2,15.4,10.8,FALSE
48,Nam,5,8.025,5.5,1.6,3.45,2.1,72.4,4,426.2,29.1,27,FALSE
54,Nam,5.2,8.025,6.3,1.4,3.45,1.5,98.6,5.6,426.2,25,12.3,FALSE
81,Nam,5.7,8.025,4.8,1.1,3.45,1.2,99.7,4.9,426.2,18.4,7.2,FALSE
64,Nam,5,8.025,5.9,1.24,3.45,2.3,85.2,7.7,426.2,27,23,FALSE
87,Nữ,4.9,8.025,5.5,1.6,3.45,2.1,81.6,3.8,426.2,25,21.6,FALSE
48,Nam,4,8.025,5.5,1.6,3.45,2.1,85.9,5.9,426.2,23.8,15.8,FALSE
60,Nữ,6,8.025,5.5,1.6,3.45,2.1,360,17.5,788,26,14,FALSE
57,Nam,4.1,8.025,5.5,1.6,3.45,2.1,104,5.3,426.2,26.6,10.8,FALSE
4,Nữ,5.3,8.025,5.5,1.6,3.45,2.1,45.4,2.2,426.2,19.7,14.1,FALSE
59,Nữ,4,8.025,5.5,1.6,3.45,2.1,93.5,6.6,426.2,20.3,13.5,FALSE
38,Nữ,6,8.025,5.5,1.6,3.45,2.1,90,5.3,426.2,33,18,FALSE
30,Nam,4,8.025,5.5,1.6,3.45,2.1,70,5.3,426.2,31,23,FALSE
61,Nam,4.6,8.025,2.6,1.6,3.45,1.5,85.2,5.3,426.2,31.6,15.4,FALSE
36,Nữ,4.9,8.025,5.5,1.6,3.45,2.1,96.4,5.3,426.2,19.3,12,FALSE
19,Nam,4.6,8.025,5.5,1.6,3.45,2.1,68.5,5.3,426.2,27,15.2,FALSE
39,Nam,10.7,8.025,5.5,1.6,3.45,2.1,134.3,5.3,426.2,24.4,18.3,TRUE
62,Nữ,3.9,8.025,5.5,1.6,3.45,2.1,97.2,8.7,426.2,20.7,22.9,FALSE
31,Nam,14.9,8.025,5.5,1.6,3.45,2.1,88.8,3.4,426.2,54.4,54.9,TRUE
17,Nam,7.1,8.025,5.5,1.6,3.45,2.1,71.3,5.3,426.2,19.9,11.3,TRUE
41,Nữ,7.4,8.025,5.3,1.6,3.45,1,135.9,7.4,426.2,28,14,TRUE
63,Nữ,5.3,8.025,3.6,1.6,3.45,3.4,85.2,5.3,426.2,36.7,24.5,FALSE
46,Nam,5.6,8.025,3.3,1.6,3.45,2,85.2,5.3,426.2,34.3,37.8,FALSE
94,Nữ,4.7,8.025,5.5,1.6,3.45,2.1,136.9,5.3,426.2,19.4,13.9,FALSE
53,Nữ,5.6,8.025,5.5,1.6,3.45,2.1,119.4,5.3,426.2,207,425.2,FALSE
51,Nam,5.5,8.025,5.5,1.6,3.45,2.1,96.2,5.3,426.2,19.8,20.9,FALSE
34,Nam,4.3,8.025,5.5,1.6,3.45,2.1,76.9,5.3,426.2,19.8,13.1,FALSE
69,Nam,8.6,8.025,8.3,1.6,3.45,5.7,142.2,8.1,426.2,20.1,18.7,TRUE
59,Nữ,6,8.025,5.5,1.6,3.45,2.1,93.3,4.6,565.2,24.1,16.1,FALSE
23,Nam,5.6,8.025,5.5,1.6,3.45,2.1,96.4,5.7,426.2,31.2,21.8,FALSE
64,Nam,5.3,8.025,11.5,2.2,3.45,7.9,198,14,426.2,33.9,17,FALSE
69,Nữ,6.4,8.025,5.7,1.6,3.45,2.6,95.2,3.5,524.9,23.6,19,FALSE
52,Nam,6,8.025,5.5,1.6,3.45,2.1,73,4.1,426.2,36,32,FALSE
43,Nữ,5.5,8.025,5.5,1.6,3.45,2.1,104.7,5.3,426.2,22.6,17.2,FALSE
62,Nam,5,8.025,5.5,1.6,3.45,2.1,88.9,6.2,426.2,19.4,18.7,FALSE
69,Nữ,4.8,8.025,5.5,1.6,3.45,2.1,146,5.3,426.2,18.9,15.6,FALSE
66,Nữ,3.2,8.025,3.9,1.6,3.45,1.5,373.7,8.2,426.2,105.7,162.1,FALSE
82,Nam,3.2,8.025,5.6,1.6,3.45,1.3,68,12.6,426.2,20,18,FALSE
42,Nam,5,8.025,6,1.6,3.45,2.1,82,5.3,426.2,32,50,FALSE
10,Nữ,5.6,8.025,5.5,1.6,3.45,2.1,92.2,5.3,426.2,28.8,13,FALSE
52,Nữ,5,8.025,5.5,1.6,3.45,2.1,107,5.3,426.2,24,33,FALSE
67,Nữ,5.3,8.025,5.5,1.6,3.45,2.1,107.4,5.3,426.2,25.1,29.1,FALSE
52,Nam,5.5,8.025,5.2,1.6,3.45,6.6,87.1,5.3,305.7,35,33.1,FALSE
28,Nữ,4.2,8.025,5.5,1.6,3.45,2.1,106.5,5.3,426.2,98.9,79.9,FALSE
37,Nam,5.2,8.025,3.6,1.6,3.45,0.8,85.2,5.3,426.2,16.2,7.3,FALSE
15,Nữ,6.1,8.025,5.5,1.6,3.45,2.1,82.8,5.3,426.2,20.3,13.6,FALSE
26,Nam,3.3,8.025,5.5,1.6,3.45,2.1,78.4,5.3,426.2,14.3,16.6,FALSE
27,Nam,6,8.025,5.5,1.6,3.45,2.1,74.6,5.3,426.2,13.8,9.2,FALSE
42,Nam,5.6,8.025,5.5,1.6,3.45,2.1,83.9,5.3,426.2,26.6,14.9,FALSE
62,Nam,4,8.025,5.5,1.6,3.45,2.1,188.9,19.7,426.2,20.5,9.7,FALSE
13,Nam,6.8,8.025,5.5,1.6,3.45,2.1,84.8,3.5,426.2,19.5,16,FALSE
79,Nam,7.6,8.025,5.5,1.6,3.45,2.1,112.3,10,426.2,20.9,15.9,TRUE
22,Nam,8.7,8.025,5.5,1.6,3.45,2.1,105.3,5.3,426.2,19.6,10.9,TRUE
41,Nam,4.2,8.025,5.5,1.6,3.45,2.1,71,5.3,426.2,10.6,13.1,FALSE
31,Nữ,4.9,8.025,5.5,1.6,3.45,2.1,114.5,4.2,428.1,23.1,16.9,FALSE
72,Nam,4.9,8.025,5.5,1.6,3.45,2.1,105.2,5.3,426.2,26.7,6.7,FALSE
48,Nữ,5.6,8.025,5.5,1.6,3.45,2.1,121,6.3,426.2,38.9,62,FALSE
3,Nữ,4.5,8.025,5.5,1.6,3.45,2.1,66.5,2.8,426.2,15.6,5.8,FALSE
4,Nữ,3.3,8.025,5.5,1.6,3.45,2.1,48.6,5.3,426.2,77,31.1,FALSE
31,Nam,4.9,8.025,4.6,1.6,3.45,1.1,77.4,5.3,426.2,21.8,15.7,FALSE
63,Nam,4.5,8.025,5.5,1.6,3.45,2.1,71.6,5.1,426.2,16.3,18.2,FALSE
67,Nữ,5.6,8.025,4.2,1.2,3.45,1.9,102.1,6,395.5,41.5,33.3,FALSE
87,Nam,5.6,8.025,8.4,1.7,3.45,10.8,116,6.4,426.2,21.6,13.2,FALSE
37,Nam,4.3,8.025,5.5,1.6,3.45,2.1,85.2,5.3,426.2,21.2,25.1,FALSE
32,Nam,4.7,8.025,5.5,1.6,3.45,2.1,103.1,5.3,426.2,19.7,18.2,FALSE
72,Nam,5.7,8.025,5.5,1.6,3.45,2.1,104.9,5.3,426.2,20.7,21.9,FALSE
27,Nam,3.9,8.025,5.5,1.6,3.45,2.1,60.4,5.3,426.2,16.1,12.3,FALSE
52,Nữ,3.5,8.025,5.5,1.6,3.45,2.1,81.6,7.5,426.2,25.4,9.9,FALSE
35,Nam,4.9,8.025,5.5,1.6,3.45,2.1,65.3,5.3,426.2,18.3,15.4,FALSE
50,Nữ,8.5,8.025,4.1,1.2,3.45,2.3,85.2,5.3,426.2,130.8,74.5,TRUE
61,Nam,3.7,8.025,4.2,1.5,3.45,0.8,120.7,8.3,324.7,24.5,11.5,FALSE
69,Nữ,3.9,8.025,4.1,1.2,3.45,0.9,87.2,5.6,426.2,25.3,16.8,FALSE
13,Nam,5.6,8.025,5.5,1.6,3.45,2.1,78.4,4.3,426.2,21,15.2,FALSE
62,Nam,5.1,8.025,5.6,1.6,3.45,1.2,73.3,3.4,426.2,22.5,11,FALSE
17,Nam,4.3,8.025,5.5,1.6,3.45,2.1,59,2.4,426.2,15.1,14,FALSE
51,Nam,5.6,8.025,5.1,1.6,3.45,1.3,109.9,5.3,426.2,28.3,12.3,FALSE
51,Nam,8,8.025,5.5,1.6,3.45,2.1,80.7,6.2,426.2,41,35.4,TRUE
36,Nữ,4.6,8.025,5,1.6,3.45,6.4,105.3,3.8,493.2,17.4,16,FALSE
29,Nam,3.6,8.025,5.5,1.6,3.45,2.1,90,5.3,426.2,43.9,45.8,FALSE
18,Nam,3.9,8.025,5.5,1.6,3.45,2.1,71,5.3,426.2,17.8,12.3,FALSE
50,Nam,5.6,8.025,5.5,1.6,3.45,2.1,89.3,4,426.2,36.5,28.7,FALSE
60,Nữ,5.4,8.025,4.2,1.6,3.45,1.1,85.2,5.3,426.2,27.8,16.5,FALSE
48,Nữ,6.1,8.025,5.5,1.6,3.45,2.1,92.8,5.3,426.2,105.7,88.1,FALSE
66,Nam,6.8,8.025,5.5,1.6,3.45,2.1,102.4,5.3,426.2,25.7,16.8,FALSE
53,Nam,5.5,8.025,5.5,1.6,3.45,2.1,69.9,3.9,426.2,20.3,24,FALSE
52,Nam,4.5,8.025,5.5,1.6,3.45,2.1,90,4.2,426.2,27.8,14.5,FALSE
69,Nam,5.9,8.025,5.5,1.6,3.45,2.1,102.1,4.7,426.2,53.3,31.5,FALSE
67,Nữ,7.2,8.025,3.9,1.4,3.45,1,94.2,4.1,426.2,25.8,9.5,TRUE
68,Nam,3.6,8.025,4.7,1.6,3.45,0.8,92.1,7.7,426.2,25,21.6,FALSE
23,Nam,3.7,8.025,5.5,1.6,3.45,2.1,65.8,2.4,426.2,25.4,12.3,FALSE
42,Nữ,5.4,8.025,5.5,1.6,3.45,2.1,86.2,3.2,426.2,26.1,19.6,FALSE
75,Nam,6.6,8.025,5.5,1.6,3.45,2.1,777,21.5,426.2,14.3,13.2,FALSE
49,Nam,4.2,8.025,5.5,1.6,3.45,2.1,85.2,5.3,426.2,21,16,FALSE
52,Nam,5.2,8.025,5.5,1.6,3.45,2.1,71.7,5.3,426.2,24.7,21,FALSE
45,Nam,5.6,8.025,5.5,1.6,3.45,2.1,93,5.3,426.2,18,23,FALSE
57,Nam,6.7,8.025,5.5,1.6,3.45,2.1,85.2,5.3,426.2,28.8,40.8,FALSE
74,Nam,5.7,8.025,5.6,1.6,3.45,1.9,85.2,5.3,426.2,21.4,10.5,FALSE
41,Nam,4.5,8.025,6,1.6,3.45,1.7,78,5.3,426.2,36.5,71.4,FALSE
65,Nam,5,8.025,5.5,1.6,3.45,2.1,79.7,5.3,426.2,26.6,19.1,FALSE
50,Nữ,4.8,8.025,5.5,1.6,3.45,2.1,94.2,5.3,426.2,131.9,82.1,FALSE
17,Nam,4,8.025,5.5,1.6,3.45,2.1,71.8,5.3,426.2,16.4,9.2,FALSE
30,Nam,3.7,8.025,5.5,1.6,3.45,2.1,70.7,5.3,426.2,12,4.7,FALSE
28,Nữ,7.1,8.025,4.6,1.6,3.45,3.3,67.9,3.2,426.2,265.3,67.1,TRUE
35,Nữ,6.8,8.025,5.5,1.6,3.45,2.1,68,3.6,426.2,198,92.8,FALSE
67,Nữ,3.8,8.025,5.5,1.6,3.45,2.1,100.9,4.9,426.2,96.6,134.7,FALSE
49,Nam,6.1,4.7,3.7,1,3.45,1.4,85.2,5.3,426.2,25,21.6,FALSE
54,Nữ,7.1,8.025,5.5,1.6,3.45,2.1,85.2,5.3,426.2,25.2,38,TRUE
57,Nữ,7.3,8.025,5.5,1.6,3.45,2.1,96.6,7.5,426.2,19.6,14.2,TRUE
71,Nữ,4.3,8.025,5.5,1.6,3.45,2.1,128.9,7.4,426.2,20.9,16.4,FALSE
86,Nữ,5.5,8.025,5.5,1.6,3.45,2.1,83.2,3,265.3,28.2,44.4,FALSE
61,Nam,6.8,8.025,5.5,1.6,3.45,2.1,97.1,5.7,426.2,33.2,13.8,FALSE
48,Nữ,4.9,8.025,5.5,1.6,3.45,2.1,90.6,4.5,426.2,26.3,46.8,FALSE
21,Nam,4.1,8.025,5.5,1.6,3.45,2.1,88.1,5.3,426.2,21.8,14.8,FALSE
20,Nam,5.6,8.025,5.5,1.6,3.45,2.1,69.1,2.8,426.2,17.8,15.1,FALSE
24,Nam,3.7,8.025,5.5,1.6,3.45,2.1,81,3.1,426.2,26.2,14,FALSE
67,Nữ,5.7,8.025,5.5,1.6,3.45,2.1,134.7,5.4,426.2,19.1,12.8,FALSE
58,Nữ,4.2,8.025,5.5,1.6,3.45,2.1,115.8,6.2,426.2,43.1,26.1,FALSE
72,Nam,4.3,8.025,5.5,1.6,3.45,2.1,91.5,5.5,426.2,18.4,11.3,FALSE
80,Nam,4,4.7,5.5,1.6,3.45,2.1,66.2,5.2,426.2,25,21.6,FALSE
6,Nữ,5.6,8.025,5.5,1.6,3.45,2.1,62.3,5.3,426.2,29.7,13.9,FALSE
67,Nam,7.5,8.025,5.5,1.6,3.45,2.1,91,5.5,426.2,28.8,26.5,TRUE
54,Nữ,10.7,8.025,5.5,1.6,3.45,2.1,122.6,8.7,426.2,43.9,34.6,TRUE
40,Nữ,5.6,8.025,5.6,1.4,3.45,2.2,80.6,5.6,426.2,22.3,24.3,FALSE
85,Nữ,5.6,8.025,4.8,1.6,3.45,2.1,83.7,5.3,426.2,34.9,40.5,FALSE
17,Nam,5.6,8.025,5.5,1.6,3.45,2.1,87.8,5.3,426.2,15.5,11.3,FALSE
62,Nam,13.1,8.025,5.5,1.6,3.45,2.1,116.9,5.3,426.2,49.2,35.9,TRUE
34,Nam,4.7,8.025,5.5,1.6,3.45,2.1,70.3,5.3,426.2,12.7,12.1,FALSE
85,Nữ,5.3,8.025,5.5,1.6,3.45,2.1,112,4.2,426.2,18,15.1,FALSE
67,Nữ,4.7,8.025,5.5,1.6,3.45,2.1,82.4,3.5,426.2,27,25.6,FALSE
20,Nam,5.6,8.025,5.5,1.6,3.45,2.1,82.1,4.8,426.2,29.1,26,FALSE
11,Nữ,5.6,8.025,5.5,1.6,3.45,2.1,85.9,3.2,426.2,25.9,19.1,FALSE
59,Nam,5,8.025,5.5,1.6,3.45,1.8,98.9,5,426.2,23.9,23.3,FALSE
17,Nam,4.6,8.025,5.5,1.6,3.45,2.1,80.5,5.3,426.2,15.5,19.5,FALSE
50,Nữ,14,10.78,5.5,1.6,3.45,2.1,85.2,5.3,426.2,22,39.3,TRUE
73,Nữ,6.2,8.025,6.1,1.8,3.45,2.2,84.7,3.8,413.9,30.4,39.4,FALSE
91,Nữ,6.8,8.025,5.5,1.6,3.45,2.1,150.1,6.2,426.2,34.2,35.4,FALSE
19,Nam,4.4,8.025,5.5,1.6,3.45,2.1,83.9,3.7,426.2,24.9,19.2,FALSE
64,Nam,4.3,8.025,5.5,1.6,3.45,2.1,632,15.2,426.2,41.3,17.6,FALSE
55,Nữ,3.7,8.025,5.2,1.6,3.45,1,101.5,5.3,426.2,31.1,31.4,FALSE
47,Nữ,5.6,8.025,5.5,1.6,3.45,2.1,116.4,3.4,426.2,41.1,42.4,FALSE
24,Nam,5.2,8.025,5.5,1.6,3.45,2.1,82.2,5.3,426.2,15.8,10.9,FALSE
28,Nam,5.1,8.025,5.5,1.6,3.45,2.1,87.2,5.3,426.2,22,18,FALSE
13,Nữ,5.6,8.025,5.5,1.6,3.45,2.1,68.3,5.3,426.2,25.1,21.2,FALSE
9,Nữ,6.5,8.025,5.5,1.6,3.45,2.1,84.2,5.3,426.2,45.3,37.2,FALSE
43,Nữ,5.7,8.025,5.5,1.6,3.45,2.1,99,5.4,426.2,24.1,29.1,FALSE
20,Nam,4.8,8.025,5.5,1.6,3.45,2.1,76.8,5.3,426.2,19.3,17.3,FALSE
59,Nam,4.1,8.025,5.9,1.6,3.45,1.5,77.2,5.3,426.2,23,33.1,FALSE
64,Nữ,4.2,8.025,3.8,1.6,3.45,0.6,95.4,5.3,426.2,25.6,39.5,FALSE
40,Nam,4.4,8.025,5.5,1.6,3.45,2.1,72.9,5.3,426.2,26.2,30.6,FALSE
31,Nam,4.8,8.025,5.5,1.6,3.45,2.1,69.1,5.3,426.2,22.9,18.2,FALSE
74,Nữ,4.2,8.025,5.2,1.7,3.45,1.1,96.3,11.3,426.2,19.9,12,FALSE
51,Nữ,5,8.025,5.5,1.6,3.45,2.1,85.2,5.3,426.2,21.1,14.7,FALSE
17,Nam,4.5,8.025,5.5,1.6,3.45,2.1,86.9,5.3,426.2,76.8,66.3,FALSE
54,Nữ,6.8,8.025,4.5,1.6,3.45,1.1,164.6,11.9,220.6,18.5,17.2,FALSE
60,Nam,4.9,8.025,4.3,1.6,3.45,2.8,80.5,5.3,426.2,19.5,28.8,FALSE
63,Nam,4.8,8.025,6.9,1.6,3.45,2,87.3,5.3,426.2,17.2,11.9,FALSE
39,Nữ,7.7,8.025,5.5,1.6,3.45,2.1,121.6,5.3,426.2,27.8,36.8,TRUE
52,Nam,5.5,8.025,4,1.6,3.45,2.1,119.5,5.3,645.3,23.7,29,FALSE
19,Nam,5.3,8.025,5.5,1.6,3.45,2.1,76.9,5.3,426.2,11.3,17.2,FALSE
30,Nam,3.8,8.025,5.5,1.6,3.45,2.1,64.9,5.3,426.2,14.4,9.7,FALSE
19,Nam,3.8,8.025,5.5,1.6,3.45,2.1,68.6,5.3,426.2,21.8,20,FALSE
45,Nam,6.2,8.025,5.5,1.6,3.45,2.1,83.8,5.4,426.2,18.6,21.6,FALSE
34,Nữ,5.6,8.025,5.5,1.6,3.45,2.1,115.6,4.6,426.2,25,15.4,FALSE
78,Nam,6.7,8.025,5.5,1.6,3.45,2.1,100.7,5.5,426.2,25.8,34,FALSE
62,Nữ,5.6,8.025,5.5,1.6,3.45,2.1,109.2,6.6,426.2,35.8,37.7,FALSE
57,Nữ,6.8,8.025,5.3,1.4,3.45,1.3,85.2,5.3,426.2,25,21.6,FALSE
44,Nữ,5.6,8.025,5.5,1.6,3.45,2.1,104.8,4.7,426.2,38.3,34.8,FALSE
69,Nữ,14.3,8.025,6.6,2,3.45,20.1,85.2,5.3,426.2,25,21.6,TRUE
30,Nữ,3.6,8.025,5.5,1.6,3.45,2.1,98.2,9.7,426.2,37.7,32.9,FALSE
21,Nam,4.4,8.025,5.5,1.6,3.45,2.1,73,5.3,426.2,17.5,16.5,FALSE
36,Nam,4.6,8.025,5.5,1.6,3.45,2.1,67.5,5.3,426.2,14.6,11.9,FALSE
66,Nam,10.8,8.025,5.5,1.6,3.45,2.1,99,5,426.2,71.4,67.8,TRUE
99,Nữ,5.3,8.025,5.5,1.6,3.45,2.1,118.2,4.3,426.2,41.4,19,FALSE
64,Nam,5.6,8.025,7.3,1.7,3.45,2.4,90.1,4,426.2,23,29.6,FALSE
72,Nam,8.9,8.025,5.5,1.6,3.45,2.1,82.2,6.9,426.2,18.5,20.7,TRUE
3,Nam,5.6,8.025,5.5,1.6,3.45,2.1,56,3.2,426.2,19,22,FALSE
84,Nam,6.6,5.9,7,1.1,3.45,2.7,122,6.7,426.2,25.4,16.3,FALSE
38,Nam,6.3,8.025,5.5,1.6,3.45,2.1,84.7,4.7,426.2,18.2,28,FALSE
46,Nữ,3.8,8.025,5.5,1.6,3.45,2.1,168.2,16.1,426.2,40.5,17.4,FALSE
22,Nữ,4.9,8.025,5.5,1.6,3.45,2.1,88.3,2,426.2,28.3,17.7,FALSE
62,Nữ,5.6,8.025,5.5,1.6,3.45,2.1,113.9,4.4,426.2,101.5,116.8,FALSE
69,Nữ,5.2,8.025,7.1,1.6,3.45,2.3,129.4,5.3,426.2,22.1,25.7,FALSE
36,Nữ,9.2,8.025,4.9,1.8,3.4,0.8,91,5,426.2,191.8,157.1,TRUE
37,Nam,4.9,8.025,5.5,1.6,3.45,2.1,82.7,5.3,426.2,18.9,19.9,FALSE
50,Nam,5.1,8.025,5.5,1.6,3.45,2.1,72.1,4.8,426.2,32.3,16.4,FALSE
71,Nam,5.6,8.025,5.5,1.6,3.45,2.1,89.4,4.7,426.2,29.4,26.1,FALSE
52,Nữ,4.8,8.025,5.5,1.6,3.45,2.1,1303.3,28.4,426.2,28.5,32.9,FALSE
31,Nam,5.3,8.025,5.5,1.6,3.45,2.1,60.9,5.3,426.2,15.7,17,FALSE
68,Nam,6.7,8.025,5.5,1.6,3.45,2.1,119.2,5,426.2,25,21.6,FALSE
50,Nam,4.9,8.025,5.3,2.3,3.45,1.8,97.6,4.8,426.2,19.3,17.6,FALSE
46,Nữ,8.6,8.025,5.5,1.6,3.45,2.1,95.1,5.3,426.2,29.1,38.6,TRUE
84,Nữ,4.9,8.025,6.5,1.6,3.45,2.3,88.9,3.4,426.2,21.1,19.2,FALSE
32,Nam,4.3,8.025,5.5,1.6,3.45,2.1,82.6,5.3,426.2,24.2,15.9,FALSE
36,Nam,5.6,8.025,5.5,1.6,3.45,2.1,76.5,5.3,426.2,101.9,73,FALSE
34,Nam,3.6,8.025,5.5,1.6,3.45,2.1,78.3,5.3,426.2,23,14.1,FALSE
72,Nam,5,8.025,5.5,1.6,3.45,2.1,109.9,2.7,426.2,18.8,19.6,FALSE
46,Nữ,3.7,8.025,5.5,1.6,3.45,2.1,89.8,5.5,426.2,44.9,17.7,FALSE
42,Nam,4.3,8.025,5.5,1.6,3.45,2.1,127.4,5.3,426.2,23.5,18.2,FALSE
51,Nam,5,8.025,5.5,1.6,3.45,2.1,93.3,2.7,426.2,48.6,58,FALSE
55,Nam,6.2,8.025,4.8,1.5,3.45,2.5,83.8,4.9,426.2,20.6,18.6,FALSE
44,Nữ,5.5,8.025,5.5,1.6,3.45,2.1,99.7,5.3,426.2,38.8,36.1,FALSE
67,Nam,5.3,8.025,5,1.6,3.45,0.9,84.5,5.3,392.1,26.9,23.8,FALSE
17,Nam,4,8.025,5.5,1.6,3.45,2.1,80.7,2.5,426.2,20,17.9,FALSE
23,Nam,4.8,8.025,5.5,1.6,3.45,2.1,57.4,5.3,426.2,13.1,27.2,FALSE
69,Nam,6.4,8.025,3.9,1.6,3.45,2.7,74.6,5.3,426.2,29.4,16.4,FALSE
68,Nam,14.6,9.2,5.5,1.6,3.45,2.1,103.6,5,426.2,45.6,177,TRUE
31,Nam,6.3,8.025,5.5,1.6,3.45,2.1,62.2,5.3,426.2,15.6,12.5,FALSE
46,Nam,4.3,8.025,5.5,1.6,3.45,2.1,78.5,5.4,296.2,29.6,26.3,FALSE
82,Nam,4.9,8.025,5.5,1.6,3.45,2.1,80.8,3.4,426.2,32.4,23.6,FALSE
75,Nam,1.6,8.025,5.5,1.6,3.45,2.1,95.9,15.8,426.2,25.9,11.7,FALSE
25,Nam,7.4,8.025,5.5,1.6,3.45,2.1,107.8,5.3,426.2,18.5,13.8,TRUE
35,Nữ,5.7,8.025,5.5,1.6,3.45,2.1,85.2,5.3,426.2,29.8,29.5,FALSE
59,Nam,7.2,8.025,5.5,1.6,3.45,2.1,82.8,5.3,426.2,27.3,25.9,TRUE
34,Nam,3.5,8.025,5.5,1.6,3.45,2.1,71.6,5.3,426.2,16.9,18.9,FALSE
80,Nam,6.1,8.025,4.9,1.6,3.45,3.7,106.4,5.3,426.2,12.9,11.7,FALSE
68,Nam,6.4,8.025,5.5,1.6,3.45,2.1,91.2,3.1,426.2,13,11.2,FALSE
68,Nữ,6.8,8.025,7,1.6,3.45,13.6,113,5,426.2,36.2,30.2,FALSE
55,Nam,6.1,8.025,5.5,1.6,3.45,2.1,74.7,5.2,426.2,15.9,16.9,FALSE
11,Nữ,5.6,8.025,5.5,1.6,3.45,2.1,80.6,3.7,426.2,26.7,17.8,FALSE
64,Nữ,4.9,8.025,5.3,1.6,3.45,1.8,105.6,5.3,392.8,28.5,33,FALSE
78,Nam,5.5,8.025,5.2,1.7,3.45,1.2,85.2,7.1,426.2,18.6,8.7,FALSE
74,Nữ,4.7,8.025,5.5,1.6,3.45,2.1,85.2,8.1,426.2,48.8,25.2,FALSE
27,Nam,4.9,8.025,5.5,1.6,3.45,2.1,90.8,5.3,426.2,25.7,18.3,FALSE
42,Nam,4.8,8.025,5.5,1.6,3.45,2.1,64.6,5.3,426.2,20.4,17.3,FALSE
24,Nữ,4.7,8.025,5.5,1.6,3.45,2.1,121.1,3.9,426.2,25,21.6,FALSE
75,Nam,6.2,8.025,7.8,1.6,3.45,4.2,88.2,6.6,426.2,23.8,24.7,FALSE
47,Nam,4.9,8.025,4.3,1.3,3.45,2.8,75.9,2.4,426.2,19.6,14.3,FALSE
74,Nữ,4.9,8.025,5.5,1.6,3.45,2.1,139.7,10.9,426.2,72.2,19,FALSE
30,Nam,6.2,8.025,5.5,1.6,3.45,2.1,78.3,5.3,426.2,14.7,11.2,FALSE
42,Nữ,5.8,8.025,5.1,1.6,3.45,1.7,85.6,5.3,118.2,19.3,29.9,FALSE
63,Nữ,8.5,8.025,5.5,1.6,3.45,2.1,107.8,5,426.2,25,21.6,TRUE
60,Nam,6.2,8.025,5.5,1.6,3.45,2.1,85.2,5.3,426.2,25.6,20.2,FALSE
1,Nam,5.2,8.025,5.5,1.6,3.45,2.1,48.4,5.3,426.2,40.7,17.3,FALSE
52,Nam,5.6,8.025,5.5,1.6,3.45,2.1,110.9,7,426.2,18.5,13.7,FALSE
62,Nữ,12.3,8.025,5.5,1.6,3.4,2.1,85.2,5.3,426.2,34.9,80.4,TRUE
28,Nam,4.8,8.025,5.5,1.6,3.45,2.1,79.3,5.3,426.2,25.3,36.8,FALSE
52,Nam,4.8,8.025,5.4,1.6,3.45,4.7,86.5,5.3,426.2,18.6,18.4,FALSE
11,Nam,6.4,8.025,5.5,1.6,3.45,2.1,76.1,5.3,426.2,26.7,15.5,FALSE
36,Nam,4,8.025,5.5,1.6,3.45,2.1,73.9,5.3,426.2,15,14.3,FALSE
28,Nam,4.4,8.025,5.5,1.6,3.45,2.1,88.8,5.3,426.2,18.9,9.9,FALSE
62,Nam,3.7,8.025,5.5,1.6,3.45,2.1,111.4,3.9,426.2,26.4,59.6,FALSE
72,Nữ,5.1,8.025,4,1.6,3.45,0.7,85.2,5.1,426.2,23.3,22.7,FALSE
53,Nam,5.6,8.025,4.4,1.6,3.45,1.1,72.3,4.5,426.2,21.5,14.6,FALSE
25,Nam,8,8.025,5.5,1.6,3.45,2.1,56.6,5.3,426.2,19.3,19.8,TRUE
28,Nam,3.5,8.025,5.5,1.6,3.45,2.1,75.7,5.3,426.2,23.6,13.9,FALSE
22,Nam,6.7,8.025,5.5,1.6,3.45,2.1,65.9,5.3,426.2,16.4,16.7,FALSE
68,Nữ,4.8,8.025,5.5,1.6,3.45,2.1,85.5,3.7,426.2,14,12.4,FALSE
35,Nam,9.8,8.025,5.5,1.6,3.45,2.1,285,13.2,426.2,171.2,39.3,TRUE
28,Nam,4.4,8.025,5.5,1.6,3.45,2.1,71,5.3,426.2,18.8,25.5,FALSE
64,Nam,4.6,8.025,5.5,1.6,3.45,2.1,77.6,4.2,426.2,23.9,21,FALSE
55,Nam,7.5,8.025,5.5,1.6,3.45,2.1,101.4,4.2,426.2,20.4,12.7,TRUE
59,Nữ,3.4,8.025,3.7,1,3.45,1.4,132.2,4.6,426.2,33.1,60.3,FALSE
35,Nữ,5.6,8.025,5.4,1.6,3.45,0.8,113.4,5.3,426.2,27,40.2,FALSE
41,Nữ,5.6,8.025,5.5,1.6,3.45,2.1,120.9,5.3,426.2,62.6,49.3,FALSE
63,Nữ,3.8,8.025,5.5,1.6,3.45,2.1,109.9,5.3,426.2,21.7,17.4,FALSE
70,Nữ,4.6,8.025,5.5,1.6,3.45,2.1,114.7,7.9,426.2,128.4,118.4,FALSE
50,Nam,3.3,8.025,5.5,1.6,3.45,2.1,86.7,6.4,426.2,17.3,16.8,FALSE
74,Nữ,4,8.025,5.5,1.6,3.45,2.1,106,6.7,426.2,19,24.4,FALSE
44,Nam,5,8.025,5.5,1.6,3.45,2.1,77,4.4,426.2,22.1,29,FALSE
48,Nữ,6,8.025,5.5,1.6,3.45,2.1,172.3,9.2,426.2,276.2,130.6,FALSE
21,Nam,4.8,8.025,5.5,1.6,3.45,2.1,79.5,5.3,426.2,17.1,17.2,FALSE
49,Nam,7.3,8.025,5.2,1.6,3.45,1.4,105.4,5.3,354.7,20.4,17.9,TRUE
38,Nữ,5.6,8.025,5.5,1.6,3.45,2.1,98.6,2.1,426.2,38.8,19.7,FALSE
58,Nữ,5.9,8.025,5.5,1.6,3.45,2.1,105.8,5.3,426.2,24.2,16.3,FALSE
31,Nam,5.6,8.025,6,1.6,3.45,3.8,88,5.3,426.2,13.6,14.4,FALSE
43,Nam,7.8,8.025,5.5,1.6,3.45,2.1,86.5,2.5,426.2,21,29.6,TRUE
40,Nữ,5.6,8.025,5.5,1.6,3.45,2.1,108,3.7,426.2,21.2,25.1,FALSE
19,Nữ,5.6,8.025,5.5,1.6,3.45,2.1,95.8,3.2,426.2,22.3,21.7,FALSE
71,Nam,17.1,8.025,5.5,1.6,3.45,2.1,119.6,5.7,426.2,25,21.6,TRUE
51,Nữ,6.2,8.025,4.4,1.6,3.45,6.8,114.7,5.3,552.3,139.1,112,FALSE
34,Nam,4.7,8.025,5.5,1.6,3.45,2.1,88.9,5.3,426.2,16.9,22.4,FALSE
24,Nam,2.9,8.025,5.5,1.6,3.45,2.1,71.4,5.3,426.2,26.2,15.3,FALSE
30,Nữ,5.6,8.025,5.5,1.6,3.45,2.1,91.5,3.7,426.2,377.4,91.2,FALSE
1,Nữ,4.4,8.025,5.5,1.6,3.45,2.1,49.3,3.7,426.2,57.3,42.3,FALSE
75,Nữ,6.9,6.8,7,1.5,3.45,1.9,96.2,3.1,486.8,19.2,25.2,TRUE
40,Nữ,5.6,8.025,5.5,1.6,3.45,2.1,93.3,2.9,426.2,24.3,20.6,FALSE
24,Nam,4.9,8.025,5.5,1.6,3.45,2.1,61.4,5.3,426.2,20.6,19.3,FALSE
33,Nam,4.8,8.025,5.5,1.6,3.45,2.1,82.2,5.3,426.2,23,23.1,FALSE
31,Nam,7.7,8.025,5.5,1.6,3.45,2.1,75.4,5.3,426.2,14.9,16.7,TRUE
40,Nam,7,8.025,5.5,1.6,3.45,2.1,63,5.3,426.2,26.1,23.2,TRUE
64,Nữ,7.6,8.025,5.5,1.6,3.45,2.1,121.6,3.6,426.2,35.7,25.5,TRUE
63,Nữ,4.3,8.025,4.8,1.6,3.45,3.9,101.8,5.3,364.8,21.9,18.8,FALSE
56,Nữ,5.2,8.025,5,1.6,3.45,1.2,107.3,5.3,411.8,35.4,34.7,FALSE
30,Nam,4.2,8.025,5.5,1.6,3.45,2.1,77.1,5.3,426.2,16.4,11.4,FALSE
59,Nam,4.3,8.025,5.5,1.6,3.45,2.1,114.2,3.3,426.2,30.6,16.6,FALSE
66,Nữ,5.4,8.025,5.5,1.6,3.45,2.1,96.1,3.2,426.2,28.2,18.3,FALSE
87,Nữ,4.3,8.025,5.1,1,3.45,2.1,129.9,6.7,421.2,33.9,15,FALSE
63,Nam,6.3,8.025,6.1,1.6,3.45,1,89.8,5.3,349.7,20.4,23.7,FALSE
63,Nam,7.9,8.025,4.4,1.6,3.45,1.8,85.2,5.3,426.2,44.1,32.5,TRUE
68,Nữ,5.6,8.025,5.5,1.6,3.45,2.1,123.2,10.5,426.2,23.2,26.5,FALSE
66,Nam,5,8.025,5.5,1.6,3.45,2.1,95.9,4.7,426.2,28.7,29.8,FALSE
30,Nam,5.6,8.025,5.5,1.6,3.45,2.1,83.4,3.9,426.2,25.7,25.9,FALSE
48,Nam,10.8,8.025,5.5,1.6,3.45,2.1,77.3,3.5,426.2,33.6,43.2,TRUE
5,Nam,5.6,8.025,5.5,1.6,3.45,2.1,63.6,3.2,426.2,45.3,16.2,FALSE
33,Nữ,4,8.025,5.5,1.6,3.45,2.1,95.6,7.7,426.2,26.7,22.1,FALSE
88,Nam,7.9,6.97,6.1,1.4,3.45,1.8,104.1,5.8,309.7,29.3,22.3,TRUE
58,Nam,4.9,8.025,4.5,1.6,3.45,1.5,102.4,5.1,426.2,36.6,26.5,FALSE
79,Nam,4.5,8.025,5.6,1.5,3.45,1.3,98.7,3.7,426.2,16.7,15.9,FALSE
57,Nữ,5.9,8.025,6.7,1.5,3.45,3.8,85.2,5.3,564.6,25,21.6,FALSE
59,Nam,4.8,8.025,6.7,1.4,3.45,1.5,77.2,5.2,426.2,22.4,17.5,FALSE
62,Nam,10.7,8.5,7.1,1.6,3.45,6.6,85.2,5.3,426.2,25,21.6,TRUE
36,Nam,4,8.025,5.5,1.6,3.45,2.1,77,5.3,426.2,16,11,FALSE
49,Nam,4.3,8.025,5.5,1.6,3.45,2.1,85.2,3.5,426.2,49.6,37.5,FALSE
58,Nam,7.7,8.025,9.5,1.3,3.45,3.5,138.5,9.2,323.6,23,51.9,TRUE
77,Nữ,5.8,8.025,5.5,1.6,3.45,2.1,99.6,5.1,426.2,34.1,21.2,FALSE
54,Nam,4.5,8.025,5.5,1.6,3.45,2.1,72.1,5,426.2,30.2,28.5,FALSE
54,Nam,4.7,8.025,5.5,1.6,3.45,2.1,87.4,2.8,374.7,31,23.3,FALSE
61,Nữ,6.1,8.025,5.5,1.6,3.45,2.1,91.3,2.9,426.2,32.8,31.6,FALSE
67,Nữ,5.6,8.025,5.5,1.6,3.45,2.1,192.1,12.3,703.2,15.4,14.6,FALSE
41,Nữ,4.4,8.025,5.5,1.6,3.45,2.1,99.6,2.6,711.2,239.1,62.2,FALSE
32,Nữ,5.4,8.025,4.6,1.6,3.45,1.4,85.2,5.3,259.3,16.6,20.5,FALSE
50,Nam,5.4,8.025,5.5,1.6,3.45,2.1,103.1,3.5,426.2,80.2,54.1,FALSE
32,Nam,5,8.025,5.5,1.6,3.45,2.1,78.5,5.3,426.2,15,17.7,FALSE
71,Nam,13.9,8.025,5.5,1.6,3.45,2.1,85.2,5.3,426.2,20.3,14.8,TRUE
81,Nam,9,8.025,5.1,1.5,3.45,6.7,85.2,5.3,426.2,25,21.6,TRUE
58,Nam,5.6,8.025,5.5,1.6,3.45,2.1,102.4,5.4,426.2,25,21.6,FALSE
24,Nam,6.3,8.025,5.5,1.6,3.45,2.1,208.6,8,426.2,41.9,29.9,FALSE
18,Nam,5.1,8.025,5.5,1.6,3.45,2.1,91.2,5.3,426.2,29.4,21.9,FALSE
16,Nam,3.9,8.025,5.5,1.6,3.45,2.1,71.7,5.3,426.2,15.1,11.5,FALSE
69,Nam,8.8,8.025,5.5,1.6,3.45,2.1,82.9,10,426.2,19.6,15.5,TRUE
46,Nữ,3.3,8.025,5.5,1.6,3.45,2.1,95.7,5.3,426.2,33.3,23.9,FALSE
64,Nam,6.4,8.025,5.5,1.6,3.45,2.1,74.4,2.6,426.2,19.7,20.4,FALSE
90,Nam,7.3,8.025,5.5,1.6,3.45,2.1,99.7,5.9,426.2,17.6,5.7,TRUE
39,Nữ,8.5,8.025,5.5,1.6,3.45,2.1,121.5,9.9,426.2,142.9,103.6,TRUE
17,Nam,3.9,8.025,5.5,1.6,3.45,2.1,66,5.3,426.2,14.9,11.2,FALSE
49,Nam,3.7,8.025,5.5,1.6,3.45,2.1,87.8,3.5,426.2,31.8,21.2,FALSE
39,Nữ,4.5,8.025,5.5,1.6,3.45,2.1,90.1,2.5,426.2,49.1,36.5,FALSE
69,Nữ,8.2,8.025,5.5,1.6,3.45,2.1,119.6,8.9,426.2,215.3,140.4,TRUE
58,Nam,6.6,8.025,5.5,1.6,3.45,2.1,97,5.3,426.2,26.3,20.2,FALSE
17,Nam,4.9,8.025,5.5,1.6,3.45,2.1,76.7,2.9,426.2,18.3,16,FALSE
64,Nam,12.1,8.025,5.5,1.6,3.45,2.1,84.7,3.6,426.2,22.4,19.8,TRUE
28,Nữ,5.6,8.025,5.5,1.6,3.45,2.1,97.5,5.3,426.2,33.2,26.5,FALSE
13,Nữ,7.7,8.025,5.5,1.6,3.45,2.1,88.5,5.3,426.2,21.3,18.2,TRUE
15,Nam,4.5,8.025,5.5,1.6,3.45,2.1,76.3,5.3,426.2,10.8,13.7,FALSE
37,Nam,4.4,8.025,5.5,1.6,3.45,2.1,65,5.3,426.2,12.8,11,FALSE
64,Nữ,3.9,8.025,5.5,1.6,3.45,2.1,208.2,16.7,592.4,44.1,51.7,FALSE
5,Nữ,5.6,8.025,5.5,1.6,3.45,2.1,62.4,2.9,426.2,37.8,17.3,FALSE
21,Nam,3.6,8.025,5.5,1.6,3.45,2.1,81.4,5.3,426.2,21.2,10.6,FALSE
54,Nữ,5.4,8.025,5.5,1.6,3.45,2.1,122.1,5.6,426.2,31.6,24.7,FALSE
69,Nam,4.3,8.025,5.5,1.6,3.45,2.1,84.3,5.5,426.2,23.4,23.5,FALSE
16,Nam,5.6,8.025,5.5,1.6,3.45,2.1,76.5,2.2,426.2,26.1,14.8,FALSE
68,Nam,5.9,8.025,5.5,1.6,3.45,2.1,148.4,9.2,426.2,19.5,19.5,FALSE
25,Nữ,4.9,8.025,5.5,1.6,3.45,2.1,105.8,5.3,426.2,30.5,25.4,FALSE
43,Nữ,6.9,8.025,5.5,1.6,3.45,2.1,128.5,6.6,426.2,40.7,39.1,FALSE
66,Nam,3,8.025,5.5,1.6,3.45,2.1,103.1,6.2,426.2,20.2,155.2,FALSE
84,Nữ,7.9,8.025,4.8,1.6,3.45,0.8,132.3,7.7,426.2,18.1,13.1,TRUE
54,Nữ,7.3,8.025,5.3,1.3,3.45,8.3,97.4,4.6,426.2,34.8,49.4,TRUE
57,Nữ,4.8,8.025,5.5,1.6,3.45,2.1,97.4,5.3,426.2,25,24.2,FALSE
19,Nam,5.6,8.025,5.5,1.6,3.45,2.1,80.7,5,426.2,19.3,18,FALSE
47,Nữ,9.4,8.025,5.5,1.6,3.45,2.1,118.3,3.9,426.2,198.7,67.8,TRUE
40,Nam,5.4,8.025,5.5,1.6,3.45,2.1,98,8.4,426.2,19.1,20.6,FALSE
43,Nữ,4.9,8.025,5.5,1.6,3.45,2.1,105.9,8,426.2,46.7,31.7,FALSE
17,Nam,4.4,8.025,5.5,1.6,3.45,2.1,85.6,5.3,426.2,29.9,37.5,FALSE
34,Nam,5.2,8.025,5.5,1.6,3.45,2.1,79.8,5.3,426.2,13.9,12.2,FALSE
5,Nam,5.1,8.025,5.5,1.6,3.45,2.1,63.9,4.4,426.2,32.1,18,FALSE
48,Nam,5.3,8.025,5.5,1.6,3.45,2.1,85.2,5.3,426.2,20.3,25.9,FALSE
6,Nữ,5.3,8.025,5.5,1.6,3.45,2.1,61.7,5.3,426.2,29.7,16.1,FALSE
30,Nam,3.5,8.025,5.5,1.6,3.45,2.1,81,5.3,426.2,39.8,31.9,FALSE
39,Nam,3.9,8.025,5.5,1.6,3.45,2.1,70.7,5.3,426.2,12.3,16.3,FALSE
43,Nam,5.3,8.025,5.5,1.6,3.45,2.1,85.2,4.9,426.2,18.4,37.3,FALSE
53,Nam,4.9,8.025,5.5,1.6,3.45,2.1,145.1,5.5,426.2,16,16.5,FALSE
60,Nữ,3.8,8.025,5.5,1.6,3.45,2.1,114.5,3.9,426.2,42,40,FALSE
23,Nam,3.6,8.025,5.5,1.6,3.45,2.1,79.5,2.6,426.2,21.6,22.6,FALSE
51,Nữ,7.1,8.025,5.5,1.6,3.45,2.1,124.9,9.9,571.2,33.8,42,TRUE
51,Nam,5.7,8.025,5.5,1.6,3.45,2.1,76.3,5.3,426.2,32.2,58.6,FALSE
34,Nữ,4.2,8.025,5.5,1.6,3.45,2.1,114.5,5.3,426.2,27.1,67.1,FALSE
19,Nam,5.9,8.025,5.5,1.6,3.45,2.1,57.3,5.3,426.2,12.2,12.3,FALSE
59,Nam,4.9,8.025,5.5,1.6,3.45,2.1,88.9,4.7,316.1,33.9,33.1,FALSE
2,Nam,4.2,8.025,5.5,1.6,3.45,2.1,29.2,3.7,426.2,50.3,55.4,FALSE
38,Nữ,6,8.025,5.5,1.6,3.45,2.1,94,5.3,426.2,13,17,FALSE
24,Nam,4.8,8.025,5.5,1.6,3.45,2.1,72.5,5.3,426.2,65.1,72.2,FALSE
65,Nữ,5.8,8.025,3.9,1.6,3.45,1.5,104.9,10.3,426.2,33.9,32,FALSE
57,Nữ,6.1,8.025,5.5,1.6,3.45,2.1,87.3,5,426.2,45.9,27.2,FALSE
42,Nam,5.7,8.025,9.7,1.6,3.45,1.5,99.5,5.3,426.2,16.9,14.1,FALSE
63,Nữ,6.2,8.025,5.5,1.6,3.45,2.1,111.6,5.3,426.2,21.7,19.5,FALSE
38,Nữ,5.3,8.025,6.3,1.6,3.45,3.4,102.8,5.5,426.2,120.6,145.1,FALSE
40,Nam,4,8.025,5.5,1.6,3.45,2.1,68.1,5.3,426.2,12,7.1,FALSE
34,Nam,9.5,8.025,5.5,1.6,3.45,2.1,86.7,3.2,426.2,14,16.8,TRUE
52,Nam,4,8.025,3.1,1.6,2.3,1.9,97.8,3.1,426.2,19.6,23.7,FALSE
39,Nữ,4.3,8.025,5.5,1.6,3.45,2.1,106.1,5.3,350.7,22.7,27.4,FALSE
59,Nữ,14.5,8.025,5.2,1.2,3.45,2.5,157.5,8.2,627.9,18.3,45.9,TRUE
24,Nam,5.2,8.025,5.5,1.6,3.45,2.1,76.8,5.3,426.2,11.9,8.5,FALSE
25,Nam,8.8,8.025,5.5,1.6,3.45,2.1,95,2.5,426.2,114.4,73.3,TRUE
82,Nam,3.9,8.025,4,1.6,3.45,1.1,86.2,4.8,426.2,23.1,18.9,FALSE
55,Nam,3.8,8.025,5.5,1.6,3.45,2.1,113.6,3.1,426.2,41,31,FALSE
43,Nam,6.3,8.025,5.5,1.6,3.45,2.1,89.1,3.9,426.2,11.2,12.1,FALSE
32,Nam,5.6,8.025,5.5,1.6,3.45,2.1,70.1,3.6,426.2,16.4,18.1,FALSE
12,Nam,4.2,8.025,5.5,1.6,3.45,2.1,71.8,2.6,426.2,24.6,22.4,FALSE
23,Nam,3.4,8.025,5.5,1.6,3.45,2.1,79,5.3,426.2,17.8,17,FALSE
48,Nữ,3.3,8.025,5.5,1.6,3.45,2.1,86.6,5.6,426.2,154.2,56.8,FALSE
26,Nữ,29.1,8.025,5.5,1.6,3.45,2.1,169.3,5.5,426.2,25.5,76.9,TRUE
54,Nữ,3.5,8.025,5.5,1.6,3.45,2.1,85.5,7,426.2,25.9,17.6,FALSE
42,Nữ,5.4,8.025,5.5,1.6,3.45,2.1,77.5,2.5,426.2,210.6,30.1,FALSE
69,Nam,4.4,8.025,5.5,1.6,3.45,2.1,117.3,7.6,426.2,63.5,62.2,FALSE
27,Nam,4.2,8.025,5.5,1.6,3.45,2.1,58.1,5.3,426.2,14.3,16.5,FALSE
60,Nữ,4.3,8.025,5.5,1.6,3.45,2.1,119.6,4.2,426.2,32.3,26.8,FALSE
8,Nữ,6,8.025,5.5,1.6,3.45,2.1,84.1,3.8,426.2,26.6,18.2,FALSE
54,Nữ,7,8.025,5.5,1.6,3.45,2.1,82.2,5.2,426.2,66.6,25.8,TRUE
35,Nam,5,8.025,5.5,1.6,3.45,2.1,85.2,5.3,426.2,19.5,18.3,FALSE
65,Nam,5.1,8.025,6.1,1.6,3.45,1.3,89.5,5.3,297.3,18.1,10.2,FALSE
69,Nữ,4.7,8.025,4.9,1.6,3.45,1.5,114.5,5.3,408.9,27.8,27.2,FALSE
46,Nữ,4.7,8.025,3.8,1.6,3.45,1,105,5.3,426.2,23.6,21.4,FALSE
65,Nam,5,8.025,5.4,1.6,3.45,1.5,85.2,5.3,426.2,25,21.6,FALSE
23,Nữ,6.8,8.025,5.5,1.6,3.45,2.1,132.7,5.3,426.2,62.2,58.3,FALSE
32,Nam,4.2,8.025,5.5,1.6,3.45,2.1,73.1,5.3,426.2,14.1,16.1,FALSE
24,Nam,5.6,8.025,5.5,1.6,3.45,2.1,71.4,5.3,426.2,17,15.4,FALSE
31,Nam,3.9,8.025,5.5,1.6,3.45,2.1,83,5.3,426.2,24.3,20.1,FALSE
47,Nữ,7.7,8.025,5.5,1.6,3.45,2.1,99.5,3.4,426.2,16.9,18.4,TRUE
46,Nữ,17.4,8.025,2.2,1.6,3.45,3.8,100.9,3.1,426.2,23.7,26,TRUE
60,Nam,3.9,8.025,5.5,1.6,3.45,2.1,94,5.3,426.2,34.5,31.7,FALSE
68,Nam,4.1,8.025,5.5,1.6,3.45,2.1,87.8,2.7,426.2,12.6,13.5,FALSE
72,Nam,3.8,8.025,5.5,1.6,3.45,2.1,163.7,8.2,426.2,22.7,12.5,FALSE
58,Nam,6.1,8.025,5.5,1.6,3.45,2.1,95.5,5.4,426.2,18.2,25.6,FALSE
51,Nam,5.2,8.025,5.5,1.6,3.45,2.1,125.5,8.8,426.2,38.7,26.6,FALSE
52,Nữ,5.7,8.025,5.5,1.6,3.45,2.1,103.5,6.1,426.2,16.7,30,FALSE
39,Nữ,7.1,8.025,5.5,1.6,3.45,2.1,113.7,3.9,426.2,26,30.8,TRUE
35,Nam,7.7,8.025,5.5,1.6,3.45,2.1,97.1,2.7,426.2,150.2,163.5,TRUE
75,Nữ,6.3,8.025,3.8,1.7,3.45,1.6,96,4.9,426.2,30.4,19.3,FALSE
76,Nam,6.8,5.4,4.2,1.6,3.45,1,85.2,5.3,426.2,25,21.6,FALSE
29,Nam,4.3,8.025,5.5,1.6,3.45,2.1,75.3,5.3,426.2,12.7,27,FALSE
20,Nam,4.4,8.025,5.5,1.6,3.45,2.1,61.6,5.3,426.2,18.2,21.4,FALSE
70,Nữ,8.1,8.3,3.8,1.2,3.45,1.1,85.2,5.3,426.2,25,21.6,TRUE
61,Nam,8,6.2,7.3,1.9,3.45,3.6,85.2,5.3,426.2,25,21.6,TRUE
68,Nam,3.9,8.025,5.5,1.6,3.45,2.1,71.2,6.2,426.2,28.8,51.5,FALSE
82,Nữ,4.8,8.025,4.3,1.6,3.7,1,113.8,5.9,361,28,26.9,FALSE
34,Nữ,5.4,8.025,5.5,1.6,3.45,2.1,117.1,4.6,476.9,26,27.7,FALSE
92,Nam,5.6,5.3,4.2,2.2,3.45,0.8,85.2,5.3,426.2,25,21.6,FALSE
24,Nam,3.5,8.025,5.5,1.6,3.45,2.1,92.2,5.3,426.2,17.7,11,FALSE
43,Nam,5.6,8.025,4.7,1.6,3.45,1.4,79.1,2.6,426.2,27.9,23.8,FALSE
31,Nam,5.9,8.025,5.5,1.6,3.45,2.1,85.2,5.3,426.2,197.4,185.4,FALSE
59,Nam,4.8,8.025,5.5,1.6,3.45,2.1,85.2,5.3,426.2,20.4,15.6,FALSE
16,Nữ,5.6,8.025,5.5,1.6,3.45,2.1,56.4,4.7,426.2,34.5,14.1,FALSE
81,Nam,5.2,8.025,4.2,1.4,3.45,2.7,85.2,5.3,426.2,25,21.6,FALSE
69,Nam,5.5,8.025,5.5,1.6,3.45,2.1,85.2,5.3,426.2,31,39,FALSE
57,Nam,4,8.025,5.5,1.6,3.45,2.1,105.7,6.8,426.2,23.1,26,FALSE
61,Nữ,4.9,8.025,5.6,1.6,3.45,7.7,121.6,5.7,500.3,25.2,41.7,FALSE
68,Nữ,6,8.025,5.5,1.6,3.45,2.1,113.9,4.9,426.2,26.5,15.8,FALSE
3,Nữ,10.4,8.025,5.5,1.6,3.45,2.1,65.9,5.3,426.2,25.5,14,TRUE
40,Nam,5.2,8.025,5.5,1.6,3.45,2.1,77.4,5.3,426.2,17,21.3,FALSE
24,Nam,3.9,8.025,5.5,1.6,3.45,2.1,78.9,2.1,426.2,38.5,30.6,FALSE
87,Nữ,5.1,8.025,4.3,1.6,2.9,1.1,96.6,5.6,426.2,28.5,16,FALSE
40,Nam,4.3,8.025,5.5,1.6,3.45,2.1,85.2,3.4,426.2,20.5,15.3,FALSE
68,Nam,4.7,8.025,4.3,1.6,3.45,3,78.1,4.8,426.2,22,25.4,FALSE
41,Nữ,6.3,8.025,5.5,1.6,3.45,2.1,95.5,5.3,426.2,46.8,53.7,FALSE
47,Nữ,5.9,8.025,5.4,1.6,3.45,0.6,99.9,5.3,296.5,19.9,13.7,FALSE
60,Nam,15.3,8.025,5.5,1.6,3.45,2.1,96.5,5.3,426.2,10.2,17.1,TRUE
30,Nam,4.8,8.025,5.5,1.6,3.45,2.1,91.6,5.3,426.2,33.2,43.8,FALSE
64,Nam,3.6,8.025,5.3,1.6,3.45,1.3,70,3.5,426.2,18.8,18.3,FALSE
71,Nam,7.7,8.025,5.5,1.6,3.45,2.1,125.2,8.9,426.2,43.2,53.1,TRUE
90,Nữ,5.2,8.025,5.3,1.6,4.6,1.7,96.6,3.1,426.2,20.1,27.8,FALSE
36,Nam,5.7,8.025,5.5,1.6,3.45,2.1,64,5.3,426.2,16,12.3,FALSE
42,Nam,5.6,8.025,5.5,1.6,3.45,2.1,84.9,6.3,426.2,43.1,21.6,FALSE
10,Nam,5.4,8.025,5.5,1.6,3.45,2.1,64.9,4.8,426.2,20.3,17.5,FALSE
20,Nữ,5,8.025,5.5,1.6,3.45,2.1,108.8,3.8,426.2,25.4,15.6,FALSE
41,Nam,4.3,8.025,5.5,1.6,3.45,2.1,102.9,5.3,426.2,24.2,22.4,FALSE
26,Nữ,4.7,8.025,5.5,1.6,3.45,2.1,104.4,5.3,426.2,22.4,25.7,FALSE
47,Nữ,4.6,8.025,5.5,1.6,3.45,2.1,125.6,5.3,426.2,23.6,25,FALSE
21,Nam,4.8,8.025,5.5,1.6,3.45,2.1,76.4,5.3,426.2,13,16.3,FALSE
27,Nam,5.3,8.025,5.5,1.6,3.45,2.1,65.6,5.3,426.2,15.2,17,FALSE
54,Nam,9,8.025,5.5,1.6,3.45,2.1,94.4,6.1,426.2,38,65.6,TRUE
32,Nữ,5.6,8.025,5.5,1.6,3.45,2.1,114.5,5.1,426.2,40.2,50.2,FALSE
57,Nam,5.9,8.025,5.5,1.6,3.45,2.1,83.6,3.2,426.2,27.4,29.3,FALSE
20,Nữ,4.5,8.025,5.5,1.6,3.45,2.1,92.5,2.5,426.2,14.5,12.8,FALSE
37,Nữ,4.5,8.025,5.7,1.6,5.2,3.4,87.9,3.8,426.2,62.8,122,FALSE
71,Nữ,4.9,8.025,5.5,1.6,3.45,2.1,94.8,5.2,426.2,28.2,31.8,FALSE
20,Nam,4.3,8.025,5.5,1.6,3.45,2.1,67,5.3,426.2,22.5,28.5,FALSE
60,Nữ,8.9,9.9,3.6,1.6,3.45,2.1,113.3,3.7,426.2,33.7,29.9,TRUE
34,Nam,5.6,8.025,5.5,1.6,3.45,2.1,92,5.2,426.2,23.8,15.2,FALSE
80,Nữ,5.6,8.025,4.4,1.6,3.5,0.8,112.9,5.8,426.2,14.6,11.5,FALSE
47,Nam,5.6,8.025,5.5,1.6,3.45,2.1,89.8,4.4,426.2,18.2,26.6,FALSE
64,Nam,4.4,8.025,5.5,1.6,3.45,2.1,85.2,5.9,426.2,28.9,25.4,FALSE
65,Nam,5.6,8.025,5.5,1.6,3.45,2.1,87.5,6.2,342.6,19.6,35.6,FALSE
13,Nam,5.1,8.025,5.5,1.6,3.45,2.1,74.1,3.1,426.2,21,16.5,FALSE
2,Nữ,5.6,8.025,5.5,1.6,3.45,2.1,42.3,4.7,426.2,29.4,18.8,FALSE
62,Nữ,4,8.025,5.5,1.6,3.45,2.1,96.2,7.8,426.2,26.2,15.8,FALSE
62,Nữ,5.6,8.025,5.5,1.6,3.45,2.1,117.1,5.3,476.4,21,29.4,FALSE
63,Nam,4.3,8.025,5.5,1.6,3.45,2.1,104.3,7.6,426.2,13.5,23,FALSE
17,Nam,5.1,8.025,5.5,1.6,3.45,2.1,83.2,5.3,426.2,14.6,20.2,FALSE
50,Nữ,4.7,8.025,5.5,1.6,3.45,2.1,115.7,6,426.2,74.9,53.1,FALSE
48,Nữ,8.1,8.025,5.5,1.6,3.45,2.1,107.6,4,426.2,21.5,16.2,TRUE
66,Nam,6.5,8.025,5.5,1.6,3.45,2.1,103,4.4,426.2,12,18.4,FALSE
12,Nam,5.6,8.025,5.5,1.6,3.45,2.1,76.9,4.7,426.2,43.4,38.5,FALSE
71,Nữ,5.3,8.025,3.4,1.6,2.2,0.6,85.2,9.4,556.6,21,17.6,FALSE
74,Nam,8,8.025,4.2,1.6,3.4,2.1,102.4,4.8,426.2,22,28.5,TRUE
59,Nam,7,8.025,7.2,1.6,5.9,2.1,91.9,5.9,375,26.2,10.6,TRUE
28,Nam,6.4,8.025,5.5,1.6,3.45,2.1,67.7,5.3,426.2,19.3,19.2,FALSE
64,Nam,5.3,8.025,5.5,1.6,3.45,2.1,85.1,5,426.2,36.5,25.9,FALSE
68,Nữ,7.3,8.025,5.5,1.6,3.45,2.1,175.9,13.1,807.2,35.4,22.7,TRUE
18,Nam,4.3,8.025,5.5,1.6,3.45,2.1,64.8,2.2,426.2,22.9,24,FALSE
57,Nữ,8.9,8.025,5.5,1.6,3.45,2.1,117.5,5.3,426.2,19.7,21.2,TRUE
42,Nữ,7.6,8.025,5.5,1.6,3.45,2.1,112,5.3,426.2,23.7,24.8,TRUE
18,Nam,3.6,8.025,5.5,1.6,3.45,2.1,70,5.3,426.2,18.8,18.3,FALSE
20,Nam,4.1,8.025,5.5,1.6,3.45,2.1,69.6,5.3,426.2,13.8,11.6,FALSE
60,Nữ,4.7,8.025,8.9,1.6,4.3,14.2,85.2,5.3,426.2,37.2,44.5,FALSE
43,Nam,6.2,8.025,5.5,1.6,3.45,2.1,111.9,5.3,426.2,23.5,32.4,FALSE
35,Nam,7,8.025,5.5,1.6,3.45,2.1,106.4,6.3,426.2,37.9,57,TRUE
65,Nam,9.6,8.025,5.5,1.6,3.45,2.1,91.3,8.3,426.2,21.5,16.8,TRUE
